 written on  3Sep2026 at 08:14:26 
   2.1354903421575360       -1.2329259238968218        0.0000000000000000     
   2.1354903421575360        1.2329259238968218        0.0000000000000000     
   0.0000000000000000        0.0000000000000000        15.875316257699998     
           5
          73
    2    2    2    1    1    1    2    2    1    1    1    1    1    1    2
    2    1    1    1    1    1    1    1    2    1    1    1    1    1    1
    1    1    2    1    1    1    1    1    1    1    2    1    1    1    1
    1    1    1    1    2    1    1    1    1    1    1    1    2    2    1
    1    1    1    1    1    2    2    1    1    1    2    2    2

   -5    2    0
    1    1   -0.59307896E-04  0.12420620E-12
    2    1    0.61888766E-06  0.45739107E-12
    3    1    0.69360783E-04  0.48940019E-13
    4    1    0.47026959E-10 -0.15962018E-11
    5    1   -0.25960471E-10 -0.82228551E-10
    1    2    0.42663244E-04 -0.49620724E-12
    2    2   -0.57068633E-05  0.43992587E-13
    3    2    0.42663278E-04  0.14400287E-12
    4    2    0.16242215E-10  0.10122304E-10
    5    2   -0.47634900E-12 -0.63900504E-10
    1    3    0.69360828E-04  0.59133254E-13
    2    3    0.61892383E-06  0.20951296E-12
    3    3   -0.59307841E-04 -0.16409096E-12
    4    3   -0.18645825E-10  0.67555878E-10
    5    3   -0.19700504E-10  0.39866297E-10
    1    4    0.83275719E-10 -0.38159330E-10
    2    4    0.50605507E-11 -0.26656880E-10
    3    4   -0.31354426E-10 -0.54554732E-11
    4    4    0.99632681E-04 -0.21027000E-11
    5    4   -0.20478408E-02 -0.46951415E-10
    1    5   -0.49953830E-10  0.54282371E-10
    2    5    0.83176605E-11  0.31021528E-10
    3    5   -0.91187721E-11 -0.61517565E-10
    4    5    0.31036431E-03 -0.39869913E-10
    5    5    0.99632711E-04  0.41227646E-11

   -5    3    0
    1    1   -0.59307878E-04 -0.36359804E-12
    2    1    0.69360757E-04 -0.41341930E-12
    3    1    0.61888408E-06 -0.65883410E-12
    4    1    0.52442996E-10 -0.11970132E-10
    5    1   -0.72195925E-10 -0.39145807E-11
    1    2    0.69360757E-04  0.36204373E-12
    2    2   -0.59307878E-04  0.29215519E-12
    3    2    0.61888338E-06  0.91940344E-13
    4    2   -0.51336363E-11 -0.53340071E-10
    5    2    0.11261226E-10  0.33701706E-10
    1    3    0.42663367E-04  0.16492363E-12
    2    3    0.42663366E-04  0.59688365E-13
    3    3   -0.57068443E-05  0.75078832E-13
    4    3    0.41554979E-10 -0.40866239E-10
    5    3    0.25093966E-10 -0.54086141E-10
    1    4    0.41589089E-10 -0.54896879E-10
    2    4   -0.22739349E-10 -0.37907152E-11
    3    4    0.42208674E-10  0.52883818E-10
    4    4    0.99632655E-04  0.41981897E-10
    5    4    0.35282632E-02  0.17513269E-10
    1    5   -0.45181165E-10  0.69028927E-11
    2    5    0.75842313E-11 -0.62443019E-10
    3    5    0.16388543E-10  0.38896446E-10
    4    5   -0.23893080E-02 -0.79510939E-10
    5    5    0.99632681E-04  0.37559046E-10

   -4    0    0
    1    1    0.32157619E-02 -0.82979294E-15
    2    1   -0.25009000E-03  0.45305044E-12
    3    1   -0.42771418E-02 -0.39161036E-12
    4    1   -0.10112249E-09 -0.15109047E-10
    5    1    0.54716637E-10  0.10458721E-09
    1    2   -0.25009000E-03 -0.45334906E-12
    2    2   -0.23886088E-03 -0.87490004E-15
    3    2   -0.25009332E-03 -0.67290618E-12
    4    2   -0.14533261E-10 -0.19054777E-10
    5    2    0.26960036E-10  0.67409639E-10
    1    3   -0.42771418E-02  0.39108994E-12
    2    3   -0.25009332E-03  0.67261474E-12
    3    3    0.32157583E-02 -0.88787485E-15
    4    3    0.79804022E-10 -0.24442664E-10
    5    3   -0.52132013E-11 -0.38342711E-10
    1    4   -0.10112249E-09  0.15109047E-10
    2    4   -0.14533261E-10  0.19054777E-10
    3    4    0.79804022E-10  0.24442664E-10
    4    4   -0.29943326E-02 -0.24222586E-15
    5    4    0.23142558E-02 -0.41873477E-10
    1    5    0.54716637E-10 -0.10458721E-09
    2    5    0.26960036E-10 -0.67409639E-10
    3    5   -0.52132013E-11  0.38342711E-10
    4    5    0.23142558E-02  0.41872755E-10
    5    5   -0.29943325E-02 -0.23585421E-15

   -4    1    0
    1    1   -0.16552038E-03  0.14294121E-12
    2    1    0.42661264E-04  0.71519179E-13
    3    1    0.33130086E-04  0.59049987E-14
    4    1   -0.45432517E-10 -0.21045936E-11
    5    1    0.73400638E-10 -0.10087792E-10
    1    2    0.10219032E-02  0.86033264E-12
    2    2    0.55453318E-04 -0.61645133E-12
    3    2   -0.25009739E-03 -0.19791807E-12
    4    2    0.43519048E-10  0.65118697E-10
    5    2   -0.18952254E-10 -0.34126567E-10
    1    3    0.16089858E-03  0.98077102E-12
    2    3   -0.16370065E-03 -0.99975583E-13
    3    3    0.85028684E-04  0.45310977E-12
    4    3    0.84101964E-10  0.41684567E-10
    5    3   -0.96053861E-10  0.19784745E-10
    1    4   -0.41236059E-10  0.80985761E-10
    2    4   -0.10409903E-09  0.29966778E-10
    3    4   -0.59155852E-10 -0.32741999E-10
    4    4    0.80820176E-03 -0.49033860E-10
    5    4   -0.68698836E-03 -0.70653483E-11
    1    5    0.10177025E-09 -0.33820312E-10
    2    5    0.13027494E-09  0.47508893E-10
    3    5    0.27537563E-10 -0.36972728E-10
    4    5    0.44514953E-03  0.29584779E-10
    5    5    0.80820174E-03 -0.35669273E-10

   -4    2    0
    1    1   -0.30937499E-03 -0.50265347E-13
    2    1    0.69358890E-04 -0.63951622E-12
    3    1    0.69358791E-04  0.20775048E-13
    4    1   -0.48749695E-10 -0.50579558E-10
    5    1    0.70635549E-10  0.87202760E-11
    1    2    0.45151148E-03  0.94679820E-12
    2    2    0.56053715E-05 -0.57850946E-12
    3    2   -0.16369523E-03  0.66291417E-12
    4    2    0.97296126E-10 -0.92607504E-10
    5    2   -0.11234382E-09 -0.32666391E-10
    1    3    0.45151211E-03  0.63042627E-12
    2    3   -0.16369524E-03 -0.10525608E-11
    3    3    0.56053150E-05  0.67731931E-12
    4    3    0.82398081E-10 -0.35699732E-10
    5    3   -0.11447815E-09 -0.78504332E-10
    1    4   -0.33222596E-10  0.22065000E-10
    2    4   -0.17893930E-09  0.23988144E-11
    3    4   -0.11783194E-09  0.80031974E-10
    4    4    0.42323600E-03  0.30338607E-10
    5    4   -0.20478409E-02  0.36557687E-10
    1    5   -0.84681721E-10 -0.79295095E-10
    2    5    0.11306503E-09 -0.95397236E-10
    3    5    0.71979288E-10  0.15724978E-10
    4    5    0.44514948E-03 -0.82384433E-10
    5    5    0.42323596E-03  0.22370307E-10

   -4    3    0
    1    1   -0.16552057E-03 -0.40387138E-12
    2    1    0.33129975E-04  0.21173341E-12
    3    1    0.42661091E-04 -0.11017576E-12
    4    1   -0.85490950E-10  0.18338943E-10
    5    1    0.72462261E-10  0.49488706E-10
    1    2    0.16089719E-03 -0.36096126E-13
    2    2    0.85028885E-04 -0.22140623E-12
    3    2   -0.16370064E-03  0.97141739E-12
    4    2    0.73705271E-10  0.70240685E-10
    5    2   -0.15395457E-09  0.18608192E-10
    1    3    0.10219033E-02 -0.85438601E-13
    2    3   -0.25009787E-03 -0.45998622E-12
    3    3    0.55453332E-04  0.59802163E-12
    4    3    0.50698762E-10  0.94138053E-10
    5    3   -0.16395296E-09 -0.10399660E-10
    1    4    0.71143853E-11  0.36191611E-10
    2    4   -0.62406953E-10  0.65408970E-10
    3    4   -0.12461180E-09 -0.29924233E-10
    4    4    0.80820181E-03  0.69764246E-10
    5    4   -0.20478408E-02 -0.36520648E-10
    1    5   -0.19774225E-10 -0.36087241E-11
    2    5    0.32417055E-10 -0.15412432E-10
    3    5    0.46468696E-10 -0.65868442E-10
    4    5    0.23142558E-02 -0.57392285E-11
    5    5    0.80820178E-03  0.62214015E-10

   -4    4    0
    1    1    0.32157603E-02  0.40803879E-16
    2    1   -0.42771416E-02  0.94443573E-12
    3    1   -0.25009229E-03  0.31653499E-12
    4    1   -0.45241420E-10  0.85122471E-11
    5    1    0.67243833E-10 -0.38336027E-10
    1    2   -0.42771416E-02 -0.94444267E-12
    2    2    0.32157603E-02  0.56290245E-16
    3    2   -0.25009229E-03  0.24557439E-12
    4    2    0.18991306E-10 -0.95378870E-11
    5    2   -0.47927854E-10 -0.54934031E-10
    1    3   -0.25009229E-03 -0.31654193E-12
    2    3   -0.25009229E-03 -0.24557439E-12
    3    3   -0.23886118E-03 -0.91112300E-17
    4    3    0.65769801E-11 -0.57501302E-10
    5    3   -0.35681927E-10 -0.95586919E-10
    1    4   -0.45241420E-10 -0.85122471E-11
    2    4    0.18991306E-10  0.95378870E-11
    3    4    0.65769801E-11  0.57501302E-10
    4    4   -0.29943326E-02  0.30288381E-16
    5    4   -0.68698844E-03 -0.55675686E-10
    1    5    0.67243833E-10  0.38336027E-10
    2    5   -0.47927854E-10  0.54934031E-10
    3    5   -0.35681927E-10  0.95586919E-10
    4    5   -0.68698844E-03  0.55675659E-10
    5    5   -0.29943326E-02  0.73296646E-17

   -3   -2    0
    1    1   -0.59307896E-04 -0.12387313E-12
    2    1    0.42663244E-04  0.49617255E-12
    3    1    0.69360828E-04 -0.59147132E-13
    4    1    0.83275719E-10  0.38159330E-10
    5    1   -0.49953830E-10 -0.54282371E-10
    1    2    0.61888766E-06 -0.45743964E-12
    2    2   -0.57068633E-05 -0.43465231E-13
    3    2    0.61892383E-06 -0.20951296E-12
    4    2    0.50605507E-11  0.26656880E-10
    5    2    0.83176605E-11 -0.31021528E-10
    1    3    0.69360783E-04 -0.48835935E-13
    2    3    0.42663278E-04 -0.14378776E-12
    3    3   -0.59307841E-04  0.16464607E-12
    4    3   -0.31354426E-10  0.54554732E-11
    5    3   -0.91187721E-11  0.61517565E-10
    1    4    0.47026959E-10  0.15962018E-11
    2    4    0.16242215E-10 -0.10122304E-10
    3    4   -0.18645825E-10 -0.67555878E-10
    4    4    0.99632681E-04  0.21027867E-11
    5    4    0.31036431E-03  0.39869885E-10
    1    5   -0.25960471E-10  0.82228551E-10
    2    5   -0.47634900E-12  0.63900504E-10
    3    5   -0.19700504E-10 -0.39866297E-10
    4    5   -0.20478408E-02  0.46951609E-10
    5    5    0.99632711E-04 -0.41226571E-11

   -3   -1    0
    1    1    0.85028781E-04 -0.14362264E-13
    2    1   -0.25009915E-03  0.32263046E-12
    3    1    0.33129745E-04  0.42250925E-12
    4    1    0.59206108E-10 -0.11889465E-10
    5    1   -0.67905807E-10 -0.20788756E-10
    1    2   -0.16370056E-03 -0.11421939E-11
    2    2    0.55453085E-04 -0.78404778E-12
    3    2    0.42661225E-04 -0.31256941E-12
    4    2    0.36653312E-11 -0.73400010E-10
    5    2    0.45632815E-11  0.11039841E-10
    1    3    0.16089891E-03  0.18537255E-12
    2    3    0.10219067E-02 -0.69814293E-12
    3    3   -0.16552023E-03  0.78285554E-12
    4    3   -0.83755665E-10 -0.53894317E-10
    5    3    0.44196812E-10 -0.15819506E-10
    1    4    0.68520904E-10 -0.47834120E-10
    2    4    0.93422346E-10 -0.27088765E-10
    3    4    0.27853729E-10  0.37859920E-10
    4    4    0.80820177E-03 -0.20430180E-10
    5    4   -0.23893079E-02 -0.10587128E-10
    1    5   -0.19879177E-09 -0.10435668E-09
    2    5   -0.24208423E-09 -0.11075839E-09
    3    5   -0.64480001E-10  0.58374171E-10
    4    5    0.19288947E-02  0.63287889E-10
    5    5    0.80820176E-03 -0.31448001E-10

   -3    0    0
    1    1    0.85699286E-02 -0.98254738E-13
    2    1    0.10218712E-02 -0.16122728E-11
    3    1   -0.42771632E-02 -0.20456206E-12
    4    1   -0.15122657E-10  0.40015907E-10
    5    1   -0.28070486E-10 -0.23383719E-11
    1    2   -0.25742154E-02  0.18195931E-11
    2    2   -0.77949091E-03 -0.78448359E-12
    3    2    0.10218638E-02  0.43670623E-12
    4    2   -0.19195976E-09  0.80376474E-10
    5    2    0.68036635E-10  0.55224638E-10
    1    3   -0.19906153E-01  0.97760688E-12
    2    3   -0.25742263E-02 -0.54303784E-12
    3    3    0.85699191E-02  0.85817464E-12
    4    3   -0.25867031E-09 -0.19737606E-11
    5    3    0.10483729E-09  0.69206646E-10
    1    4    0.11841178E-09  0.31642262E-10
    2    4    0.27020455E-09  0.37135964E-10
    3    4    0.16140745E-09 -0.71661410E-10
    4    4   -0.10294459E-02 -0.11164424E-09
    5    4    0.23142557E-02  0.16917710E-10
    1    5    0.26241293E-09  0.24353890E-09
    2    5   -0.47232520E-10  0.20139917E-09
    3    5   -0.23222156E-09  0.41823713E-10
    4    5   -0.93731439E-03  0.23126778E-09
    5    5   -0.10294459E-02 -0.11781724E-09

   -3    1    0
    1    1   -0.15802750E-02 -0.15290547E-12
    2    1    0.45153573E-03 -0.20902308E-11
    3    1    0.16087516E-03 -0.84411644E-12
    4    1    0.13011083E-09 -0.11911632E-09
    5    1   -0.53678614E-10  0.11485860E-10
    1    2    0.75650734E-02  0.37397724E-11
    2    2    0.32803195E-03 -0.14896417E-12
    3    2   -0.25742804E-02  0.11806944E-11
    4    2   -0.10134202E-09 -0.20226194E-09
    5    2    0.24922277E-09  0.52728068E-11
    1    3    0.22993142E-02  0.15927815E-11
    2    3   -0.15505974E-02 -0.11552564E-11
    3    3    0.75646216E-03  0.25660030E-12
    4    3   -0.17038415E-09 -0.72842423E-10
    5    3    0.29724627E-09  0.26256376E-10
    1    4   -0.25774050E-09 -0.88757840E-10
    2    4    0.26583078E-09 -0.13160332E-09
    3    4    0.37248140E-09 -0.74267990E-10
    4    4    0.20271900E-02 -0.27551551E-10
    5    4    0.19288947E-02  0.79013240E-10
    1    5    0.11980844E-09  0.66990533E-10
    2    5   -0.12962286E-09 -0.13108161E-09
    3    5   -0.20237881E-09  0.12580692E-09
    4    5   -0.17024610E-01 -0.10066147E-09
    5    5    0.20271900E-02 -0.40290105E-10

   -3    2    0
    1    1   -0.15802762E-02 -0.19498292E-12
    2    1    0.16087683E-03 -0.10307102E-11
    3    1    0.45153463E-03  0.43588744E-12
    4    1   -0.34382781E-10  0.30744297E-12
    5    1   -0.80383901E-10  0.95216189E-10
    1    2    0.22993023E-02  0.15596552E-11
    2    2    0.75646369E-03 -0.73210882E-12
    3    2   -0.15505971E-02  0.17900403E-11
    4    2   -0.16376155E-09  0.12835232E-09
    5    2    0.33458370E-09  0.19600452E-09
    1    3    0.75650734E-02  0.47292031E-12
    2    3   -0.25742802E-02 -0.11933510E-11
    3    3    0.32803161E-03  0.94585451E-12
    4    3   -0.34365313E-09  0.10771834E-10
    5    3    0.42744830E-09  0.18450158E-09
    1    4    0.20054732E-09  0.11464010E-10
    2    4    0.24357087E-09  0.66579528E-10
    3    4    0.41683977E-09 -0.92442886E-10
    4    4    0.20271901E-02  0.83945038E-10
    5    4    0.51753534E-03 -0.65456807E-10
    1    5   -0.24799271E-09  0.76311323E-10
    2    5   -0.18680211E-09  0.62038842E-10
    3    5   -0.28965215E-09 -0.77183469E-10
    4    5   -0.93731446E-03  0.16459344E-09
    5    5    0.20271901E-02  0.90417160E-10

   -3    3    0
    1    1    0.85699243E-02 -0.30902813E-12
    2    1   -0.42771638E-02  0.94317142E-13
    3    1    0.10218705E-02  0.12213980E-11
    4    1   -0.30088919E-11  0.62106755E-10
    5    1    0.19195975E-10 -0.61393511E-10
    1    2   -0.19906149E-01 -0.13085403E-11
    2    2    0.85699243E-02 -0.82714581E-12
    3    2   -0.25742273E-02  0.97134106E-12
    4    2   -0.12575444E-09 -0.71160087E-10
    5    2    0.28687455E-09  0.11452251E-10
    1    3   -0.25742273E-02 -0.13701471E-11
    2    3    0.10218705E-02  0.28781144E-12
    3    3   -0.77949176E-03  0.11383960E-11
    4    3   -0.15313468E-09 -0.12540201E-09
    5    3    0.33045149E-09  0.50941137E-10
    1    4    0.18953077E-09 -0.49598750E-10
    2    4    0.11953353E-09 -0.25045997E-10
    3    4    0.22402106E-09  0.36413722E-10
    4    4   -0.10294460E-02 -0.90353017E-10
    5    4    0.19288947E-02 -0.54615965E-10
    1    5   -0.13372558E-09  0.15076672E-09
    2    5   -0.45630484E-10  0.20480290E-10
    3    5   -0.70391126E-10  0.70851962E-10
    4    5    0.19288947E-02  0.13286523E-09
    5    5   -0.10294459E-02 -0.81995720E-10

   -3    4    0
    1    1    0.85028884E-04  0.24652502E-12
    2    1    0.33129976E-04 -0.10263318E-12
    3    1   -0.25009786E-03  0.54336743E-12
    4    1    0.50252136E-10 -0.79045423E-11
    5    1   -0.49361266E-10 -0.43816431E-10
    1    2    0.16089718E-03 -0.12200518E-11
    2    2   -0.16552057E-03 -0.68550721E-12
    3    2    0.10219033E-02  0.29315439E-12
    4    2    0.15146344E-10 -0.98785211E-10
    5    2    0.11406020E-09  0.97092884E-10
    1    3   -0.16370064E-03  0.33635594E-12
    2    3    0.42661091E-04  0.34194869E-13
    3    3    0.55453331E-04  0.46038173E-12
    4    3   -0.48187451E-10  0.33505260E-10
    5    3    0.69848366E-10  0.98879229E-10
    1    4    0.67920101E-10 -0.10004602E-09
    2    4   -0.50608188E-11 -0.18006524E-10
    3    4    0.61290738E-10 -0.66700600E-10
    4    4    0.80820180E-03 -0.78068246E-10
    5    4    0.23142558E-02  0.33659624E-10
    1    5   -0.75682521E-10 -0.98546639E-11
    2    5    0.67780506E-11 -0.44882739E-10
    3    5   -0.36439985E-10 -0.75166146E-10
    4    5   -0.20478408E-02  0.58458183E-10
    5    5    0.80820178E-03 -0.79587767E-10

   -3    5    0
    1    1   -0.59307878E-04  0.36362580E-12
    2    1    0.69360757E-04 -0.36183556E-12
    3    1    0.42663367E-04 -0.16474322E-12
    4    1    0.41589089E-10  0.54896879E-10
    5    1   -0.45181165E-10 -0.69028927E-11
    1    2    0.69360757E-04  0.41319725E-12
    2    2   -0.59307878E-04 -0.29204417E-12
    3    2    0.42663366E-04 -0.59896532E-13
    4    2   -0.22739349E-10  0.37907152E-11
    5    2    0.75842313E-11  0.62443019E-10
    1    3    0.61888408E-06  0.65870920E-12
    2    3    0.61888338E-06 -0.91898711E-13
    3    3   -0.57068443E-05 -0.74967810E-13
    4    3    0.42208674E-10 -0.52883818E-10
    5    3    0.16388543E-10 -0.38896446E-10
    1    4    0.52442996E-10  0.11970132E-10
    2    4   -0.51336363E-11  0.53340071E-10
    3    4    0.41554979E-10  0.40866239E-10
    4    4    0.99632655E-04 -0.41981904E-10
    5    4   -0.23893080E-02  0.79510967E-10
    1    5   -0.72195925E-10  0.39145807E-11
    2    5    0.11261226E-10 -0.33701706E-10
    3    5    0.25093966E-10  0.54086141E-10
    4    5    0.35282632E-02 -0.17513269E-10
    5    5    0.99632681E-04 -0.37559088E-10

   -2   -3    0
    1    1   -0.57068636E-05  0.44567128E-12
    2    1    0.61888796E-06  0.36731035E-12
    3    1    0.61892400E-06 -0.12183310E-12
    4    1   -0.78921052E-10 -0.52234428E-11
    5    1    0.74824188E-10 -0.22352846E-10
    1    2    0.42663244E-04  0.68903216E-14
    2    2   -0.59307896E-04 -0.25451863E-12
    3    2    0.69360829E-04 -0.62638783E-12
    4    2    0.39054159E-10  0.10653077E-10
    5    2   -0.11300850E-10 -0.17095897E-10
    1    3    0.42663277E-04  0.13701193E-12
    2    3    0.69360783E-04  0.45484450E-12
    3    3   -0.59307841E-04 -0.15257240E-12
    4    3    0.26967750E-10  0.52966526E-10
    5    3   -0.72718957E-10  0.30553378E-10
    1    4   -0.45835587E-10 -0.73856612E-11
    2    4   -0.35634038E-10  0.39114282E-11
    3    4   -0.76257873E-10 -0.25838932E-10
    4    4    0.99632702E-04  0.64921280E-10
    5    4    0.31036430E-03 -0.23253205E-10
    1    5    0.94169424E-10  0.77720775E-10
    2    5    0.99116902E-10  0.89728890E-10
    3    5    0.60898790E-10 -0.61300260E-10
    4    5   -0.20478408E-02 -0.65587480E-10
    5    5    0.99632727E-04  0.58591906E-10

   -2   -2    0
    1    1    0.56052107E-05  0.30416072E-12
    2    1   -0.16369545E-03  0.34982745E-12
    3    1    0.69358880E-04  0.10517837E-11
    4    1    0.68950736E-11 -0.69067151E-10
    5    1    0.38499259E-10  0.18461697E-10
    1    2   -0.16369546E-03 -0.68378279E-12
    2    2    0.56052107E-05 -0.10536099E-11
    3    2    0.69358881E-04 -0.11504547E-11
    4    2    0.80460237E-10 -0.60975602E-10
    5    2   -0.19620192E-10 -0.18451481E-10
    1    3    0.45151175E-03  0.66481542E-12
    2    3    0.45151175E-03 -0.94813046E-12
    3    3   -0.30937473E-03  0.76631322E-12
    4    3    0.10335293E-09  0.48293475E-10
    5    3   -0.16198360E-10 -0.42855289E-10
    1    4   -0.12280232E-09 -0.57905261E-10
    2    4   -0.16688141E-09 -0.28519910E-10
    3    4   -0.35060068E-10  0.46931696E-10
    4    4    0.42323593E-03  0.26519181E-10
    5    4    0.31036426E-03 -0.27170544E-10
    1    5    0.71955780E-10 -0.19894564E-09
    2    5    0.16387711E-09 -0.23027286E-09
    3    5    0.88038679E-10  0.46652314E-10
    4    5    0.51753535E-03 -0.39543036E-10
    5    5    0.42323591E-03  0.13270741E-10

   -2   -1    0
    1    1    0.75646241E-03 -0.12387313E-12
    2    1   -0.25742879E-02 -0.24347122E-11
    3    1    0.16087472E-03  0.10535808E-11
    4    1   -0.11901114E-09  0.17876195E-09
    5    1    0.17255494E-10  0.32243790E-10
    1    2   -0.15505978E-02  0.47482157E-12
    2    2    0.32802988E-03 -0.17858492E-11
    3    2    0.45153531E-03  0.74979606E-12
    4    2    0.12586106E-09  0.27224551E-09
    5    2   -0.11693387E-09 -0.12617111E-10
    1    3    0.22993136E-02  0.10075968E-11
    2    3    0.75650963E-02 -0.30287300E-11
    3    3   -0.15802732E-02  0.18664792E-11
    4    3    0.20001154E-09  0.48007503E-10
    5    3   -0.53928695E-10 -0.28916338E-10
    1    4   -0.96291590E-10  0.15897108E-09
    2    4   -0.36107670E-09  0.12083853E-09
    3    4   -0.10840207E-09 -0.70784902E-10
    4    4    0.20271901E-02 -0.10844679E-09
    5    4    0.44514953E-03  0.29524272E-10
    1    5    0.25472340E-09  0.24025329E-09
    2    5    0.80756746E-09  0.38513147E-09
    3    5    0.17838368E-09  0.10901859E-10
    4    5   -0.12930142E-01  0.22714094E-09
    5    5    0.20271901E-02 -0.12391825E-09

   -2    0    0
    1    1    0.52157820E-01 -0.31447067E-12
    2    1    0.75650922E-02 -0.42463255E-11
    3    1   -0.19906226E-01 -0.88480612E-12
    4    1    0.12411400E-09 -0.17422513E-09
    5    1    0.13287673E-09 -0.75234977E-10
    1    2   -0.22604620E-01  0.25124902E-11
    2    2   -0.70135339E-02 -0.54589666E-12
    3    2    0.75650461E-02  0.29080072E-11
    4    2    0.68877649E-09 -0.28541060E-09
    5    2   -0.35118334E-09 -0.19685244E-09
    1    3   -0.14650834E+00  0.24427821E-11
    2    3   -0.22604699E-01 -0.12788937E-11
    3    3    0.52157759E-01  0.85115248E-12
    4    3    0.24625531E-09  0.24062642E-09
    5    3   -0.23092476E-09 -0.12054514E-09
    1    4   -0.35008018E-09 -0.19830881E-09
    2    4   -0.88998205E-09 -0.55619525E-10
    3    4   -0.45526372E-09  0.10810609E-09
    4    4   -0.73459966E-02 -0.22433652E-09
    5    4   -0.93731446E-03  0.24202117E-09
    1    5   -0.45107464E-09 -0.84532056E-09
    2    5    0.31730814E-09 -0.94590704E-09
    3    5   -0.68895878E-11  0.15493145E-09
    4    5    0.16091010E-01  0.80797452E-11
    5    5   -0.73459966E-02 -0.25231656E-09

   -2    1    0
    1    1   -0.16578878E-01  0.58009153E-12
    2    1    0.22992919E-02 -0.25665581E-11
    3    1    0.22992752E-02 -0.16703305E-11
    4    1    0.93683521E-11  0.23846181E-09
    5    1   -0.13529160E-09  0.71154176E-10
    1    2    0.81299858E-01  0.18760896E-11
    2    2    0.78635123E-02 -0.52924332E-12
    3    2   -0.22604524E-01  0.20722729E-11
    4    2   -0.11570599E-09  0.55641759E-09
    5    2   -0.76460426E-09 -0.30012962E-10
    1    3    0.81299927E-01  0.30207122E-11
    2    3   -0.22604530E-01 -0.10456913E-11
    3    3    0.78635032E-02 -0.12023715E-12
    4    3    0.21257433E-09  0.92109168E-09
    5    3   -0.91587206E-09 -0.42802943E-09
    1    4    0.14790690E-08 -0.38576913E-09
    2    4   -0.11142530E-08  0.49142463E-09
    3    4   -0.80853711E-09  0.10140149E-10
    4    4    0.44603635E-01  0.36911585E-09
    5    4   -0.12930142E-01 -0.83861862E-10
    1    5   -0.23617932E-08  0.12455734E-08
    2    5    0.85575771E-09 -0.12615584E-09
    3    5   -0.13535497E-09 -0.36959392E-09
    4    5    0.16091008E-01  0.48766755E-10
    5    5    0.44603634E-01  0.24609104E-09

   -2    2    0
    1    1    0.52157794E-01  0.13902286E-14
    2    1   -0.19906232E-01  0.46631124E-12
    3    1    0.75650902E-02  0.68501455E-12
    4    1   -0.10821108E-09  0.12483397E-09
    5    1    0.12816047E-09 -0.12128548E-09
    1    2   -0.14650828E+00 -0.28472039E-12
    2    2    0.52157794E-01 -0.53264853E-13
    3    2   -0.22604706E-01  0.67666012E-12
    4    2    0.78694872E-09 -0.41083851E-10
    5    2   -0.10555719E-08 -0.49669703E-09
    1    3   -0.22604706E-01 -0.21095695E-11
    2    3    0.75650902E-02  0.88305058E-12
    3    3   -0.70135415E-02  0.18607291E-14
    4    3    0.78565016E-09  0.68493770E-10
    5    3   -0.77962383E-09 -0.56419429E-09
    1    4    0.45259548E-09 -0.41419394E-09
    2    4   -0.45578962E-09 -0.45380856E-10
    3    4   -0.57483017E-09  0.30588599E-09
    4    4   -0.73459963E-02 -0.19804591E-09
    5    4   -0.12930142E-01 -0.18854902E-09
    1    5   -0.27833598E-09  0.54362755E-09
    2    5    0.42762580E-09 -0.35571486E-10
    3    5    0.57975590E-09  0.17197995E-09
    4    5   -0.12930142E-01  0.28547893E-09
    5    5   -0.73459963E-02 -0.24662406E-09

   -2    3    0
    1    1    0.75646369E-03  0.81684659E-13
    2    1    0.16087683E-03  0.65971534E-12
    3    1   -0.25742802E-02  0.17189132E-11
    4    1   -0.12937760E-09 -0.11601062E-09
    5    1    0.98839927E-10 -0.19337043E-10
    1    2    0.22993023E-02 -0.23156754E-11
    2    2   -0.15802762E-02  0.73857587E-13
    3    2    0.75650734E-02 -0.96890551E-12
    4    2    0.55956440E-09  0.60809014E-10
    5    2   -0.59163051E-09 -0.15503270E-09
    1    3   -0.15505971E-02 -0.13283957E-11
    2    3    0.45153463E-03  0.17132129E-12
    3    3    0.32803160E-03 -0.15046298E-12
    4    3    0.17507610E-09  0.12252114E-09
    5    3   -0.40825616E-09 -0.60772326E-10
    1    4   -0.23054876E-10 -0.16343161E-09
    2    4   -0.14255121E-09  0.35530443E-10
    3    4   -0.38677789E-09 -0.70091922E-10
    4    4    0.20271900E-02 -0.16218456E-09
    5    4   -0.93731444E-03  0.21604908E-09
    1    5    0.11207863E-12 -0.15150211E-09
    2    5    0.35922002E-10 -0.57726193E-10
    3    5    0.18239737E-09 -0.22292687E-10
    4    5    0.51753538E-03 -0.44762416E-10
    5    5    0.20271901E-02 -0.14054365E-09

   -2    4    0
    1    1    0.56053713E-05  0.27611247E-12
    2    1    0.69358890E-04 -0.55283556E-12
    3    1   -0.16369524E-03  0.15563939E-12
    4    1   -0.10671892E-09  0.33343985E-10
    5    1    0.10080151E-09  0.76569492E-10
    1    2    0.45151148E-03  0.42081616E-12
    2    2   -0.30937499E-03 -0.19567681E-12
    3    2    0.45151211E-03 -0.30284109E-12
    4    2    0.81416188E-10  0.67304916E-10
    5    2   -0.30953413E-09  0.31277586E-12
    1    3   -0.16369523E-03  0.46358750E-12
    2    3    0.69358790E-04  0.10515200E-12
    3    3    0.56053148E-05 -0.83127949E-13
    4    3    0.96694129E-10 -0.25095895E-10
    5    3   -0.76720315E-10 -0.77139412E-10
    1    4   -0.40046240E-10  0.12862919E-09
    2    4   -0.87929444E-11  0.35339284E-10
    3    4   -0.11712443E-09  0.85297534E-10
    4    4    0.42323593E-03  0.24872993E-10
    5    4    0.44514957E-03  0.54955734E-10
    1    5    0.65589079E-10 -0.17655290E-10
    2    5    0.18630960E-10  0.13118681E-10
    3    5    0.11949634E-09  0.20508428E-10
    4    5   -0.20478408E-02 -0.79990306E-10
    5    5    0.42323590E-03  0.46599835E-10

   -2    5    0
    1    1   -0.57068636E-05  0.44522719E-12
    2    1    0.61888796E-06  0.36732423E-12
    3    1    0.61892400E-06 -0.12186085E-12
    4    1   -0.78921052E-10 -0.52234428E-11
    5    1    0.74824188E-10 -0.22352846E-10
    1    2    0.42663244E-04  0.68070549E-14
    2    2   -0.59307896E-04 -0.25510150E-12
    3    2    0.69360829E-04 -0.62634620E-12
    4    2    0.39054159E-10  0.10653077E-10
    5    2   -0.11300850E-10 -0.17095897E-10
    1    3    0.42663277E-04  0.13680723E-12
    2    3    0.69360783E-04  0.45476123E-12
    3    3   -0.59307841E-04 -0.15315527E-12
    4    3    0.26967750E-10  0.52966526E-10
    5    3   -0.72718957E-10  0.30553378E-10
    1    4   -0.45835587E-10 -0.73856612E-11
    2    4   -0.35634038E-10  0.39114282E-11
    3    4   -0.76257873E-10 -0.25838932E-10
    4    4    0.99632702E-04  0.64921166E-10
    5    4    0.31036430E-03 -0.23253122E-10
    1    5    0.94169424E-10  0.77720775E-10
    2    5    0.99116902E-10  0.89728890E-10
    3    5    0.60898790E-10 -0.61300260E-10
    4    5   -0.20478408E-02 -0.65587688E-10
    5    5    0.99632727E-04  0.58591767E-10

   -1   -3    0
    1    1    0.55453085E-04  0.89355037E-12
    2    1   -0.16370055E-03  0.42868104E-12
    3    1    0.42661225E-04  0.40223380E-12
    4    1    0.10215485E-09 -0.41632878E-10
    5    1   -0.57721456E-10 -0.15712581E-10
    1    2   -0.25009916E-03 -0.59615405E-13
    2    2    0.85028780E-04 -0.61088074E-12
    3    2    0.33129748E-04 -0.73300394E-12
    4    2   -0.26646092E-10 -0.42681264E-10
    5    2    0.22257275E-10  0.10918651E-10
    1    3    0.10219067E-02  0.49056592E-12
    2    3    0.16089891E-03 -0.34266340E-12
    3    3   -0.16552023E-03 -0.30535731E-12
    4    3   -0.12258749E-10 -0.44983381E-10
    5    3    0.56148166E-10 -0.25644434E-10
    1    4    0.81405881E-10 -0.39642087E-10
    2    4    0.75331564E-10 -0.83521273E-10
    3    4    0.24997144E-10  0.51861936E-10
    4    4    0.80820173E-03  0.11312325E-09
    5    4   -0.23893079E-02 -0.11334880E-09
    1    5   -0.19265351E-09 -0.87806127E-10
    2    5   -0.26963154E-09 -0.10406555E-09
    3    5   -0.57731302E-10  0.42481149E-11
    4    5    0.19288947E-02 -0.12442515E-09
    5    5    0.80820171E-03  0.11087182E-09

   -1   -2    0
    1    1    0.32802988E-03 -0.48763771E-12
    2    1   -0.15505978E-02 -0.28146721E-11
    3    1    0.45153530E-03  0.10706089E-11
    4    1   -0.60713146E-10  0.23182528E-09
    5    1   -0.10419282E-09 -0.22670822E-10
    1    2   -0.25742879E-02  0.12873383E-11
    2    2    0.75646241E-03 -0.17928437E-11
    3    2    0.16087473E-03 -0.24334007E-12
    4    2   -0.12697918E-09  0.12678994E-09
    5    2    0.10044111E-11  0.57254133E-10
    1    3    0.75650963E-02  0.10893231E-11
    2    3    0.22993136E-02 -0.21893182E-11
    3    3   -0.15802732E-02  0.22888080E-11
    4    3    0.11875984E-09 -0.25104387E-10
    5    3   -0.69089827E-10 -0.22134332E-10
    1    4    0.11719534E-09  0.80448637E-11
    2    4    0.35389414E-09  0.54211538E-10
    3    4    0.56930593E-10 -0.10929132E-10
    4    4    0.20271900E-02  0.69655573E-10
    5    4    0.44514958E-03 -0.89731375E-10
    1    5    0.40973493E-10  0.44185552E-09
    2    5   -0.71600802E-09  0.58911422E-09
    3    5   -0.13997733E-09 -0.21638256E-10
    4    5   -0.12930142E-01 -0.35910885E-10
    5    5    0.20271901E-02  0.44743063E-10

   -1   -1    0
    1    1    0.78634877E-02 -0.14159507E-11
    2    1   -0.22604593E-01 -0.40294990E-11
    3    1    0.22992780E-02  0.85986773E-12
    4    1    0.13276611E-09 -0.47377997E-09
    5    1   -0.49310566E-10 -0.15997215E-09
    1    2   -0.22604593E-01  0.59535710E-14
    2    2    0.78634877E-02 -0.29293790E-11
    3    2    0.22992781E-02  0.36321224E-11
    4    2   -0.61092462E-09 -0.67589378E-09
    5    2    0.25744418E-09  0.91631000E-11
    1    3    0.81300260E-01  0.62151673E-12
    2    3    0.81300261E-01 -0.23237523E-11
    3    3   -0.16578838E-01  0.42834070E-11
    4    3    0.49307736E-09 -0.70136177E-10
    5    3   -0.15217595E-09  0.13574854E-09
    1    4    0.37752543E-09  0.11624270E-09
    2    4    0.10247093E-08 -0.29923667E-09
    3    4    0.48757552E-09 -0.16860525E-09
    4    4    0.44603634E-01 -0.12460982E-09
    5    4   -0.17024611E-01  0.15960568E-09
    1    5   -0.34781013E-08 -0.21925255E-08
    2    5   -0.53371450E-08 -0.14416833E-08
    3    5   -0.83258848E-09  0.55409644E-10
    4    5   -0.24003510E+00  0.13586116E-09
    5    5    0.44603634E-01 -0.17628508E-09

   -1    0    0
    1    1    0.57396461E+00  0.26034730E-12
    2    1    0.81301055E-01 -0.54709084E-11
    3    1   -0.14650740E+00 -0.56565863E-13
    4    1   -0.40232536E-09  0.54949186E-09
    5    1   -0.42103326E-09  0.31458940E-09
    1    2   -0.55560279E+00  0.14649046E-11
    2    2   -0.11690310E+00 -0.36783909E-11
    3    2    0.81300317E-01  0.87838070E-12
    4    2   -0.49838424E-08  0.16405650E-08
    5    2    0.13398587E-08  0.29322225E-09
    1    3   -0.21538288E+01  0.51751069E-11
    2    3   -0.55560306E+00  0.75076056E-12
    3    3    0.57396374E+00  0.33743841E-11
    4    3   -0.25834077E-08  0.34943221E-09
    5    3    0.24696423E-08 -0.33956660E-09
    1    4    0.51500831E-08  0.10153085E-08
    2    4    0.13795269E-08  0.16418069E-08
    3    4    0.40025722E-08 -0.59800780E-09
    4    4    0.21271646E+00  0.48239836E-09
    5    4    0.16091010E-01 -0.63871131E-12
    1    5   -0.28084844E-07  0.29968983E-08
    2    5    0.26750157E-08 -0.10283798E-08
    3    5   -0.81346973E-08  0.99998003E-09
    4    5   -0.29235842E+01 -0.68019680E-10
    5    5    0.21271646E+00  0.26456112E-09

   -1    1    0
    1    1    0.57396431E+00 -0.11970955E-11
    2    1   -0.14650747E+00 -0.73343739E-12
    3    1    0.81300957E-01 -0.15335198E-11
    4    1   -0.28076799E-08  0.16639185E-09
    5    1    0.14461310E-08 -0.25770133E-09
    1    2   -0.21538295E+01  0.73156305E-11
    2    2    0.57396431E+00 -0.34628046E-12
    3    2   -0.55560360E+00  0.22280545E-11
    4    2    0.64206391E-08 -0.19462663E-08
    5    2    0.18187141E-08  0.27097864E-09
    1    3   -0.55560360E+00 -0.55971200E-12
    2    3    0.81300957E-01  0.23992822E-11
    3    3   -0.11690338E+00  0.14723234E-11
    4    3   -0.14302441E-08 -0.20963031E-08
    5    3    0.23547454E-08 -0.58808871E-09
    1    4    0.86611749E-08 -0.25701898E-08
    2    4    0.43744070E-09  0.38529459E-09
    3    4    0.38903243E-08 -0.64191000E-10
    4    4    0.21271646E+00  0.29190684E-09
    5    4   -0.24003510E+00 -0.82372083E-09
    1    5   -0.28991999E-08  0.30592770E-08
    2    5    0.61558774E-09  0.92036609E-10
    3    5   -0.20018352E-08  0.58635164E-09
    4    5   -0.24003510E+00  0.26700935E-09
    5    5    0.21271646E+00  0.16408838E-09

   -1    2    0
    1    1    0.78635123E-02  0.12188583E-11
    2    1    0.22992918E-02  0.31111294E-11
    3    1   -0.22604530E-01  0.24311456E-11
    4    1   -0.13473481E-09 -0.20415684E-09
    5    1    0.34637314E-09 -0.20991608E-09
    1    2    0.81299858E-01 -0.28951772E-11
    2    2   -0.16578878E-01 -0.76053053E-12
    3    2    0.81299927E-01 -0.26289457E-11
    4    2    0.39963510E-09 -0.72235776E-09
    5    2    0.12921763E-08  0.14551380E-08
    1    3   -0.22604524E-01 -0.13443829E-11
    2    3    0.22992752E-02 -0.42887915E-12
    3    3    0.78635032E-02 -0.58292260E-12
    4    3   -0.42433509E-09 -0.21635253E-09
    5    3    0.42880717E-09  0.89852372E-09
    1    4    0.64466353E-09 -0.12768529E-08
    2    4   -0.14422139E-09  0.41394391E-10
    3    4    0.39606761E-09 -0.49669564E-09
    4    4    0.44603635E-01 -0.16458052E-09
    5    4    0.16091008E-01  0.73101261E-10
    1    5   -0.34489845E-09 -0.15131705E-09
    2    5   -0.32456091E-10 -0.18260999E-09
    3    5   -0.29200967E-09 -0.14811894E-09
    4    5   -0.12930142E-01 -0.10305370E-09
    5    5    0.44603634E-01 -0.14707430E-09

   -1    3    0
    1    1    0.32803195E-03 -0.53984595E-13
    2    1    0.45153573E-03 -0.71123663E-13
    3    1   -0.15505974E-02  0.98379638E-12
    4    1    0.22773525E-10  0.11128483E-09
    5    1   -0.10750227E-09  0.99611791E-10
    1    2    0.75650734E-02  0.17365276E-11
    2    2   -0.15802750E-02  0.28532732E-12
    3    2    0.22993142E-02 -0.44941828E-12
    4    2   -0.30410849E-09  0.89689207E-10
    5    2    0.13427845E-09  0.21712982E-09
    1    3   -0.25742804E-02  0.12591317E-12
    2    3    0.16087516E-03 -0.18912649E-12
    3    3    0.75646215E-03 -0.25285329E-12
    4    3   -0.77457447E-10 -0.43742114E-10
    5    3    0.20967092E-09 -0.25118148E-10
    1    4    0.26099164E-09  0.18604131E-09
    2    4    0.47618012E-10  0.27325387E-10
    3    4    0.18191373E-09 -0.68812199E-11
    4    4    0.20271900E-02  0.11379946E-09
    5    4   -0.17024610E-01  0.10079391E-09
    1    5   -0.85871945E-10  0.12293159E-09
    2    5   -0.23216024E-10  0.76664332E-10
    3    5   -0.10860204E-09  0.62116463E-10
    4    5    0.19288947E-02 -0.16178854E-09
    5    5    0.20271900E-02  0.13244581E-09

   -1    4    0
    1    1    0.55453317E-04 -0.12823076E-12
    2    1    0.42661263E-04  0.28851227E-12
    3    1   -0.16370065E-03 -0.50877358E-12
    4    1    0.83532936E-10  0.27944516E-10
    5    1   -0.31680183E-10 -0.11526306E-09
    1    2    0.10219032E-02  0.58244382E-12
    2    2   -0.16552038E-03  0.28366198E-13
    3    2    0.16089858E-03  0.33559266E-12
    4    2   -0.52972514E-10 -0.74518944E-11
    5    2    0.12281893E-09 -0.10554238E-09
    1    3   -0.25009738E-03 -0.23952021E-12
    2    3    0.33130086E-04  0.21638594E-12
    3    3    0.85028682E-04  0.53596017E-13
    4    3   -0.84161553E-10  0.10096407E-10
    5    3    0.33452148E-10  0.52701498E-10
    1    4    0.63330591E-10 -0.10793626E-09
    2    4    0.49972909E-10 -0.51276324E-10
    3    4    0.40417214E-10 -0.74755065E-10
    4    4    0.80820174E-03  0.11963781E-09
    5    4    0.44514959E-03 -0.12071910E-09
    1    5   -0.62228106E-10  0.33496712E-10
    2    5   -0.51104076E-10  0.50910703E-10
    3    5   -0.87864232E-10 -0.16059352E-10
    4    5   -0.68698835E-03 -0.89760609E-10
    5    5    0.80820170E-03  0.11283396E-09

    0   -4    0
    1    1   -0.23886088E-03 -0.96324052E-15
    2    1   -0.25009000E-03  0.57608744E-12
    3    1   -0.25009331E-03 -0.75207202E-13
    4    1   -0.73515677E-10 -0.63007115E-10
    5    1    0.43845379E-10  0.63524180E-10
    1    2   -0.25009000E-03 -0.57639300E-12
    2    2    0.32157619E-02 -0.87630364E-15
    3    2   -0.42771418E-02  0.46684184E-12
    4    2   -0.15345467E-10 -0.40900391E-11
    5    2    0.34977878E-10  0.77527586E-10
    1    3   -0.25009331E-03  0.74881074E-13
    2    3   -0.42771418E-02 -0.46741083E-12
    3    3    0.32157582E-02 -0.80034157E-15
    4    3    0.48464641E-10 -0.49442506E-10
    5    3   -0.11132869E-10 -0.27601799E-10
    1    4   -0.73515677E-10  0.63007115E-10
    2    4   -0.15345467E-10  0.40900391E-11
    3    4    0.48464641E-10  0.49442506E-10
    4    4   -0.29943325E-02 -0.25598973E-15
    5    4    0.23142557E-02 -0.33277658E-10
    1    5    0.43845379E-10 -0.63524180E-10
    2    5    0.34977878E-10 -0.77527586E-10
    3    5   -0.11132869E-10  0.27601799E-10
    4    5    0.23142557E-02  0.33276965E-10
    5    5   -0.29943325E-02 -0.20043383E-15

    0   -3    0
    1    1   -0.77949091E-03  0.73824280E-12
    2    1   -0.25742153E-02 -0.23566774E-11
    3    1    0.10218638E-02  0.24532459E-12
    4    1   -0.20869155E-09  0.58844851E-10
    5    1    0.82111999E-10  0.88131596E-10
    1    2    0.10218712E-02  0.57815558E-12
    2    2    0.85699286E-02 -0.68614558E-12
    3    2   -0.42771632E-02 -0.27489122E-12
    4    2   -0.34554788E-10  0.66686405E-10
    5    2    0.16387043E-10  0.10802461E-10
    1    3   -0.25742263E-02  0.79164453E-12
    2    3   -0.19906153E-01 -0.14282880E-11
    3    3    0.85699190E-02 -0.18873791E-13
    4    3   -0.55613037E-10 -0.35625215E-10
    5    3    0.44395698E-11  0.74492218E-10
    1    4   -0.57432819E-10  0.83768933E-10
    2    4    0.38506008E-11  0.10759580E-09
    3    4    0.78291592E-10 -0.48401296E-10
    4    4   -0.10294459E-02 -0.13907795E-10
    5    4    0.23142557E-02 -0.29559133E-10
    1    5    0.27608979E-09  0.92469509E-10
    2    5    0.34081543E-09  0.12164786E-09
    3    5   -0.98396997E-10  0.64536190E-11
    4    5   -0.93731447E-03  0.27976649E-10
    5    5   -0.10294459E-02 -0.33666379E-10

    0   -2    0
    1    1   -0.70135339E-02 -0.17524593E-11
    2    1   -0.22604620E-01 -0.34000441E-11
    3    1    0.75650460E-02 -0.48488991E-13
    4    1   -0.22012158E-09 -0.52518219E-09
    5    1    0.29156000E-09  0.31719798E-10
    1    2    0.75650922E-02  0.86222696E-13
    2    2    0.52157820E-01 -0.42682524E-12
    3    2   -0.19906226E-01  0.20135282E-11
    4    2    0.13326060E-09 -0.31739070E-09
    5    2    0.28446168E-10 -0.58160477E-10
    1    3   -0.22604699E-01 -0.11345785E-11
    2    3   -0.14650834E+00 -0.67455763E-12
    3    3    0.52157759E-01  0.22258029E-11
    4    3   -0.97108609E-10 -0.45716134E-09
    5    3    0.47398029E-10  0.93751595E-10
    1    4   -0.43176772E-09  0.10270000E-10
    2    4    0.18048068E-09 -0.29835457E-09
    3    4   -0.97631160E-11  0.82651363E-10
    4    4   -0.73459966E-02 -0.67623969E-10
    5    4   -0.93731444E-03  0.74850071E-10
    1    5    0.62875272E-09 -0.92770903E-09
    2    5   -0.61771486E-09 -0.70259442E-09
    3    5   -0.14455487E-09 -0.17824138E-09
    4    5    0.16091010E-01  0.46240983E-10
    5    5   -0.73459965E-02 -0.36129835E-10

    0   -1    0
    1    1   -0.11690310E+00 -0.27228220E-12
    2    1   -0.55560279E+00 -0.76558898E-12
    3    1    0.81300317E-01  0.12701923E-11
    4    1   -0.31979617E-08  0.18947942E-08
    5    1    0.85411052E-09  0.11791048E-09
    1    2    0.81301054E-01 -0.48640605E-11
    2    2    0.57396461E+00 -0.14682144E-11
    3    2   -0.14650740E+00  0.23261115E-11
    4    2   -0.68073397E-09  0.10515018E-08
    5    2    0.58769075E-10  0.34109056E-09
    1    3   -0.55560306E+00  0.99927705E-12
    2    3   -0.21538288E+01 -0.61207289E-11
    3    3    0.57396374E+00  0.17358615E-11
    4    3    0.95411814E-09 -0.10961592E-08
    5    3   -0.14056345E-09  0.49692458E-09
    1    4   -0.24850270E-08  0.15725163E-08
    2    4    0.90826072E-08  0.42598758E-09
    3    4    0.66108681E-09  0.69505166E-09
    4    4    0.21271646E+00  0.14889736E-09
    5    4    0.16091010E-01 -0.47771509E-10
    1    5    0.43187430E-08  0.34256779E-09
    2    5   -0.31477768E-07  0.15933223E-08
    3    5   -0.35427084E-08 -0.87256908E-09
    4    5   -0.29235842E+01  0.38495786E-09
    5    5    0.21271646E+00  0.49183907E-10

    0    0    0
    1    1   -0.15082843E+02  0.59731760E-16
    2    1   -0.21538264E+01 -0.10405062E-10
    3    1   -0.21538285E+01 -0.42980376E-11
    4    1   -0.12901904E-07 -0.92611003E-09
    5    1    0.19697081E-08 -0.39120767E-09
    1    2   -0.21538264E+01  0.10405062E-10
    2    2   -0.15082842E+02  0.10933577E-16
    3    2   -0.21538285E+01  0.24087329E-11
    4    2   -0.14447347E-07 -0.13430138E-08
    5    2    0.47866484E-08 -0.14889981E-08
    1    3   -0.21538285E+01  0.42980376E-11
    2    3   -0.21538285E+01 -0.24087329E-11
    3    3   -0.15082845E+02  0.56210365E-16
    4    3   -0.72331424E-08 -0.11092575E-08
    5    3   -0.20285777E-07 -0.56230394E-09
    1    4   -0.12901904E-07  0.92611003E-09
    2    4   -0.14447347E-07  0.13430138E-08
    3    4   -0.72331424E-08  0.11092575E-08
    4    4   -0.38743318E+01 -0.14724052E-16
    5    4   -0.29235842E+01 -0.64008884E-09
    1    5    0.19697081E-08  0.39120767E-09
    2    5    0.47866484E-08  0.14889981E-08
    3    5   -0.20285777E-07  0.56230394E-09
    4    5   -0.29235842E+01  0.64008884E-09
    5    5   -0.38743319E+01  0.19795863E-16

    0    1    0
    1    1   -0.11690310E+00  0.27228220E-12
    2    1    0.81301054E-01  0.48640605E-11
    3    1   -0.55560306E+00 -0.99927705E-12
    4    1   -0.24850270E-08 -0.15725163E-08
    5    1    0.43187430E-08 -0.34256779E-09
    1    2   -0.55560279E+00  0.76558898E-12
    2    2    0.57396461E+00  0.14682144E-11
    3    2   -0.21538288E+01  0.61207289E-11
    4    2    0.90826072E-08 -0.42598758E-09
    5    2   -0.31477768E-07 -0.15933223E-08
    1    3    0.81300317E-01 -0.12701923E-11
    2    3   -0.14650740E+00 -0.23261115E-11
    3    3    0.57396374E+00 -0.17357504E-11
    4    3    0.66108681E-09 -0.69505166E-09
    5    3   -0.35427084E-08  0.87256908E-09
    1    4   -0.31979617E-08 -0.18947942E-08
    2    4   -0.68073397E-09 -0.10515018E-08
    3    4    0.95411814E-09  0.10961592E-08
    4    4    0.21271646E+00 -0.14889741E-09
    5    4   -0.29235842E+01 -0.38495786E-09
    1    5    0.85411052E-09 -0.11791048E-09
    2    5    0.58769075E-10 -0.34109056E-09
    3    5   -0.14056345E-09 -0.49692458E-09
    4    5    0.16091010E-01  0.47771509E-10
    5    5    0.21271646E+00 -0.49183851E-10

    0    2    0
    1    1   -0.70135339E-02  0.17524038E-11
    2    1    0.75650922E-02 -0.86222696E-13
    3    1   -0.22604699E-01  0.11345785E-11
    4    1   -0.43176772E-09 -0.10270000E-10
    5    1    0.62875272E-09  0.92770903E-09
    1    2   -0.22604620E-01  0.34000441E-11
    2    2    0.52157820E-01  0.42682524E-12
    3    2   -0.14650834E+00  0.67455763E-12
    4    2    0.18048068E-09  0.29835457E-09
    5    2   -0.61771486E-09  0.70259442E-09
    1    3    0.75650460E-02  0.48488991E-13
    2    3   -0.19906226E-01 -0.20135282E-11
    3    3    0.52157759E-01 -0.22258029E-11
    4    3   -0.97631160E-11 -0.82651363E-10
    5    3   -0.14455487E-09  0.17824138E-09
    1    4   -0.22012158E-09  0.52518219E-09
    2    4    0.13326060E-09  0.31739070E-09
    3    4   -0.97108609E-10  0.45716134E-09
    4    4   -0.73459966E-02  0.67624024E-10
    5    4    0.16091010E-01 -0.46240983E-10
    1    5    0.29156000E-09 -0.31719798E-10
    2    5    0.28446168E-10  0.58160477E-10
    3    5    0.47398029E-10 -0.93751595E-10
    4    5   -0.93731444E-03 -0.74850071E-10
    5    5   -0.73459965E-02  0.36129863E-10

    0    3    0
    1    1   -0.77949091E-03 -0.73824280E-12
    2    1    0.10218712E-02 -0.57815558E-12
    3    1   -0.25742263E-02 -0.79164453E-12
    4    1   -0.57432819E-10 -0.83768933E-10
    5    1    0.27608979E-09 -0.92469509E-10
    1    2   -0.25742153E-02  0.23566774E-11
    2    2    0.85699286E-02  0.68609007E-12
    3    2   -0.19906153E-01  0.14282880E-11
    4    2    0.38506008E-11 -0.10759580E-09
    5    2    0.34081543E-09 -0.12164786E-09
    1    3    0.10218638E-02 -0.24532459E-12
    2    3   -0.42771632E-02  0.27489122E-12
    3    3    0.85699190E-02  0.18846036E-13
    4    3    0.78291592E-10  0.48401296E-10
    5    3   -0.98396997E-10 -0.64536190E-11
    1    4   -0.20869155E-09 -0.58844851E-10
    2    4   -0.34554788E-10 -0.66686405E-10
    3    4   -0.55613037E-10  0.35625215E-10
    4    4   -0.10294459E-02  0.13907740E-10
    5    4   -0.93731447E-03 -0.27976649E-10
    1    5    0.82111999E-10 -0.88131596E-10
    2    5    0.16387043E-10 -0.10802461E-10
    3    5    0.44395698E-11 -0.74492218E-10
    4    5    0.23142557E-02  0.29559133E-10
    5    5   -0.10294459E-02  0.33666434E-10

    0    4    0
    1    1   -0.23886088E-03  0.91421193E-15
    2    1   -0.25009000E-03  0.57639300E-12
    3    1   -0.25009331E-03 -0.74881074E-13
    4    1   -0.73515677E-10 -0.63007115E-10
    5    1    0.43845379E-10  0.63524180E-10
    1    2   -0.25009000E-03 -0.57608744E-12
    2    2    0.32157619E-02  0.81811377E-15
    3    2   -0.42771418E-02  0.46741083E-12
    4    2   -0.15345467E-10 -0.40900391E-11
    5    2    0.34977878E-10  0.77527586E-10
    1    3   -0.25009331E-03  0.75207202E-13
    2    3   -0.42771418E-02 -0.46684184E-12
    3    3    0.32157582E-02  0.89407632E-15
    4    3    0.48464641E-10 -0.49442506E-10
    5    3   -0.11132869E-10 -0.27601799E-10
    1    4   -0.73515677E-10  0.63007115E-10
    2    4   -0.15345467E-10  0.40900391E-11
    3    4    0.48464641E-10  0.49442506E-10
    4    4   -0.29943325E-02  0.16586306E-15
    5    4    0.23142557E-02 -0.33276965E-10
    1    5    0.43845379E-10 -0.63524180E-10
    2    5    0.34977878E-10 -0.77527586E-10
    3    5   -0.11132869E-10  0.27601799E-10
    4    5    0.23142557E-02  0.33277658E-10
    5    5   -0.29943325E-02  0.22141897E-15

    1   -4    0
    1    1    0.55453317E-04  0.12817525E-12
    2    1    0.10219032E-02 -0.58244382E-12
    3    1   -0.25009738E-03  0.23952021E-12
    4    1    0.63330591E-10  0.10793626E-09
    5    1   -0.62228106E-10 -0.33496712E-10
    1    2    0.42661263E-04 -0.28851227E-12
    2    2   -0.16552038E-03 -0.28338443E-13
    3    2    0.33130086E-04 -0.21638594E-12
    4    2    0.49972909E-10  0.51276324E-10
    5    2   -0.51104076E-10 -0.50910703E-10
    1    3   -0.16370065E-03  0.50877358E-12
    2    3    0.16089858E-03 -0.33559266E-12
    3    3    0.85028682E-04 -0.53568261E-13
    4    3    0.40417214E-10  0.74755065E-10
    5    3   -0.87864232E-10  0.16059352E-10
    1    4    0.83532936E-10 -0.27944516E-10
    2    4   -0.52972514E-10  0.74518944E-11
    3    4   -0.84161553E-10 -0.10096407E-10
    4    4    0.80820174E-03 -0.11963781E-09
    5    4   -0.68698835E-03  0.89760609E-10
    1    5   -0.31680183E-10  0.11526306E-09
    2    5    0.12281893E-09  0.10554238E-09
    3    5    0.33452148E-10 -0.52701498E-10
    4    5    0.44514959E-03  0.12071910E-09
    5    5    0.80820170E-03 -0.11283396E-09

    1   -3    0
    1    1    0.32803195E-03  0.53984595E-13
    2    1    0.75650734E-02 -0.17365276E-11
    3    1   -0.25742804E-02 -0.12591317E-12
    4    1    0.26099164E-09 -0.18604131E-09
    5    1   -0.85871945E-10 -0.12293159E-09
    1    2    0.45153573E-03  0.71123663E-13
    2    2   -0.15802750E-02 -0.28538283E-12
    3    2    0.16087516E-03  0.18912649E-12
    4    2    0.47618012E-10 -0.27325387E-10
    5    2   -0.23216024E-10 -0.76664332E-10
    1    3   -0.15505974E-02 -0.98379638E-12
    2    3    0.22993142E-02  0.44941828E-12
    3    3    0.75646215E-03  0.25282554E-12
    4    3    0.18191373E-09  0.68812199E-11
    5    3   -0.10860204E-09 -0.62116463E-10
    1    4    0.22773525E-10 -0.11128483E-09
    2    4   -0.30410849E-09 -0.89689207E-10
    3    4   -0.77457447E-10  0.43742114E-10
    4    4    0.20271900E-02 -0.11379944E-09
    5    4    0.19288947E-02  0.16178854E-09
    1    5   -0.10750227E-09 -0.99611791E-10
    2    5    0.13427845E-09 -0.21712982E-09
    3    5    0.20967092E-09  0.25118148E-10
    4    5   -0.17024610E-01 -0.10079391E-09
    5    5    0.20271900E-02 -0.13244578E-09

    1   -2    0
    1    1    0.78635123E-02 -0.12188583E-11
    2    1    0.81299858E-01  0.28951772E-11
    3    1   -0.22604524E-01  0.13443829E-11
    4    1    0.64466353E-09  0.12768529E-08
    5    1   -0.34489845E-09  0.15131705E-09
    1    2    0.22992918E-02 -0.31111294E-11
    2    2   -0.16578878E-01  0.76053053E-12
    3    2    0.22992752E-02  0.42887915E-12
    4    2   -0.14422139E-09 -0.41394391E-10
    5    2   -0.32456091E-10  0.18260999E-09
    1    3   -0.22604530E-01 -0.24311456E-11
    2    3    0.81299927E-01  0.26289457E-11
    3    3    0.78635032E-02  0.58292260E-12
    4    3    0.39606761E-09  0.49669564E-09
    5    3   -0.29200967E-09  0.14811894E-09
    1    4   -0.13473481E-09  0.20415684E-09
    2    4    0.39963510E-09  0.72235776E-09
    3    4   -0.42433509E-09  0.21635253E-09
    4    4    0.44603635E-01  0.16458056E-09
    5    4   -0.12930142E-01  0.10305370E-09
    1    5    0.34637314E-09  0.20991608E-09
    2    5    0.12921763E-08 -0.14551380E-08
    3    5    0.42880717E-09 -0.89852372E-09
    4    5    0.16091008E-01 -0.73101261E-10
    5    5    0.44603634E-01  0.14707430E-09

    1   -1    0
    1    1    0.57396431E+00  0.11971004E-11
    2    1   -0.21538295E+01 -0.73156305E-11
    3    1   -0.55560360E+00  0.55971200E-12
    4    1    0.86611749E-08  0.25701898E-08
    5    1   -0.28991999E-08 -0.30592770E-08
    1    2   -0.14650747E+00  0.73343739E-12
    2    2    0.57396431E+00  0.34627666E-12
    3    2    0.81300957E-01 -0.23992822E-11
    4    2    0.43744070E-09 -0.38529459E-09
    5    2    0.61558774E-09 -0.92036609E-10
    1    3    0.81300957E-01  0.15335198E-11
    2    3   -0.55560360E+00 -0.22280545E-11
    3    3   -0.11690338E+00 -0.14722101E-11
    4    3    0.38903243E-08  0.64191000E-10
    5    3   -0.20018352E-08 -0.58635164E-09
    1    4   -0.28076799E-08 -0.16639185E-09
    2    4    0.64206391E-08  0.19462663E-08
    3    4   -0.14302441E-08  0.20963031E-08
    4    4    0.21271646E+00 -0.29190688E-09
    5    4   -0.24003510E+00 -0.26700935E-09
    1    5    0.14461310E-08  0.25770133E-09
    2    5    0.18187141E-08 -0.27097864E-09
    3    5    0.23547454E-08  0.58808871E-09
    4    5   -0.24003510E+00  0.82372083E-09
    5    5    0.21271646E+00 -0.16408832E-09

    1    0    0
    1    1    0.57396461E+00 -0.25945912E-12
    2    1   -0.55560279E+00 -0.14649046E-11
    3    1   -0.21538288E+01 -0.51751069E-11
    4    1    0.51500831E-08 -0.10153085E-08
    5    1   -0.28084844E-07 -0.29968983E-08
    1    2    0.81301055E-01  0.54709084E-11
    2    2   -0.11690310E+00  0.36783909E-11
    3    2   -0.55560306E+00 -0.75076056E-12
    4    2    0.13795269E-08 -0.16418069E-08
    5    2    0.26750157E-08  0.10283798E-08
    1    3   -0.14650740E+00  0.56565863E-13
    2    3    0.81300317E-01 -0.87838070E-12
    3    3    0.57396374E+00 -0.33743841E-11
    4    3    0.40025722E-08  0.59800780E-09
    5    3   -0.81346973E-08 -0.99998003E-09
    1    4   -0.40232536E-09 -0.54949186E-09
    2    4   -0.49838424E-08 -0.16405650E-08
    3    4   -0.25834077E-08 -0.34943221E-09
    4    4    0.21271646E+00 -0.48239835E-09
    5    4   -0.29235842E+01  0.68019680E-10
    1    5   -0.42103326E-09 -0.31458940E-09
    2    5    0.13398587E-08 -0.29322225E-09
    3    5    0.24696423E-08  0.33956660E-09
    4    5    0.16091010E-01  0.63871131E-12
    5    5    0.21271646E+00 -0.26456112E-09

    1    1    0
    1    1    0.78634877E-02  0.14159507E-11
    2    1   -0.22604593E-01 -0.59535710E-14
    3    1    0.81300260E-01 -0.62151673E-12
    4    1    0.37752543E-09 -0.11624270E-09
    5    1   -0.34781013E-08  0.21925255E-08
    1    2   -0.22604593E-01  0.40294990E-11
    2    2    0.78634877E-02  0.29291569E-11
    3    2    0.81300261E-01  0.23237523E-11
    4    2    0.10247093E-08  0.29923667E-09
    5    2   -0.53371450E-08  0.14416833E-08
    1    3    0.22992780E-02 -0.85986773E-12
    2    3    0.22992781E-02 -0.36321224E-11
    3    3   -0.16578838E-01 -0.42832959E-11
    4    3    0.48757552E-09  0.16860525E-09
    5    3   -0.83258848E-09 -0.55409644E-10
    1    4    0.13276611E-09  0.47377997E-09
    2    4   -0.61092462E-09  0.67589378E-09
    3    4    0.49307736E-09  0.70136177E-10
    4    4    0.44603634E-01  0.12460973E-09
    5    4   -0.24003510E+00 -0.13586116E-09
    1    5   -0.49310566E-10  0.15997215E-09
    2    5    0.25744418E-09 -0.91631000E-11
    3    5   -0.15217595E-09 -0.13574854E-09
    4    5   -0.17024611E-01 -0.15960568E-09
    5    5    0.44603634E-01  0.17628508E-09

    1    2    0
    1    1    0.32802988E-03  0.48774873E-12
    2    1   -0.25742879E-02 -0.12873383E-11
    3    1    0.75650963E-02 -0.10893231E-11
    4    1    0.11719534E-09 -0.80448637E-11
    5    1    0.40973493E-10 -0.44185552E-09
    1    2   -0.15505978E-02  0.28146721E-11
    2    2    0.75646241E-03  0.17928992E-11
    3    2    0.22993136E-02  0.21893182E-11
    4    2    0.35389414E-09 -0.54211538E-10
    5    2   -0.71600802E-09 -0.58911422E-09
    1    3    0.45153530E-03 -0.10706089E-11
    2    3    0.16087473E-03  0.24334007E-12
    3    3   -0.15802732E-02 -0.22888358E-11
    4    3    0.56930593E-10  0.10929132E-10
    5    3   -0.13997733E-09  0.21638256E-10
    1    4   -0.60713146E-10 -0.23182528E-09
    2    4   -0.12697918E-09 -0.12678994E-09
    3    4    0.11875984E-09  0.25104387E-10
    4    4    0.20271900E-02 -0.69655615E-10
    5    4   -0.12930142E-01  0.35910885E-10
    1    5   -0.10419282E-09  0.22670822E-10
    2    5    0.10044111E-11 -0.57254133E-10
    3    5   -0.69089827E-10  0.22134332E-10
    4    5    0.44514958E-03  0.89731375E-10
    5    5    0.20271901E-02 -0.44743050E-10

    1    3    0
    1    1    0.55453085E-04 -0.89363854E-12
    2    1   -0.25009916E-03  0.59615405E-13
    3    1    0.10219067E-02 -0.49056592E-12
    4    1    0.81405881E-10  0.39642087E-10
    5    1   -0.19265351E-09  0.87806127E-10
    1    2   -0.16370055E-03 -0.42868104E-12
    2    2    0.85028780E-04  0.61077353E-12
    3    2    0.16089891E-03  0.34266340E-12
    4    2    0.75331564E-10  0.83521273E-10
    5    2   -0.26963154E-09  0.10406555E-09
    1    3    0.42661225E-04 -0.40223380E-12
    2    3    0.33129748E-04  0.73300394E-12
    3    3   -0.16552023E-03  0.30527183E-12
    4    3    0.24997144E-10 -0.51861936E-10
    5    3   -0.57731302E-10 -0.42481149E-11
    1    4    0.10215485E-09  0.41632878E-10
    2    4   -0.26646092E-10  0.42681264E-10
    3    4   -0.12258749E-10  0.44983381E-10
    4    4    0.80820173E-03 -0.11312326E-09
    5    4    0.19288947E-02  0.12442515E-09
    1    5   -0.57721456E-10  0.15712581E-10
    2    5    0.22257275E-10 -0.10918651E-10
    3    5    0.56148166E-10  0.25644434E-10
    4    5   -0.23893079E-02  0.11334880E-09
    5    5    0.80820171E-03 -0.11087178E-09

    2   -5    0
    1    1   -0.57068636E-05 -0.44517168E-12
    2    1    0.42663244E-04 -0.68070549E-14
    3    1    0.42663277E-04 -0.13680723E-12
    4    1   -0.45835587E-10  0.73856612E-11
    5    1    0.94169424E-10 -0.77720775E-10
    1    2    0.61888796E-06 -0.36732423E-12
    2    2   -0.59307896E-04  0.25510150E-12
    3    2    0.69360783E-04 -0.45476123E-12
    4    2   -0.35634038E-10 -0.39114282E-11
    5    2    0.99116902E-10 -0.89728890E-10
    1    3    0.61892400E-06  0.12186085E-12
    2    3    0.69360829E-04  0.62634620E-12
    3    3   -0.59307841E-04  0.15309976E-12
    4    3   -0.76257873E-10  0.25838932E-10
    5    3    0.60898790E-10  0.61300260E-10
    1    4   -0.78921052E-10  0.52234428E-11
    2    4    0.39054159E-10 -0.10653077E-10
    3    4    0.26967750E-10 -0.52966526E-10
    4    4    0.99632702E-04 -0.64921162E-10
    5    4   -0.20478408E-02  0.65587688E-10
    1    5    0.74824188E-10  0.22352846E-10
    2    5   -0.11300850E-10  0.17095897E-10
    3    5   -0.72718957E-10 -0.30553378E-10
    4    5    0.31036430E-03  0.23253122E-10
    5    5    0.99632727E-04 -0.58591725E-10

    2   -4    0
    1    1    0.56053713E-05 -0.27622349E-12
    2    1    0.45151148E-03 -0.42081616E-12
    3    1   -0.16369523E-03 -0.46358750E-12
    4    1   -0.40046240E-10 -0.12862919E-09
    5    1    0.65589079E-10  0.17655290E-10
    1    2    0.69358890E-04  0.55283556E-12
    2    2   -0.30937499E-03  0.19573232E-12
    3    2    0.69358790E-04 -0.10515200E-12
    4    2   -0.87929444E-11 -0.35339284E-10
    5    2    0.18630960E-10 -0.13118681E-10
    1    3   -0.16369524E-03 -0.15563939E-12
    2    3    0.45151211E-03  0.30284109E-12
    3    3    0.56053148E-05  0.83155705E-13
    4    3   -0.11712443E-09 -0.85297534E-10
    5    3    0.11949634E-09 -0.20508428E-10
    1    4   -0.10671892E-09 -0.33343985E-10
    2    4    0.81416188E-10 -0.67304916E-10
    3    4    0.96694129E-10  0.25095895E-10
    4    4    0.42323593E-03 -0.24872999E-10
    5    4   -0.20478408E-02  0.79990306E-10
    1    5    0.10080151E-09 -0.76569492E-10
    2    5   -0.30953413E-09 -0.31277586E-12
    3    5   -0.76720315E-10  0.77139412E-10
    4    5    0.44514957E-03 -0.54955734E-10
    5    5    0.42323590E-03 -0.46599856E-10

    2   -3    0
    1    1    0.75646369E-03 -0.81629148E-13
    2    1    0.22993023E-02  0.23156754E-11
    3    1   -0.15505971E-02  0.13283957E-11
    4    1   -0.23054876E-10  0.16343161E-09
    5    1    0.11207863E-12  0.15150211E-09
    1    2    0.16087683E-03 -0.65971534E-12
    2    2   -0.15802762E-02 -0.73829831E-13
    3    2    0.45153463E-03 -0.17132129E-12
    4    2   -0.14255121E-09 -0.35530443E-10
    5    2    0.35922002E-10  0.57726193E-10
    1    3   -0.25742802E-02 -0.17189132E-11
    2    3    0.75650734E-02  0.96890551E-12
    3    3    0.32803160E-03  0.15043522E-12
    4    3   -0.38677789E-09  0.70091922E-10
    5    3    0.18239737E-09  0.22292687E-10
    1    4   -0.12937760E-09  0.11601062E-09
    2    4    0.55956440E-09 -0.60809014E-10
    3    4    0.17507610E-09 -0.12252114E-09
    4    4    0.20271900E-02  0.16218455E-09
    5    4    0.51753538E-03  0.44762416E-10
    1    5    0.98839927E-10  0.19337043E-10
    2    5   -0.59163051E-09  0.15503270E-09
    3    5   -0.40825616E-09  0.60772326E-10
    4    5   -0.93731444E-03 -0.21604908E-09
    5    5    0.20271901E-02  0.14054362E-09

    2   -2    0
    1    1    0.52157794E-01 -0.14963513E-14
    2    1   -0.14650828E+00  0.28472039E-12
    3    1   -0.22604706E-01  0.21095695E-11
    4    1    0.45259548E-09  0.41419394E-09
    5    1   -0.27833598E-09 -0.54362755E-09
    1    2   -0.19906232E-01 -0.46631124E-12
    2    2    0.52157794E-01  0.53288802E-13
    3    2    0.75650902E-02 -0.88305058E-12
    4    2   -0.45578962E-09  0.45380856E-10
    5    2    0.42762580E-09  0.35571486E-10
    1    3    0.75650902E-02 -0.68501455E-12
    2    3   -0.22604706E-01 -0.67666012E-12
    3    3   -0.70135415E-02 -0.18307624E-14
    4    3   -0.57483017E-09 -0.30588599E-09
    5    3    0.57975590E-09 -0.17197995E-09
    1    4   -0.10821108E-09 -0.12483397E-09
    2    4    0.78694872E-09  0.41083851E-10
    3    4    0.78565016E-09 -0.68493770E-10
    4    4   -0.73459963E-02  0.19804591E-09
    5    4   -0.12930142E-01 -0.28547893E-09
    1    5    0.12816047E-09  0.12128548E-09
    2    5   -0.10555719E-08  0.49669703E-09
    3    5   -0.77962383E-09  0.56419429E-09
    4    5   -0.12930142E-01  0.18854902E-09
    5    5   -0.73459963E-02  0.24662407E-09

    2   -1    0
    1    1   -0.16578878E-01 -0.58014704E-12
    2    1    0.81299858E-01 -0.18760896E-11
    3    1    0.81299927E-01 -0.30207122E-11
    4    1    0.14790690E-08  0.38576913E-09
    5    1   -0.23617932E-08 -0.12455734E-08
    1    2    0.22992919E-02  0.25665581E-11
    2    2    0.78635123E-02  0.52913229E-12
    3    2   -0.22604530E-01  0.10456913E-11
    4    2   -0.11142530E-08 -0.49142463E-09
    5    2    0.85575771E-09  0.12615584E-09
    1    3    0.22992752E-02  0.16703305E-11
    2    3   -0.22604524E-01 -0.20722729E-11
    3    3    0.78635032E-02  0.12018164E-12
    4    3   -0.80853711E-09 -0.10140149E-10
    5    3   -0.13535497E-09  0.36959392E-09
    1    4    0.93683521E-11 -0.23846181E-09
    2    4   -0.11570599E-09 -0.55641759E-09
    3    4    0.21257433E-09 -0.92109168E-09
    4    4    0.44603635E-01 -0.36911585E-09
    5    4    0.16091008E-01 -0.48766755E-10
    1    5   -0.13529160E-09 -0.71154176E-10
    2    5   -0.76460426E-09  0.30012962E-10
    3    5   -0.91587206E-09  0.42802943E-09
    4    5   -0.12930142E-01  0.83861862E-10
    5    5    0.44603634E-01 -0.24609098E-09

    2    0    0
    1    1    0.52157820E-01  0.31447067E-12
    2    1   -0.22604620E-01 -0.25124902E-11
    3    1   -0.14650834E+00 -0.24427821E-11
    4    1   -0.35008018E-09  0.19830881E-09
    5    1   -0.45107464E-09  0.84532056E-09
    1    2    0.75650922E-02  0.42463255E-11
    2    2   -0.70135339E-02  0.54589666E-12
    3    2   -0.22604699E-01  0.12788937E-11
    4    2   -0.88998205E-09  0.55619525E-10
    5    2    0.31730814E-09  0.94590704E-09
    1    3   -0.19906226E-01  0.88480612E-12
    2    3    0.75650461E-02 -0.29080072E-11
    3    3    0.52157759E-01 -0.85115248E-12
    4    3   -0.45526372E-09 -0.10810609E-09
    5    3   -0.68895878E-11 -0.15493145E-09
    1    4    0.12411400E-09  0.17422513E-09
    2    4    0.68877649E-09  0.28541060E-09
    3    4    0.24625531E-09 -0.24062642E-09
    4    4   -0.73459966E-02  0.22433652E-09
    5    4    0.16091010E-01 -0.80797452E-11
    1    5    0.13287673E-09  0.75234977E-10
    2    5   -0.35118334E-09  0.19685244E-09
    3    5   -0.23092476E-09  0.12054514E-09
    4    5   -0.93731446E-03 -0.24202117E-09
    5    5   -0.73459966E-02  0.25231656E-09

    2    1    0
    1    1    0.75646241E-03  0.12365109E-12
    2    1   -0.15505978E-02 -0.47482157E-12
    3    1    0.22993136E-02 -0.10075968E-11
    4    1   -0.96291590E-10 -0.15897108E-09
    5    1    0.25472340E-09 -0.24025329E-09
    1    2   -0.25742879E-02  0.24347122E-11
    2    2    0.32802988E-03  0.17858492E-11
    3    2    0.75650963E-02  0.30287300E-11
    4    2   -0.36107670E-09 -0.12083853E-09
    5    2    0.80756746E-09 -0.38513147E-09
    1    3    0.16087472E-03 -0.10535808E-11
    2    3    0.45153531E-03 -0.74979606E-12
    3    3   -0.15802732E-02 -0.18661461E-11
    4    3   -0.10840207E-09  0.70784902E-10
    5    3    0.17838368E-09 -0.10901859E-10
    1    4   -0.11901114E-09 -0.17876195E-09
    2    4    0.12586106E-09 -0.27224551E-09
    3    4    0.20001154E-09 -0.48007503E-10
    4    4    0.20271901E-02  0.10844676E-09
    5    4   -0.12930142E-01 -0.22714094E-09
    1    5    0.17255494E-10 -0.32243790E-10
    2    5   -0.11693387E-09  0.12617111E-10
    3    5   -0.53928695E-10  0.28916338E-10
    4    5    0.44514953E-03 -0.29524272E-10
    5    5    0.20271901E-02  0.12391827E-09

    2    2    0
    1    1    0.56052107E-05 -0.30408235E-12
    2    1   -0.16369546E-03  0.68378279E-12
    3    1    0.45151175E-03 -0.66481542E-12
    4    1   -0.12280232E-09  0.57905261E-10
    5    1    0.71955780E-10  0.19894564E-09
    1    2   -0.16369545E-03 -0.34982745E-12
    2    2    0.56052107E-05  0.10536137E-11
    3    2    0.45151175E-03  0.94813046E-12
    4    2   -0.16688141E-09  0.28519910E-10
    5    2    0.16387711E-09  0.23027286E-09
    1    3    0.69358880E-04 -0.10517837E-11
    2    3    0.69358881E-04  0.11504547E-11
    3    3   -0.30937473E-03 -0.76623217E-12
    4    3   -0.35060068E-10 -0.46931696E-10
    5    3    0.88038679E-10 -0.46652314E-10
    1    4    0.68950736E-11  0.69067151E-10
    2    4    0.80460237E-10  0.60975602E-10
    3    4    0.10335293E-09 -0.48293475E-10
    4    4    0.42323593E-03 -0.26519167E-10
    5    4    0.51753535E-03  0.39543036E-10
    1    5    0.38499259E-10 -0.18461697E-10
    2    5   -0.19620192E-10  0.18451481E-10
    3    5   -0.16198360E-10  0.42855289E-10
    4    5    0.31036426E-03  0.27170544E-10
    5    5    0.42323591E-03 -0.13270781E-10

    2    3    0
    1    1   -0.57068636E-05 -0.44564352E-12
    2    1    0.42663244E-04 -0.68903216E-14
    3    1    0.42663277E-04 -0.13701193E-12
    4    1   -0.45835587E-10  0.73856612E-11
    5    1    0.94169424E-10 -0.77720775E-10
    1    2    0.61888796E-06 -0.36731035E-12
    2    2   -0.59307896E-04  0.25449087E-12
    3    2    0.69360783E-04 -0.45484450E-12
    4    2   -0.35634038E-10 -0.39114282E-11
    5    2    0.99116902E-10 -0.89728890E-10
    1    3    0.61892400E-06  0.12183310E-12
    2    3    0.69360829E-04  0.62638783E-12
    3    3   -0.59307841E-04  0.15254464E-12
    4    3   -0.76257873E-10  0.25838932E-10
    5    3    0.60898790E-10  0.61300260E-10
    1    4   -0.78921052E-10  0.52234428E-11
    2    4    0.39054159E-10 -0.10653077E-10
    3    4    0.26967750E-10 -0.52966526E-10
    4    4    0.99632702E-04 -0.64921277E-10
    5    4   -0.20478408E-02  0.65587480E-10
    1    5    0.74824188E-10  0.22352846E-10
    2    5   -0.11300850E-10  0.17095897E-10
    3    5   -0.72718957E-10 -0.30553378E-10
    4    5    0.31036430E-03  0.23253205E-10
    5    5    0.99632727E-04 -0.58591909E-10

    3   -5    0
    1    1   -0.59307878E-04 -0.36359804E-12
    2    1    0.69360757E-04 -0.41319725E-12
    3    1    0.61888408E-06 -0.65870920E-12
    4    1    0.52442996E-10 -0.11970132E-10
    5    1   -0.72195925E-10 -0.39145807E-11
    1    2    0.69360757E-04  0.36183556E-12
    2    2   -0.59307878E-04  0.29198866E-12
    3    2    0.61888338E-06  0.91898711E-13
    4    2   -0.51336363E-11 -0.53340071E-10
    5    2    0.11261226E-10  0.33701706E-10
    1    3    0.42663367E-04  0.16474322E-12
    2    3    0.42663366E-04  0.59896532E-13
    3    3   -0.57068443E-05  0.75078832E-13
    4    3    0.41554979E-10 -0.40866239E-10
    5    3    0.25093966E-10 -0.54086141E-10
    1    4    0.41589089E-10 -0.54896879E-10
    2    4   -0.22739349E-10 -0.37907152E-11
    3    4    0.42208674E-10  0.52883818E-10
    4    4    0.99632655E-04  0.41981890E-10
    5    4    0.35282632E-02  0.17513269E-10
    1    5   -0.45181165E-10  0.69028927E-11
    2    5    0.75842313E-11 -0.62443019E-10
    3    5    0.16388543E-10  0.38896446E-10
    4    5   -0.23893080E-02 -0.79510967E-10
    5    5    0.99632681E-04  0.37559081E-10

    3   -4    0
    1    1    0.85028884E-04 -0.24658053E-12
    2    1    0.16089718E-03  0.12200518E-11
    3    1   -0.16370064E-03 -0.33635594E-12
    4    1    0.67920101E-10  0.10004602E-09
    5    1   -0.75682521E-10  0.98546639E-11
    1    2    0.33129976E-04  0.10263318E-12
    2    2   -0.16552057E-03  0.68553496E-12
    3    2    0.42661091E-04 -0.34194869E-13
    4    2   -0.50608188E-11  0.18006524E-10
    5    2    0.67780506E-11  0.44882739E-10
    1    3   -0.25009786E-03 -0.54336743E-12
    2    3    0.10219033E-02 -0.29315439E-12
    3    3    0.55453331E-04 -0.46035398E-12
    4    3    0.61290738E-10  0.66700600E-10
    5    3   -0.36439985E-10  0.75166146E-10
    1    4    0.50252136E-10  0.79045423E-11
    2    4    0.15146344E-10  0.98785211E-10
    3    4   -0.48187451E-10 -0.33505260E-10
    4    4    0.80820180E-03  0.78068246E-10
    5    4   -0.20478408E-02 -0.58458183E-10
    1    5   -0.49361266E-10  0.43816431E-10
    2    5    0.11406020E-09 -0.97092884E-10
    3    5    0.69848366E-10 -0.98879229E-10
    4    5    0.23142558E-02 -0.33659624E-10
    5    5    0.80820178E-03  0.79587767E-10

    3   -3    0
    1    1    0.85699243E-02  0.30903303E-12
    2    1   -0.19906149E-01  0.13085403E-11
    3    1   -0.25742273E-02  0.13701471E-11
    4    1    0.18953077E-09  0.49598750E-10
    5    1   -0.13372558E-09 -0.15076672E-09
    1    2   -0.42771638E-02 -0.94317142E-13
    2    2    0.85699243E-02  0.82703098E-12
    3    2    0.10218705E-02 -0.28781144E-12
    4    2    0.11953353E-09  0.25045997E-10
    5    2   -0.45630484E-10 -0.20480290E-10
    1    3    0.10218705E-02 -0.12213980E-11
    2    3   -0.25742273E-02 -0.97134106E-12
    3    3   -0.77949176E-03 -0.11384216E-11
    4    3    0.22402106E-09 -0.36413722E-10
    5    3   -0.70391126E-10 -0.70851962E-10
    1    4   -0.30088919E-11 -0.62106755E-10
    2    4   -0.12575444E-09  0.71160087E-10
    3    4   -0.15313468E-09  0.12540201E-09
    4    4   -0.10294460E-02  0.90353017E-10
    5    4    0.19288947E-02 -0.13286523E-09
    1    5    0.19195975E-10  0.61393511E-10
    2    5    0.28687455E-09 -0.11452251E-10
    3    5    0.33045149E-09 -0.50941137E-10
    4    5    0.19288947E-02  0.54615965E-10
    5    5   -0.10294459E-02  0.81995711E-10

    3   -2    0
    1    1   -0.15802762E-02  0.19506619E-12
    2    1    0.22993023E-02 -0.15596552E-11
    3    1    0.75650734E-02 -0.47292031E-12
    4    1    0.20054732E-09 -0.11464010E-10
    5    1   -0.24799271E-09 -0.76311323E-10
    1    2    0.16087683E-03  0.10307102E-11
    2    2    0.75646369E-03  0.73219208E-12
    3    2   -0.25742802E-02  0.11933510E-11
    4    2    0.24357087E-09 -0.66579528E-10
    5    2   -0.18680211E-09 -0.62038842E-10
    1    3    0.45153463E-03 -0.43588744E-12
    2    3   -0.15505971E-02 -0.17900403E-11
    3    3    0.32803161E-03 -0.94585451E-12
    4    3    0.41683977E-09  0.92442886E-10
    5    3   -0.28965215E-09  0.77183469E-10
    1    4   -0.34382781E-10 -0.30744297E-12
    2    4   -0.16376155E-09 -0.12835232E-09
    3    4   -0.34365313E-09 -0.10771834E-10
    4    4    0.20271901E-02 -0.83945018E-10
    5    4   -0.93731446E-03 -0.16459344E-09
    1    5   -0.80383901E-10 -0.95216189E-10
    2    5    0.33458370E-09 -0.19600452E-09
    3    5    0.42744830E-09 -0.18450158E-09
    4    5    0.51753534E-03  0.65456807E-10
    5    5    0.20271901E-02 -0.90417160E-10

    3   -1    0
    1    1   -0.15802750E-02  0.15279444E-12
    2    1    0.75650734E-02 -0.37397724E-11
    3    1    0.22993142E-02 -0.15927815E-11
    4    1   -0.25774050E-09  0.88757840E-10
    5    1    0.11980844E-09 -0.66990533E-10
    1    2    0.45153573E-03  0.20902308E-11
    2    2    0.32803195E-03  0.14874213E-12
    3    2   -0.15505974E-02  0.11552564E-11
    4    2    0.26583078E-09  0.13160332E-09
    5    2   -0.12962286E-09  0.13108161E-09
    1    3    0.16087516E-03  0.84411644E-12
    2    3   -0.25742804E-02 -0.11806944E-11
    3    3    0.75646216E-03 -0.25660030E-12
    4    3    0.37248140E-09  0.74267990E-10
    5    3   -0.20237881E-09 -0.12580692E-09
    1    4    0.13011083E-09  0.11911632E-09
    2    4   -0.10134202E-09  0.20226194E-09
    3    4   -0.17038415E-09  0.72842423E-10
    4    4    0.20271900E-02  0.27551579E-10
    5    4   -0.17024610E-01  0.10066147E-09
    1    5   -0.53678614E-10 -0.11485860E-10
    2    5    0.24922277E-09 -0.52728068E-11
    3    5    0.29724627E-09 -0.26256376E-10
    4    5    0.19288947E-02 -0.79013240E-10
    5    5    0.20271900E-02  0.40290146E-10

    3    0    0
    1    1    0.85699286E-02  0.98254738E-13
    2    1   -0.25742154E-02 -0.18195931E-11
    3    1   -0.19906153E-01 -0.97760688E-12
    4    1    0.11841178E-09 -0.31642262E-10
    5    1    0.26241293E-09 -0.24353890E-09
    1    2    0.10218712E-02  0.16122728E-11
    2    2   -0.77949091E-03  0.78448359E-12
    3    2   -0.25742263E-02  0.54303784E-12
    4    2    0.27020455E-09 -0.37135964E-10
    5    2   -0.47232520E-10 -0.20139917E-09
    1    3   -0.42771632E-02  0.20456206E-12
    2    3    0.10218638E-02 -0.43670623E-12
    3    3    0.85699191E-02 -0.85817464E-12
    4    3    0.16140745E-09  0.71661410E-10
    5    3   -0.23222156E-09 -0.41823713E-10
    1    4   -0.15122657E-10 -0.40015907E-10
    2    4   -0.19195976E-09 -0.80376474E-10
    3    4   -0.25867031E-09  0.19737606E-11
    4    4   -0.10294459E-02  0.11164435E-09
    5    4   -0.93731439E-03 -0.23126778E-09
    1    5   -0.28070486E-10  0.23383719E-11
    2    5    0.68036635E-10 -0.55224638E-10
    3    5    0.10483729E-09 -0.69206646E-10
    4    5    0.23142557E-02 -0.16917710E-10
    5    5   -0.10294459E-02  0.11781724E-09

    3    1    0
    1    1    0.85028781E-04  0.14246342E-13
    2    1   -0.16370056E-03  0.11421939E-11
    3    1    0.16089891E-03 -0.18537255E-12
    4    1    0.68520904E-10  0.47834120E-10
    5    1   -0.19879177E-09  0.10435668E-09
    1    2   -0.25009915E-03 -0.32263046E-12
    2    2    0.55453085E-04  0.78405158E-12
    3    2    0.10219067E-02  0.69814293E-12
    4    2    0.93422346E-10  0.27088765E-10
    5    2   -0.24208423E-09  0.11075839E-09
    1    3    0.33129745E-04 -0.42250925E-12
    2    3    0.42661225E-04  0.31256941E-12
    3    3   -0.16552023E-03 -0.78296878E-12
    4    3    0.27853729E-10 -0.37859920E-10
    5    3   -0.64480001E-10 -0.58374171E-10
    1    4    0.59206108E-10  0.11889465E-10
    2    4    0.36653312E-11  0.73400010E-10
    3    4   -0.83755665E-10  0.53894317E-10
    4    4    0.80820177E-03  0.20430139E-10
    5    4    0.19288947E-02 -0.63287889E-10
    1    5   -0.67905807E-10  0.20788756E-10
    2    5    0.45632815E-11 -0.11039841E-10
    3    5    0.44196812E-10  0.15819506E-10
    4    5   -0.23893079E-02  0.10587128E-10
    5    5    0.80820176E-03  0.31448024E-10

    3    2    0
    1    1   -0.59307896E-04  0.12398416E-12
    2    1    0.61888766E-06  0.45743964E-12
    3    1    0.69360783E-04  0.48835935E-13
    4    1    0.47026959E-10 -0.15962018E-11
    5    1   -0.25960471E-10 -0.82228551E-10
    1    2    0.42663244E-04 -0.49617255E-12
    2    2   -0.57068633E-05  0.43576254E-13
    3    2    0.42663278E-04  0.14378776E-12
    4    2    0.16242215E-10  0.10122304E-10
    5    2   -0.47634900E-12 -0.63900504E-10
    1    3    0.69360828E-04  0.59147132E-13
    2    3    0.61892383E-06  0.20951296E-12
    3    3   -0.59307841E-04 -0.16453505E-12
    4    3   -0.18645825E-10  0.67555878E-10
    5    3   -0.19700504E-10  0.39866297E-10
    1    4    0.83275719E-10 -0.38159330E-10
    2    4    0.50605507E-11 -0.26656880E-10
    3    4   -0.31354426E-10 -0.54554732E-11
    4    4    0.99632681E-04 -0.21028075E-11
    5    4   -0.20478408E-02 -0.46951609E-10
    1    5   -0.49953830E-10  0.54282371E-10
    2    5    0.83176605E-11  0.31021528E-10
    3    5   -0.91187721E-11 -0.61517565E-10
    4    5    0.31036431E-03 -0.39869885E-10
    5    5    0.99632711E-04  0.41226432E-11

    4   -4    0
    1    1    0.32157603E-02  0.41034311E-16
    2    1   -0.42771416E-02  0.94444267E-12
    3    1   -0.25009229E-03  0.31654193E-12
    4    1   -0.45241420E-10  0.85122471E-11
    5    1    0.67243833E-10 -0.38336027E-10
    1    2   -0.42771416E-02 -0.94443573E-12
    2    2    0.32157603E-02  0.56059813E-16
    3    2   -0.25009229E-03  0.24557439E-12
    4    2    0.18991306E-10 -0.95378870E-11
    5    2   -0.47927854E-10 -0.54934031E-10
    1    3   -0.25009229E-03 -0.31653499E-12
    2    3   -0.25009229E-03 -0.24557439E-12
    3    3   -0.23886118E-03 -0.91112300E-17
    4    3    0.65769801E-11 -0.57501302E-10
    5    3   -0.35681927E-10 -0.95586919E-10
    1    4   -0.45241420E-10 -0.85122471E-11
    2    4    0.18991306E-10  0.95378870E-11
    3    4    0.65769801E-11  0.57501302E-10
    4    4   -0.29943326E-02  0.30288381E-16
    5    4   -0.68698844E-03 -0.55675659E-10
    1    5    0.67243833E-10  0.38336027E-10
    2    5   -0.47927854E-10  0.54934031E-10
    3    5   -0.35681927E-10  0.95586919E-10
    4    5   -0.68698844E-03  0.55675686E-10
    5    5   -0.29943326E-02  0.73296646E-17

    4   -3    0
    1    1   -0.16552057E-03  0.40389914E-12
    2    1    0.16089719E-03  0.36096126E-13
    3    1    0.10219033E-02  0.85438601E-13
    4    1    0.71143853E-11 -0.36191611E-10
    5    1   -0.19774225E-10  0.36087241E-11
    1    2    0.33129975E-04 -0.21173341E-12
    2    2    0.85028885E-04  0.22135072E-12
    3    2   -0.25009787E-03  0.45998622E-12
    4    2   -0.62406953E-10 -0.65408970E-10
    5    2    0.32417055E-10  0.15412432E-10
    1    3    0.42661091E-04  0.11017576E-12
    2    3   -0.16370064E-03 -0.97141739E-12
    3    3    0.55453332E-04 -0.59804939E-12
    4    3   -0.12461180E-09  0.29924233E-10
    5    3    0.46468696E-10  0.65868442E-10
    1    4   -0.85490950E-10 -0.18338943E-10
    2    4    0.73705271E-10 -0.70240685E-10
    3    4    0.50698762E-10 -0.94138053E-10
    4    4    0.80820181E-03 -0.69764236E-10
    5    4    0.23142558E-02  0.57392285E-11
    1    5    0.72462261E-10 -0.49488706E-10
    2    5   -0.15395457E-09 -0.18608192E-10
    3    5   -0.16395296E-09  0.10399660E-10
    4    5   -0.20478408E-02  0.36520648E-10
    5    5    0.80820178E-03 -0.62214026E-10

    4   -2    0
    1    1   -0.30937499E-03  0.50209836E-13
    2    1    0.45151148E-03 -0.94679820E-12
    3    1    0.45151211E-03 -0.63042627E-12
    4    1   -0.33222596E-10 -0.22065000E-10
    5    1   -0.84681721E-10  0.79295095E-10
    1    2    0.69358890E-04  0.63951622E-12
    2    2    0.56053715E-05  0.57862048E-12
    3    2   -0.16369524E-03  0.10525608E-11
    4    2   -0.17893930E-09 -0.23988144E-11
    5    2    0.11306503E-09  0.95397236E-10
    1    3    0.69358791E-04 -0.20775048E-13
    2    3   -0.16369523E-03 -0.66291417E-12
    3    3    0.56053150E-05 -0.67737482E-12
    4    3   -0.11783194E-09 -0.80031974E-10
    5    3    0.71979288E-10 -0.15724978E-10
    1    4   -0.48749695E-10  0.50579558E-10
    2    4    0.97296126E-10  0.92607504E-10
    3    4    0.82398081E-10  0.35699732E-10
    4    4    0.42323600E-03 -0.30338586E-10
    5    4    0.44514948E-03  0.82384433E-10
    1    5    0.70635549E-10 -0.87202760E-11
    2    5   -0.11234382E-09  0.32666391E-10
    3    5   -0.11447815E-09  0.78504332E-10
    4    5   -0.20478409E-02 -0.36557687E-10
    5    5    0.42323596E-03 -0.22370328E-10

    4   -1    0
    1    1   -0.16552038E-03 -0.14305224E-12
    2    1    0.10219032E-02 -0.86033264E-12
    3    1    0.16089858E-03 -0.98077102E-12
    4    1   -0.41236059E-10 -0.80985761E-10
    5    1    0.10177025E-09  0.33820312E-10
    1    2    0.42661264E-04 -0.71519179E-13
    2    2    0.55453318E-04  0.61667338E-12
    3    2   -0.16370065E-03  0.99975583E-13
    4    2   -0.10409903E-09 -0.29966778E-10
    5    2    0.13027494E-09 -0.47508893E-10
    1    3    0.33130086E-04 -0.59049987E-14
    2    3   -0.25009739E-03  0.19791807E-12
    3    3    0.85028684E-04 -0.45299875E-12
    4    3   -0.59155852E-10  0.32741999E-10
    5    3    0.27537563E-10  0.36972728E-10
    1    4   -0.45432517E-10  0.21045936E-11
    2    4    0.43519048E-10 -0.65118697E-10
    3    4    0.84101964E-10 -0.41684567E-10
    4    4    0.80820176E-03  0.49033853E-10
    5    4    0.44514953E-03 -0.29584779E-10
    1    5    0.73400638E-10  0.10087792E-10
    2    5   -0.18952254E-10  0.34126567E-10
    3    5   -0.96053861E-10 -0.19784745E-10
    4    5   -0.68698836E-03  0.70653483E-11
    5    5    0.80820174E-03  0.35669245E-10

    4    0    0
    1    1    0.32157619E-02  0.86462447E-15
    2    1   -0.25009000E-03  0.45334906E-12
    3    1   -0.42771418E-02 -0.39108994E-12
    4    1   -0.10112249E-09 -0.15109047E-10
    5    1    0.54716637E-10  0.10458721E-09
    1    2   -0.25009000E-03 -0.45305044E-12
    2    2   -0.23886088E-03  0.10025524E-14
    3    2   -0.25009332E-03 -0.67261474E-12
    4    2   -0.14533261E-10 -0.19054777E-10
    5    2    0.26960036E-10  0.67409639E-10
    1    3   -0.42771418E-02  0.39161036E-12
    2    3   -0.25009332E-03  0.67290618E-12
    3    3    0.32157583E-02  0.80654303E-15
    4    3    0.79804022E-10 -0.24442664E-10
    5    3   -0.52132013E-11 -0.38342711E-10
    1    4   -0.10112249E-09  0.15109047E-10
    2    4   -0.14533261E-10  0.19054777E-10
    3    4    0.79804022E-10  0.24442664E-10
    4    4   -0.29943326E-02  0.17962693E-15
    5    4    0.23142558E-02 -0.41872755E-10
    1    5    0.54716637E-10 -0.10458721E-09
    2    5    0.26960036E-10 -0.67409639E-10
    3    5   -0.52132013E-11  0.38342711E-10
    4    5    0.23142558E-02  0.41873477E-10
    5    5   -0.29943325E-02  0.18599859E-15

    5   -3    0
    1    1   -0.59307878E-04  0.36362580E-12
    2    1    0.69360757E-04 -0.36204373E-12
    3    1    0.42663367E-04 -0.16492363E-12
    4    1    0.41589089E-10  0.54896879E-10
    5    1   -0.45181165E-10 -0.69028927E-11
    1    2    0.69360757E-04  0.41341930E-12
    2    2   -0.59307878E-04 -0.29223846E-12
    3    2    0.42663366E-04 -0.59688365E-13
    4    2   -0.22739349E-10  0.37907152E-11
    5    2    0.75842313E-11  0.62443019E-10
    1    3    0.61888408E-06  0.65883410E-12
    2    3    0.61888338E-06 -0.91940344E-13
    3    3   -0.57068443E-05 -0.74995565E-13
    4    3    0.42208674E-10 -0.52883818E-10
    5    3    0.16388543E-10 -0.38896446E-10
    1    4    0.52442996E-10  0.11970132E-10
    2    4   -0.51336363E-11  0.53340071E-10
    3    4    0.41554979E-10  0.40866239E-10
    4    4    0.99632655E-04 -0.41981939E-10
    5    4   -0.23893080E-02  0.79510939E-10
    1    5   -0.72195925E-10  0.39145807E-11
    2    5    0.11261226E-10 -0.33701706E-10
    3    5    0.25093966E-10  0.54086141E-10
    4    5    0.35282632E-02 -0.17513269E-10
    5    5    0.99632681E-04 -0.37559088E-10

    5   -2    0
    1    1   -0.59307896E-04 -0.12431722E-12
    2    1    0.42663244E-04  0.49620724E-12
    3    1    0.69360828E-04 -0.59133254E-13
    4    1    0.83275719E-10  0.38159330E-10
    5    1   -0.49953830E-10 -0.54282371E-10
    1    2    0.61888766E-06 -0.45739107E-12
    2    2   -0.57068633E-05 -0.43937076E-13
    3    2    0.61892383E-06 -0.20951296E-12
    4    2    0.50605507E-11  0.26656880E-10
    5    2    0.83176605E-11 -0.31021528E-10
    1    3    0.69360783E-04 -0.48940019E-13
    2    3    0.42663278E-04 -0.14400287E-12
    3    3   -0.59307841E-04  0.16420199E-12
    4    3   -0.31354426E-10  0.54554732E-11
    5    3   -0.91187721E-11  0.61517565E-10
    1    4    0.47026959E-10  0.15962018E-11
    2    4    0.16242215E-10 -0.10122304E-10
    3    4   -0.18645825E-10 -0.67555878E-10
    4    4    0.99632681E-04  0.21026653E-11
    5    4    0.31036431E-03  0.39869913E-10
    1    5   -0.25960471E-10  0.82228551E-10
    2    5   -0.47634900E-12  0.63900504E-10
    3    5   -0.19700504E-10 -0.39866297E-10
    4    5   -0.20478408E-02  0.46951415E-10
    5    5    0.99632711E-04 -0.41227924E-11

   -5    2    0
    1    1    0.25526494E-10 -0.94519531E-12  0.88419366E-10 -0.10571275E-11  0.61634476E-11 -0.63813680E-11
    2    1   -0.13133596E-04  0.28322917E-11  0.33432025E-05  0.13601691E-11 -0.52162810E-11  0.49700479E-11
    3    1    0.17952659E-04  0.18385646E-12 -0.63978176E-05 -0.20915810E-12 -0.17811171E-11 -0.26462495E-11
    4    1    0.25123757E-10 -0.12073425E-09  0.21346917E-10 -0.43500474E-11  0.14514557E-04 -0.16553278E-10
    5    1    0.39147132E-10 -0.83399030E-10 -0.76530998E-11 -0.25107713E-10 -0.34648698E-04 -0.33357764E-11
    1    2   -0.16595300E-04 -0.22483231E-11  0.23119810E-04  0.14351446E-11 -0.12639991E-11  0.75721860E-11
    2    2   -0.14462834E-10  0.59450973E-12 -0.26681271E-10 -0.24147320E-12  0.33950951E-11 -0.54218642E-11
    3    2    0.27221483E-04 -0.61491729E-12  0.59546105E-05  0.43359283E-12 -0.12798341E-11 -0.22295509E-11
    4    2    0.13050919E-09 -0.92484857E-10 -0.11789743E-09  0.30989369E-11 -0.74080421E-04  0.26189242E-10
    5    2   -0.39858550E-10 -0.10933525E-09  0.13420809E-09  0.13086350E-10  0.10083003E-03  0.21746986E-11
    1    3   -0.19395181E-05  0.26870243E-13  0.92196941E-05  0.11626213E-11 -0.59702071E-12 -0.27267011E-11
    2    3    0.73232055E-05  0.45294183E-12 -0.71467676E-05 -0.17911365E-11 -0.27491254E-11  0.10083658E-11
    3    3    0.44846367E-10  0.20296872E-12  0.50355415E-10 -0.20123530E-12  0.19856412E-11  0.22680334E-11
    4    3    0.80710897E-10  0.36078243E-10 -0.14091377E-09 -0.82006379E-11  0.14514553E-04  0.40296385E-11
    5    3   -0.73988219E-10  0.73795634E-11  0.14119595E-09  0.14184758E-10  0.24476976E-04 -0.28368436E-11
    1    4   -0.43872427E-10 -0.29210264E-10  0.35711076E-10 -0.10685865E-11  0.24476807E-04 -0.93872764E-11
    2    4   -0.13382533E-09 -0.38889672E-10  0.59339316E-10  0.13648414E-10 -0.51495243E-04 -0.43144067E-11
    3    4   -0.78014786E-10  0.45982694E-10  0.35070455E-12 -0.11157415E-10  0.24476853E-04 -0.82608985E-11
    4    4    0.98379913E-05 -0.17124134E-11  0.17039881E-04 -0.12120199E-10 -0.10330437E-08 -0.11373045E-09
    5    4    0.28217801E-03 -0.31281764E-11 -0.22962232E-03  0.14089205E-10  0.16570409E-08 -0.26204091E-09
    1    5   -0.15021329E-10 -0.55716915E-10 -0.32938448E-11  0.37622427E-10 -0.68370446E-05  0.48823393E-11
    2    5    0.39668945E-10 -0.96880407E-10 -0.30727046E-10  0.22033984E-10  0.14514537E-04  0.10458726E-11
    3    5    0.73882891E-11 -0.13564045E-10  0.10727926E-10 -0.17362527E-11  0.14514533E-04  0.25644697E-10
    4    5    0.26486299E-05 -0.20981847E-10 -0.69610784E-05  0.62830473E-12  0.15556046E-08 -0.56918770E-10
    5    5   -0.98379901E-05 -0.12675652E-10 -0.17039913E-04 -0.98532302E-11 -0.99581270E-09  0.27911675E-11

   -5    3    0
    1    1   -0.64842973E-10 -0.76012590E-12  0.24426179E-10 -0.64159875E-12  0.54865976E-11 -0.21657081E-11
    2    1   -0.91274185E-05  0.48801454E-12 -0.15617496E-04  0.14726137E-11  0.14772895E-11  0.45555510E-11
    3    1    0.53930248E-05  0.84557258E-12  0.10489968E-04 -0.34469248E-12 -0.28590565E-11 -0.77449084E-12
    4    1   -0.81580997E-10  0.77699672E-10  0.41639519E-10  0.57359548E-11  0.14514613E-04 -0.61633394E-11
    5    1   -0.17305224E-10  0.14240622E-09 -0.48963354E-10  0.54920036E-10 -0.51495241E-04  0.20654895E-10
    1    2   -0.91274187E-05 -0.15939723E-11  0.15617497E-04  0.83106071E-12 -0.43446026E-12  0.63366411E-11
    2    2   -0.65071945E-10  0.15108757E-11 -0.24673494E-10 -0.36638091E-12 -0.29923034E-11 -0.37293681E-11
    3    2    0.53930230E-05 -0.11531530E-11 -0.10489969E-04  0.61041841E-12  0.24391958E-12 -0.38061808E-11
    4    2    0.55634602E-10  0.11447815E-09 -0.63926471E-10 -0.54478973E-10  0.14514598E-04  0.10155213E-10
    5    2   -0.14056813E-09  0.75344594E-10  0.11884212E-09 -0.18834092E-10 -0.51495272E-04 -0.15847659E-10
    1    3   -0.68836884E-05  0.28759665E-12  0.17165216E-04  0.23248285E-11 -0.21241914E-11 -0.71122069E-11
    2    3   -0.68836879E-05  0.10177110E-11 -0.17165216E-04 -0.33297461E-11 -0.52031775E-11  0.17462159E-11
    3    3    0.80648119E-12  0.27040566E-12  0.18370544E-12  0.12375691E-12  0.52274826E-11  0.10224405E-11
    4    3    0.74749061E-10 -0.16246442E-10 -0.14200158E-09 -0.46851438E-10 -0.74080494E-04  0.11480098E-10
    5    3   -0.86875759E-10 -0.38189852E-10  0.17878351E-09  0.48539629E-10 -0.51495333E-04 -0.15431923E-10
    1    4    0.26923320E-10  0.32025873E-10 -0.14106118E-10 -0.24365748E-10  0.24476916E-04 -0.13400634E-10
    2    4   -0.76924271E-11  0.67046020E-10  0.94741579E-10 -0.85186535E-11  0.24476885E-04  0.78759978E-11
    3    4   -0.10158407E-10 -0.25507827E-11  0.45737694E-10 -0.22604337E-10 -0.51495179E-04 -0.17492126E-10
    4    4   -0.19675981E-04 -0.76171057E-12  0.63390255E-11 -0.20345132E-11 -0.20060197E-08  0.14109618E-09
    5    4   -0.24457195E-04 -0.45916538E-10  0.29666847E-10  0.35255117E-10  0.94228238E-09 -0.11447967E-09
    1    5   -0.14434263E-10  0.39042225E-10  0.45968432E-10  0.31384159E-10  0.12390021E-03  0.23097203E-10
    2    5    0.64230915E-10  0.18486447E-10 -0.84749250E-10  0.16370918E-10  0.12390023E-03 -0.93346157E-11
    3    5    0.14197247E-10  0.26853867E-10 -0.56790701E-10  0.15340244E-10 -0.74080242E-04  0.29082051E-11
    4    5    0.17684376E-03 -0.12453639E-10  0.11440168E-10 -0.35576914E-10  0.98152033E-09  0.86712709E-10
    5    5    0.19675971E-04 -0.53039257E-12  0.89908780E-11  0.24768096E-11 -0.20048207E-08 -0.44578437E-10

   -4    0    0
    1    1    0.15174455E-09  0.65380510E-16  0.26282614E-09  0.37747483E-16 -0.54086098E-11 -0.88870151E-25
    2    1   -0.13559911E-03 -0.16019537E-11  0.96478371E-04 -0.42324342E-12  0.73572743E-12 -0.18765300E-11
    3    1   -0.98031437E-03  0.20561917E-11  0.44669138E-03  0.90143008E-13  0.31834102E-11  0.27506550E-11
    4    1   -0.82426481E-10  0.51437100E-10  0.35437876E-10  0.60366697E-10  0.94297096E-04  0.10566494E-10
    5    1   -0.24626718E-10  0.78938384E-10 -0.30633820E-10 -0.10812312E-11  0.51460314E-04 -0.90099139E-11
    1    2    0.17316761E-03 -0.99851290E-12 -0.31407819E-04  0.62193957E-12  0.73572595E-12  0.18765318E-11
    2    2   -0.10166180E-09  0.65380531E-16 -0.17608660E-09 -0.37747464E-16  0.33237071E-11 -0.15215949E-24
    3    2   -0.92319534E-04  0.15931292E-12  0.14174433E-03  0.12735257E-11 -0.32393227E-11  0.12730047E-11
    4    2   -0.14950211E-09  0.72921637E-10  0.11085917E-09  0.28280637E-10  0.32529723E-06 -0.14275148E-11
    5    2    0.24670215E-10  0.12189813E-09 -0.11365444E-09 -0.45820859E-10 -0.25170426E-03  0.34808311E-12
    1    3    0.83763492E-03  0.95014093E-12 -0.69381943E-03 -0.18226152E-11  0.31834219E-11 -0.27506485E-11
    2    3    0.12988811E-03 -0.80680514E-12 -0.76673649E-04 -0.39690983E-12 -0.32393291E-11 -0.12729841E-11
    3    3   -0.48961734E-10  0.13076110E-15 -0.84815408E-10 -0.19699292E-22  0.57399588E-11 -0.89536697E-25
    4    3   -0.79975353E-10 -0.31091911E-10  0.15722109E-09  0.25136826E-10  0.94297102E-04 -0.32659206E-10
    5    3    0.15694616E-10  0.33191025E-10 -0.14023616E-09 -0.56020195E-10  0.94296940E-04  0.27728013E-10
    1    4    0.73784718E-10  0.97546313E-12 -0.50405848E-10 -0.27035422E-10  0.94297096E-04 -0.10566471E-10
    2    4    0.16396559E-09  0.28935571E-10 -0.85807694E-10 -0.47905465E-10  0.32529723E-06  0.14275468E-11
    3    4    0.14124471E-09 -0.34594679E-10 -0.51099459E-10  0.19069853E-10  0.94297102E-04  0.32659232E-10
    4    4    0.59849561E-04  0.85626241E-16  0.10366248E-03 -0.26808789E-17  0.13603394E-08 -0.49934544E-24
    5    4    0.54849262E-03  0.50577152E-10 -0.12805355E-04 -0.26547091E-10 -0.18765519E-08  0.30997580E-09
    1    5    0.17663887E-11  0.49388542E-10 -0.89614325E-11 -0.52263059E-10  0.51460314E-04  0.90099362E-11
    2    5   -0.82493670E-10  0.10555697E-09  0.13501279E-10 -0.74124577E-10 -0.25170426E-03 -0.34808571E-12
    3    5   -0.89710314E-10  0.54229280E-10  0.12037212E-10 -0.19580868E-10  0.94296940E-04 -0.27727985E-10
    4    5   -0.43785790E-03  0.56137428E-10  0.20443032E-03 -0.16916460E-10 -0.18765519E-08 -0.30997577E-09
    5    5   -0.59849554E-04  0.17589590E-15 -0.10366247E-03  0.26808789E-17  0.12243639E-08 -0.35729591E-24

   -4    1    0
    1    1    0.70083024E-10 -0.53271970E-12  0.14537457E-09 -0.60466389E-12 -0.56078262E-11 -0.13809964E-11
    2    1   -0.28969141E-04  0.15460436E-11  0.85510340E-05 -0.63360879E-12 -0.46603986E-11  0.80209458E-11
    3    1    0.57386106E-05  0.22337768E-11  0.99400554E-05 -0.36352421E-12 -0.74476521E-12 -0.28925074E-11
    4    1    0.29063319E-10 -0.91727495E-10 -0.99162953E-11 -0.22996196E-10  0.12390028E-03 -0.11526862E-11
    5    1    0.57587598E-10 -0.45795865E-10  0.84742802E-11 -0.41253623E-10  0.95583803E-05 -0.22783252E-10
    1    2   -0.73347079E-04 -0.29913127E-11  0.32514113E-03  0.25018817E-11  0.73091788E-11  0.50112860E-11
    2    2   -0.10393572E-09  0.33412080E-12 -0.17896752E-09  0.28371867E-12  0.26705580E-11 -0.75041094E-11
    3    2    0.11378397E-03  0.46026866E-12 -0.13426365E-03  0.40352097E-12 -0.27538037E-11  0.18720699E-12
    4    2   -0.46545906E-10 -0.96533034E-10  0.15265193E-09  0.48179760E-10 -0.25170401E-03  0.60478603E-11
    5    2    0.13425874E-09 -0.78683684E-10 -0.17784144E-09 -0.25196289E-10  0.32506658E-06  0.46191481E-11
    1    3    0.10330835E-04  0.58639814E-12 -0.85518318E-04 -0.45964317E-13  0.66552112E-11 -0.19039860E-11
    2    3    0.27020065E-04 -0.10138885E-11 -0.12033202E-04 -0.56689180E-12 -0.22390879E-11  0.23590242E-11
    3    3    0.20435463E-10  0.21239868E-12  0.49240419E-10  0.10270474E-12  0.39694171E-11  0.26314667E-11
    4    3   -0.11099453E-09  0.10739931E-10  0.13771770E-09  0.16465953E-10 -0.67288056E-05 -0.55377350E-12
    5    3    0.93644686E-10  0.36883475E-10 -0.15838005E-09 -0.31080517E-10  0.95584466E-05  0.31948426E-10
    1    4   -0.50253971E-10 -0.48735733E-10  0.23794894E-10  0.52496560E-10 -0.11728236E-03 -0.11721777E-10
    2    4    0.10075072E-09 -0.86541634E-10 -0.59803542E-10  0.62208831E-10  0.10083006E-03 -0.75091149E-11
    3    4    0.14431255E-09 -0.58909234E-10 -0.36571082E-10  0.27480766E-10  0.95585225E-05  0.14079646E-10
    4    4    0.11256218E-03  0.68014498E-11  0.14827556E-03  0.87215378E-11  0.19531996E-08 -0.12116297E-09
    5    4   -0.41450934E-04  0.74780610E-10 -0.71795192E-04 -0.29769252E-10 -0.98595445E-09  0.69729463E-10
    1    5   -0.87555205E-11  0.15075228E-11  0.38408592E-10  0.28800823E-10 -0.85900751E-04 -0.33319588E-11
    2    5   -0.12653983E-09 -0.43316882E-10  0.92416149E-10  0.38794302E-10  0.85116742E-04  0.15851054E-10
    3    5   -0.10428125E-09  0.13541103E-10  0.31109004E-10  0.15417227E-11 -0.67290075E-05  0.18471046E-11
    4    5   -0.23808260E-03  0.19260438E-11  0.30370379E-03 -0.25614755E-10 -0.10355988E-08 -0.18301769E-09
    5    5   -0.11256215E-03 -0.85175270E-11 -0.14827552E-03 -0.12186149E-10  0.21238091E-08  0.19921984E-09

   -4    2    0
    1    1   -0.67719290E-10 -0.70219308E-12  0.24283733E-09 -0.75254820E-12 -0.88525680E-11 -0.13516910E-11
    2    1   -0.26259242E-04 -0.10071272E-12  0.60321667E-05 -0.19019896E-12 -0.16908436E-11  0.77063713E-11
    3    1    0.58925473E-05  0.18509711E-11  0.29043011E-04 -0.36365019E-12 -0.50204768E-11 -0.44138711E-11
    4    1   -0.31512728E-10  0.13668684E-09 -0.43264916E-10  0.64178943E-10 -0.68371783E-05  0.69151078E-11
    5    1   -0.45468150E-10  0.85555388E-10  0.22561090E-10 -0.25898475E-10  0.24476938E-04  0.13194229E-10
    1    2    0.22792368E-04 -0.14994554E-11  0.13384188E-03  0.18217917E-11  0.87484947E-11  0.52922633E-11
    2    2   -0.14120058E-09  0.87994291E-12 -0.16512183E-10  0.19543531E-12 -0.14638338E-12 -0.53742029E-11
    3    2   -0.11538226E-05 -0.55065050E-12 -0.62198725E-04  0.57490179E-12 -0.17572726E-11 -0.33489989E-11
    4    2   -0.12717381E-09  0.77095386E-10  0.67556093E-10 -0.67693137E-10  0.85116530E-04 -0.13970179E-11
    5    2    0.50420103E-10  0.13611780E-09 -0.14186750E-09  0.21770895E-10  0.10083014E-03 -0.13099911E-10
    1    3   -0.83028847E-04 -0.21555253E-12  0.14766637E-04  0.16380697E-11  0.43323108E-11  0.73641060E-12
    2    3    0.39344201E-04 -0.48068116E-12 -0.18848295E-04 -0.38437632E-11 -0.40002953E-11  0.24361402E-12
    3    3    0.31281139E-10  0.92044818E-12  0.86286740E-10  0.53648145E-12  0.69243255E-11  0.25917617E-11
    4    3   -0.65871073E-10 -0.48307921E-10  0.14214521E-09  0.43164679E-10  0.85116642E-04  0.14761714E-10
    5    3    0.10485984E-09 -0.28180318E-10 -0.17536280E-09 -0.52071780E-10 -0.34648618E-04 -0.20124480E-10
    1    4   -0.18050164E-10  0.37115081E-12  0.15210114E-10 -0.16692370E-10 -0.44810629E-04 -0.16739930E-10
    2    4    0.10699002E-09  0.16520690E-10 -0.15357691E-09 -0.29586348E-11 -0.34648625E-04 -0.31405688E-11
    3    4    0.13699596E-09 -0.23870599E-10 -0.99062190E-10  0.32152109E-10 -0.34648650E-04 -0.18666706E-10
    4    4    0.58464366E-05  0.89677740E-11 -0.10126233E-04  0.65194239E-11  0.13032656E-08  0.25543574E-10
    5    4   -0.42844731E-03 -0.29949954E-10  0.12956205E-03  0.21142487E-10 -0.17836656E-08  0.25524404E-09
    1    5    0.24951829E-10  0.29735993E-10 -0.39401201E-10 -0.38647404E-10 -0.85900921E-04  0.33899160E-10
    2    5   -0.47747847E-10  0.61969187E-10  0.93430820E-10 -0.79329954E-10 -0.67290958E-05 -0.13680874E-10
    3    5   -0.24383239E-10  0.38368227E-10  0.35760291E-10 -0.36672450E-10  0.85116645E-04  0.14108381E-10
    4    5   -0.33388438E-03  0.35085033E-12  0.32620954E-03 -0.27201962E-10 -0.17346099E-08  0.13654435E-10
    5    5   -0.58463663E-05  0.10627231E-10  0.10126274E-04  0.10070927E-10  0.13563518E-08 -0.20314807E-10

   -4    3    0
    1    1    0.26063218E-10  0.58060674E-12  0.45437922E-10  0.33623278E-13 -0.54452936E-11 -0.10167106E-11
    2    1   -0.17246171E-04 -0.25081111E-11 -0.31960150E-05  0.15043515E-13  0.68656038E-11  0.92145927E-12
    3    1    0.66624325E-05  0.27752288E-11  0.32579120E-04 -0.70514324E-13 -0.70668807E-11 -0.77113425E-12
    4    1    0.59617068E-10 -0.10695502E-09 -0.21330513E-11  0.10564391E-10  0.12390033E-03  0.12661340E-10
    5    1    0.53379493E-10 -0.11760084E-09  0.20366532E-10 -0.68930926E-10  0.24476870E-04 -0.20954091E-11
    1    2    0.67776070E-04  0.71422905E-12  0.49934390E-05 -0.19108250E-13  0.76698633E-11  0.35014154E-11
    2    2   -0.13712267E-09  0.12139934E-11 -0.16799441E-10  0.26957981E-12 -0.22864369E-11 -0.20421657E-11
    3    2   -0.12045054E-05 -0.26847654E-11 -0.46721602E-04  0.34273004E-12 -0.20182466E-11 -0.52452567E-12
    4    2   -0.93158827E-10 -0.13133098E-09  0.58225305E-10  0.48401852E-10 -0.67286611E-05  0.21789223E-11
    5    2    0.18677880E-09 -0.48989816E-10 -0.12426240E-09  0.30080576E-10 -0.34648710E-04 -0.29675041E-11
    1    3   -0.20512930E-03 -0.15214184E-11  0.15927648E-03  0.18251981E-11  0.19191559E-11  0.24974584E-11
    2    3    0.58838581E-04  0.46707985E-12 -0.14334262E-03 -0.41204537E-11  0.29546786E-13  0.41017297E-11
    3    3    0.94995930E-10  0.68564512E-12 -0.12148344E-10  0.21875167E-12  0.28066220E-11  0.87986227E-12
    4    3   -0.88563491E-10 -0.43729752E-10  0.17746425E-09  0.31563277E-10 -0.25170401E-03 -0.88800005E-11
    5    3    0.70352325E-10  0.96414370E-10 -0.21245607E-09 -0.69013995E-10  0.10083010E-03 -0.12104883E-10
    1    4   -0.27925453E-11  0.10179483E-11 -0.17374510E-10 -0.12955608E-10 -0.11728224E-03 -0.33150093E-10
    2    4    0.27393610E-11 -0.35523518E-11 -0.97776287E-10  0.64859838E-10  0.95584726E-05  0.15287304E-10
    3    4    0.27814204E-10 -0.64832193E-11 -0.10441478E-09  0.33426864E-10  0.10083004E-03 -0.39667644E-11
    4    4   -0.18469144E-03 -0.12609388E-10 -0.23343924E-04 -0.15655506E-11  0.20812624E-08 -0.26947313E-09
    5    4    0.13058503E-03 -0.18970244E-11  0.35918446E-03 -0.24132947E-10 -0.92525072E-09  0.23553537E-09
    1    5    0.12703831E-10  0.89878670E-11 -0.25107107E-10  0.61014314E-11  0.51460808E-04  0.13334362E-10
    2    5   -0.67229676E-11  0.36381566E-11  0.13992933E-09 -0.14699741E-10  0.94297088E-04 -0.46200790E-11
    3    5   -0.18324886E-10 -0.23618882E-10  0.10343398E-09 -0.19947973E-10 -0.25170417E-03 -0.16592638E-10
    4    5    0.41961769E-03  0.26466852E-10  0.48141123E-03 -0.12993560E-10 -0.99487106E-09 -0.11216882E-09
    5    5    0.18469148E-03  0.81101723E-11  0.23343931E-04 -0.15587618E-12  0.20190029E-08 -0.50222013E-10

   -4    4    0
    1    1   -0.39173916E-10 -0.65372939E-25  0.18214596E-16 -0.32496428E-25 -0.32135949E-11  0.42046080E-26
    2    1    0.13558264E-03 -0.22690411E-11  0.11405106E-02 -0.67321772E-13  0.49438596E-11 -0.40413561E-11
    3    1   -0.28639867E-05  0.35348229E-11  0.17315264E-03  0.10631199E-13 -0.28639893E-11 -0.16868858E-11
    4    1   -0.43440456E-10  0.55450166E-10 -0.16131580E-10  0.21020716E-10  0.94296990E-04  0.12018441E-10
    5    1   -0.93568386E-11  0.15170483E-09 -0.91316381E-11  0.28444414E-10  0.95584537E-05 -0.94791492E-12
    1    2    0.13558264E-03  0.10609420E-11 -0.11405106E-02 -0.67323425E-13  0.49438431E-11  0.40413578E-11
    2    2   -0.39394988E-10  0.65648840E-25 -0.69014563E-16 -0.32311007E-25 -0.47298137E-11 -0.28137814E-27
    3    2   -0.28639886E-05 -0.17399032E-11 -0.17315264E-03 -0.11853291E-11  0.21340163E-11 -0.49396148E-11
    4    2   -0.14633817E-09  0.86373191E-10  0.11927406E-09  0.68188380E-11  0.94296994E-04  0.50076579E-11
    5    2    0.84661907E-10  0.11758916E-09 -0.11320730E-09 -0.84250518E-10  0.95584401E-05 -0.87674399E-11
    1    3   -0.55132345E-04 -0.16343856E-11 -0.17315264E-03  0.10615803E-13 -0.28640150E-11  0.16868635E-11
    2    3   -0.55132347E-04  0.13415383E-11  0.17315264E-03 -0.11853317E-11  0.21340175E-11  0.49396050E-11
    3    3    0.71255914E-10 -0.42604960E-27  0.29490299E-16 -0.19684925E-25  0.30264494E-11 -0.25336724E-26
    4    3   -0.61201031E-10 -0.30885684E-11  0.15023416E-09  0.30736170E-10  0.32538676E-06 -0.17107654E-10
    5    3    0.90644821E-10  0.47607292E-11 -0.15827532E-09 -0.37496787E-10  0.32502200E-06  0.28382393E-10
    1    4   -0.24406494E-10 -0.21138058E-10  0.16131580E-10  0.21020716E-10  0.94296990E-04 -0.12018443E-10
    2    4   -0.49197468E-10 -0.23617281E-10 -0.11927406E-09  0.68188380E-11  0.94296994E-04 -0.50076585E-11
    3    4   -0.24612867E-11  0.11979667E-10 -0.15023416E-09  0.30736170E-10  0.32538676E-06  0.17107656E-10
    4    4   -0.11969915E-03 -0.14398508E-25 -0.58000479E-14 -0.40814200E-19  0.10767864E-08 -0.68339099E-24
    5    4    0.12008480E-03  0.38726866E-10  0.28814505E-10 -0.19205364E-10 -0.17762560E-08  0.18892470E-09
    1    5    0.14083448E-10 -0.43747109E-10  0.91316381E-11  0.28444414E-10  0.95584537E-05  0.94790473E-12
    2    5    0.31310126E-10 -0.34324382E-10  0.11320730E-09 -0.84250518E-10  0.95584401E-05  0.87674312E-11
    3    5    0.15166819E-10  0.88810588E-11  0.15827532E-09 -0.37496787E-10  0.32502200E-06 -0.28382390E-10
    4    5   -0.45719050E-04  0.12792440E-10 -0.28812577E-10 -0.19201366E-10 -0.17762560E-08 -0.18892468E-09
    5    5    0.11969910E-03 -0.13438362E-25  0.58677022E-14  0.40814191E-19  0.12613182E-08 -0.73721207E-24

   -3   -2    0
    1    1    0.25526435E-10  0.94517449E-12  0.88419330E-10  0.10571036E-11  0.61634476E-11  0.63813680E-11
    2    1    0.31545597E-04 -0.15966356E-11 -0.10519831E-04  0.66103262E-12 -0.12639919E-11 -0.75721875E-11
    3    1   -0.79054558E-05 -0.23769785E-12 -0.25757506E-04  0.61542855E-12 -0.59702284E-12  0.27266959E-11
    4    1    0.85184778E-10 -0.49588819E-10  0.31322582E-10 -0.49133486E-10  0.24476807E-04  0.93872595E-11
    5    1    0.15033848E-10 -0.94315378E-10  0.81185983E-11  0.19094202E-12 -0.68370446E-05 -0.48823411E-11
    1    2    0.11781055E-04  0.17700743E-11  0.57475050E-06  0.59578481E-13 -0.52162915E-11 -0.49700547E-11
    2    2   -0.14462880E-10 -0.59454443E-12 -0.26681235E-10  0.24149358E-12  0.33950951E-11  0.54218642E-11
    3    2   -0.36716117E-05  0.10054154E-11  0.13045864E-04 -0.11539382E-11 -0.27491000E-11 -0.10083419E-11
    4    2    0.14438971E-09 -0.49278063E-10 -0.17940384E-09  0.99504463E-11 -0.51495243E-04  0.43143955E-11
    5    2   -0.41057732E-10 -0.13910345E-09  0.11004553E-09  0.69039606E-11  0.14514537E-04 -0.10458505E-11
    1    3   -0.10689777E-04  0.35166279E-12 -0.16339125E-04 -0.19286044E-11 -0.17811306E-11  0.26462289E-11
    2    3   -0.13537830E-04 -0.58025378E-12  0.18843992E-04  0.50633803E-12 -0.12797934E-11  0.22295499E-11
    3    3    0.44846242E-10 -0.20308668E-12  0.50355415E-10  0.20123833E-12  0.19856412E-11 -0.22680334E-11
    4    3    0.37271185E-10  0.46939383E-10 -0.16005432E-09 -0.21853178E-10  0.24476853E-04  0.82608926E-11
    5    3    0.17836743E-10  0.73579243E-11  0.95171989E-10  0.33229216E-10  0.14514533E-04 -0.25644697E-10
    1    4   -0.28880560E-11 -0.51775755E-10 -0.26642323E-11  0.16953281E-10  0.14514557E-04  0.16553274E-10
    2    4   -0.94308211E-10 -0.43743039E-10  0.91980822E-10  0.20298599E-10 -0.74080421E-04 -0.26189248E-10
    3    4   -0.46695685E-10  0.10669936E-10  0.11421342E-09 -0.93001108E-11  0.14514553E-04 -0.40296440E-11
    4    4    0.98379913E-05  0.17123349E-11  0.17039881E-04  0.12120198E-10 -0.10330437E-08  0.11373045E-09
    5    4   -0.65696044E-05 -0.19002848E-10  0.90052470E-05 -0.17306735E-11  0.15556046E-08  0.56918784E-10
    1    5   -0.28203823E-10 -0.33031611E-10 -0.16883550E-11 -0.16218528E-10 -0.34648698E-04  0.33357639E-11
    2    5    0.57006219E-10 -0.44935355E-10 -0.73425643E-10  0.42854340E-10  0.10083003E-03 -0.21747084E-11
    3    5    0.37200384E-10 -0.58863141E-11 -0.11758057E-09  0.68989803E-11  0.24476976E-04  0.28368336E-11
    4    5   -0.17222227E-03 -0.44970341E-11  0.36932509E-03  0.17171060E-10  0.16570409E-08  0.26204092E-09
    5    5   -0.98379901E-05  0.12675565E-10 -0.17039913E-04  0.98532276E-11 -0.99581270E-09 -0.27911675E-11

   -3   -1    0
    1    1    0.84039739E-10 -0.21484334E-12  0.18576737E-09 -0.87769062E-12  0.71128541E-11  0.81495152E-12
    2    1    0.14852242E-03 -0.92082460E-12 -0.89056515E-04  0.18041823E-12 -0.14889099E-11 -0.14872155E-11
    3    1   -0.11391414E-04  0.10001985E-11 -0.13337443E-04  0.43678608E-12  0.75177538E-12  0.17422430E-11
    4    1   -0.56134225E-11  0.10932122E-09 -0.27401949E-10 -0.36827951E-10  0.95585513E-05  0.14073233E-10
    5    1   -0.85424748E-10  0.55712265E-10  0.34516075E-10  0.75814248E-10  0.12390023E-03 -0.25346970E-10
    1    2    0.53288980E-04  0.14863510E-11  0.32098726E-04  0.20051690E-12 -0.52862494E-11  0.58999435E-12
    2    2   -0.13850020E-09 -0.32737486E-12 -0.25919305E-09 -0.67784454E-12  0.67426938E-11 -0.88372635E-12
    3    2   -0.28319840E-04 -0.75349618E-12  0.28122603E-05  0.99502538E-12 -0.48755238E-11 -0.96660317E-13
    4    2    0.82233522E-10  0.90895395E-10 -0.96486944E-10 -0.68126609E-10  0.10083014E-03 -0.58078260E-11
    5    2   -0.12320332E-09  0.58592691E-10  0.15626628E-09  0.41154552E-10 -0.74080389E-04  0.10285664E-10
    1    3   -0.13425796E-04 -0.52569047E-12 -0.11908257E-03 -0.65908525E-12 -0.12870325E-11 -0.26177721E-11
    2    3   -0.13060450E-03 -0.81076638E-15  0.17388269E-03 -0.11127888E-11 -0.53661688E-11 -0.21735903E-11
    3    3    0.62660714E-10 -0.11390630E-12  0.90768473E-10  0.10826448E-12  0.57767020E-12 -0.17390101E-11
    4    3    0.46818450E-10  0.69626162E-11 -0.13564788E-09 -0.55294607E-10 -0.11728228E-03 -0.66756831E-11
    5    3   -0.16057440E-10 -0.17122150E-10  0.12599504E-09  0.48990550E-10  0.12390030E-03  0.20003423E-11
    1    4    0.10406693E-10  0.48567461E-10  0.11543045E-10 -0.24826368E-10 -0.67288238E-05 -0.17924802E-10
    2    4   -0.11802551E-09  0.93781956E-10  0.49863862E-10 -0.60734757E-10 -0.25170408E-03 -0.44483111E-11
    3    4   -0.99334556E-10 -0.90288731E-11  0.69467642E-10  0.11859233E-10  0.12390011E-03  0.35722816E-10
    4    4    0.72129288E-04  0.55728817E-11  0.17161944E-03  0.68055390E-11 -0.19890736E-08  0.52922145E-10
    5    4    0.54375680E-04  0.45112278E-10  0.19054912E-03 -0.40167645E-10  0.10170838E-08 -0.78238368E-10
    1    5    0.42636961E-10  0.34207570E-10 -0.32848259E-10 -0.14031486E-10 -0.27373584E-03  0.65888156E-11
    2    5    0.16285144E-09  0.33511926E-10 -0.10855330E-09 -0.43126781E-10  0.42496281E-03 -0.66223082E-11
    3    5    0.95629610E-10 -0.17443630E-10 -0.65151531E-10  0.24484042E-10 -0.11728221E-03 -0.35428995E-10
    4    5    0.17017918E-03  0.35417135E-10  0.43931909E-03 -0.22523631E-10  0.14105777E-08  0.26008574E-09
    5    5   -0.72129309E-04  0.65591645E-11 -0.17161949E-03  0.12664555E-10 -0.22703084E-08 -0.14910445E-09

   -3    0    0
    1    1    0.89133883E-08 -0.94928926E-12 -0.39321194E-08 -0.16471321E-11  0.12453806E-10 -0.31224174E-11
    2    1   -0.24079121E-03  0.78924833E-12  0.35120378E-04 -0.60206024E-12  0.31046741E-11  0.64775431E-11
    3    1    0.10555009E-02  0.26738952E-11 -0.45283607E-03  0.29846709E-12  0.13464485E-11  0.16398809E-13
    4    1    0.90324519E-10 -0.51489820E-10 -0.36679079E-11 -0.50105692E-10  0.51462319E-04 -0.43129807E-11
    5    1    0.26309286E-10 -0.10306011E-09  0.16234538E-12 -0.17948962E-10  0.94296910E-04 -0.10573888E-10
    1    2    0.54441821E-03 -0.17287553E-11  0.31999467E-03  0.14757432E-11 -0.34532268E-11  0.10561559E-13
    2    2   -0.49623089E-09 -0.17483360E-13 -0.86148153E-09 -0.33406994E-13 -0.20499982E-11 -0.86202839E-11
    3    2   -0.31825285E-03 -0.12724636E-11 -0.99050026E-04  0.96319589E-12 -0.67399670E-11  0.37345846E-11
    4    2    0.11509905E-09 -0.48994763E-10 -0.23554782E-09  0.88481203E-11  0.42496496E-03 -0.24645229E-10
    5    2   -0.53938441E-10 -0.11979449E-09  0.21246062E-09  0.66416250E-10 -0.25170419E-03  0.21924571E-10
    1    3    0.36912411E-02  0.43178669E-12 -0.30547628E-02  0.47903489E-12 -0.81376320E-11 -0.10579849E-11
    2    3    0.33254533E-03 -0.11562893E-11 -0.46984916E-04 -0.15373731E-11  0.34488059E-11  0.67289788E-11
    3    3   -0.83482810E-08  0.89989648E-13  0.48656668E-08  0.14457402E-12 -0.50332464E-11  0.33165779E-11
    4    3    0.74432542E-10  0.33692630E-10 -0.14767268E-09 -0.20470027E-10 -0.70463281E-03  0.31038991E-10
    5    3   -0.35357934E-10 -0.16676107E-10  0.15155667E-09  0.55256683E-10  0.51460604E-04 -0.30326791E-11
    1    4   -0.20114916E-10 -0.12983414E-10  0.34472379E-10  0.29166707E-10 -0.70463205E-03  0.22247466E-10
    2    4   -0.18882475E-09 -0.48852217E-10  0.12320649E-09  0.68283099E-10  0.42496470E-03 -0.51312695E-11
    3    4   -0.18086380E-09  0.23034793E-10  0.62230236E-10 -0.22756777E-10  0.51461885E-04  0.20881346E-10
    4    4   -0.59682705E-03  0.29432552E-10 -0.10337348E-02  0.50983902E-10 -0.13986114E-08 -0.10581993E-09
    5    4   -0.37448825E-03  0.40241860E-10  0.62302196E-03 -0.39917718E-10  0.17077721E-08 -0.11601300E-09
    1    5   -0.54587788E-10 -0.61134895E-10  0.54291781E-10  0.64393806E-10  0.18357691E-02 -0.48757527E-10
    2    5    0.49641362E-10 -0.87199010E-10 -0.25237744E-10  0.85729583E-10 -0.32836535E-03  0.46717274E-12
    3    5    0.11447039E-09 -0.52757011E-10 -0.35144123E-10  0.30511307E-10 -0.70462909E-03  0.83457548E-11
    4    5    0.13864071E-02 -0.87883371E-10 -0.12931337E-02  0.39332821E-10  0.20620025E-08  0.16451992E-09
    5    5    0.59682706E-03  0.17989082E-12  0.10337348E-02  0.30700616E-12 -0.11488232E-08  0.20100857E-09

   -3    1    0
    1    1   -0.13199006E-08 -0.28469024E-12  0.45352241E-08 -0.40648995E-12  0.34079335E-11 -0.45277100E-11
    2    1   -0.11293306E-03  0.63351582E-12 -0.33139799E-05 -0.16270905E-11  0.91347208E-11  0.30094155E-11
    3    1    0.11122871E-03  0.14018750E-11  0.89241344E-04 -0.45519686E-13  0.63850814E-11 -0.44936274E-11
    4    1   -0.30549185E-10  0.96153778E-10  0.57102901E-10 -0.66418988E-11 -0.85902299E-04  0.45026313E-11
    5    1   -0.60120377E-10  0.47618111E-10 -0.35608260E-10  0.65971010E-10 -0.11728218E-03 -0.28822786E-11
    1    2    0.32672240E-03 -0.17025694E-11  0.12709211E-02  0.80547059E-12 -0.18900237E-10 -0.76429621E-12
    2    2    0.47108240E-08  0.75940391E-12 -0.76135539E-08  0.56203268E-12  0.61210231E-11 -0.58369935E-11
    3    2   -0.49138930E-05 -0.13114879E-13 -0.63147353E-03  0.41666215E-12  0.41432680E-11 -0.48815093E-11
    4    2    0.56984882E-10  0.11952324E-09 -0.82777248E-10  0.87085767E-11 -0.32836027E-03 -0.14461652E-10
    5    2   -0.15838625E-09  0.16567699E-10  0.18902182E-09 -0.46121195E-10  0.42496298E-03  0.12555987E-10
    1    3   -0.31980213E-03 -0.24353757E-12 -0.40915509E-03  0.15145315E-11 -0.25141671E-10 -0.79087001E-11
    2    3    0.19334026E-03 -0.18230560E-11 -0.21501712E-04 -0.10743504E-11  0.21356520E-11 -0.10631893E-12
    3    3   -0.17479657E-08  0.11026982E-11  0.10496534E-08  0.90167717E-12  0.47302300E-11  0.40045000E-11
    4    3    0.59047559E-10  0.38118590E-11 -0.13368974E-09 -0.34333486E-10  0.95767020E-04  0.12244385E-10
    5    3   -0.73508241E-10 -0.16174230E-10  0.18013646E-09  0.57120436E-10 -0.27373590E-03 -0.26955056E-10
    1    4    0.87460956E-10 -0.17852986E-10 -0.67952908E-10 -0.38173696E-10  0.47787506E-03  0.26203914E-10
    2    4   -0.12166226E-09  0.61583166E-10  0.90188760E-10 -0.86684682E-10 -0.41008896E-04 -0.12089880E-10
    3    4   -0.16177300E-09  0.75781617E-10  0.78074023E-10 -0.55847038E-10 -0.27373547E-03 -0.58814804E-11
    4    4    0.25873075E-03  0.29205044E-10  0.24804094E-03  0.28325248E-10 -0.23332846E-08  0.45392773E-09
    5    4   -0.19119534E-03 -0.25593989E-10 -0.45049224E-03 -0.27812403E-10  0.10257717E-08  0.53296704E-12
    1    5   -0.70810292E-10  0.17972211E-10  0.24000083E-11 -0.44949695E-10  0.63393724E-03 -0.27802663E-11
    2    5    0.84271897E-10  0.51647261E-11 -0.14184195E-09 -0.31508591E-10  0.95768264E-04 -0.25717259E-11
    3    5    0.91822470E-10 -0.19462428E-10 -0.55689781E-10 -0.89211018E-11  0.95768733E-04  0.22782643E-10
    4    5   -0.50980631E-03 -0.31470954E-10  0.15543212E-03  0.20179611E-10  0.12291497E-08  0.34730609E-09
    5    5   -0.25873070E-03  0.12324804E-10 -0.24804089E-03  0.12055394E-10 -0.25127678E-08 -0.51066993E-09

   -3    2    0
    1    1   -0.23003342E-08  0.55085103E-12  0.37307132E-08  0.15325588E-12  0.70091820E-11 -0.51998591E-11
    2    1   -0.12226977E-03 -0.20717865E-11 -0.77027516E-04 -0.16871223E-11  0.12764262E-10  0.14863122E-12
    3    1    0.50820237E-04  0.12649506E-11  0.13297609E-03  0.68817219E-12  0.21337362E-11 -0.19021750E-11
    4    1    0.54922059E-10 -0.11102292E-09 -0.32307712E-10 -0.84387223E-10 -0.85902054E-04  0.12681790E-10
    5    1    0.21313907E-10 -0.99589886E-10  0.12912972E-10  0.23731362E-10 -0.44810319E-04 -0.14289553E-10
    1    2    0.54724812E-03 -0.30246828E-13  0.38213185E-03 -0.12873746E-12 -0.14673989E-10 -0.62667228E-12
    2    2   -0.60668514E-09  0.12293283E-11  0.18512632E-08  0.47403952E-12 -0.80196019E-11 -0.29585036E-11
    3    2   -0.90669551E-04 -0.13232538E-11 -0.29054179E-03  0.39774083E-12  0.29508752E-11  0.46157572E-11
    4    2    0.20545798E-09 -0.54103102E-10 -0.19242118E-10  0.56420316E-10  0.95767386E-04 -0.36499862E-11
    5    2   -0.13534366E-09 -0.16037144E-09  0.15572128E-09  0.46233552E-11 -0.41007832E-04  0.83390731E-11
    1    3   -0.10289264E-02 -0.14124291E-11  0.10872582E-03  0.16225494E-11 -0.28506303E-10 -0.65157437E-11
    2    3    0.45983229E-03 -0.67859268E-12 -0.21315246E-03 -0.22984966E-11  0.18082841E-11  0.50313076E-11
    3    3    0.38481721E-08  0.98251181E-12 -0.80082626E-08  0.23558542E-12  0.74358836E-11  0.28675682E-11
    4    3    0.44510858E-10  0.33627050E-10 -0.13029608E-09 -0.61996837E-10 -0.32836029E-03 -0.10012349E-10
    5    3   -0.97111503E-10  0.12149183E-10  0.20139837E-09  0.66111702E-10 -0.41007885E-04 -0.10809148E-10
    1    4    0.30103889E-10  0.10317184E-10  0.27136931E-11  0.24234196E-10  0.47787470E-03 -0.17441760E-10
    2    4   -0.20667461E-10  0.16049871E-10  0.16187792E-09  0.27666962E-10 -0.27373547E-03 -0.22939547E-11
    3    4   -0.10643412E-09  0.10684783E-10  0.17527357E-09  0.24894361E-11 -0.41008906E-04  0.45536892E-11
    4    4   -0.34417509E-03  0.14629424E-11 -0.10004692E-03  0.28477481E-12 -0.15250707E-08 -0.33841342E-10
    5    4    0.28303694E-03 -0.12133447E-11 -0.40110435E-03 -0.48518753E-10  0.17633111E-08 -0.18619496E-09
    1    5   -0.15009455E-10  0.28481579E-10 -0.21134492E-10  0.32834170E-10  0.18357697E-02 -0.45683148E-11
    2    5    0.22051384E-10 -0.10743102E-10 -0.12582152E-09  0.90388438E-10 -0.70462952E-03  0.15845272E-10
    3    5    0.43604331E-10 -0.12284690E-10 -0.77507833E-10  0.78049161E-11 -0.32836519E-03 -0.37267869E-10
    4    5    0.83475882E-03  0.95682731E-11 -0.15585148E-02  0.13531823E-10  0.21907207E-08  0.10236297E-09
    5    5    0.34417512E-03  0.46528656E-10  0.10004693E-03  0.13165614E-10 -0.15520251E-08  0.12176511E-10

   -3    3    0
    1    1   -0.38992398E-09 -0.76025818E-12 -0.96672950E-08 -0.64133163E-15  0.15311983E-10 -0.40139266E-11
    2    1   -0.10331154E-03 -0.23041062E-11 -0.10723209E-02 -0.35993710E-12  0.45422597E-11 -0.15294329E-11
    3    1    0.93279435E-04  0.31979918E-11  0.26598490E-03  0.90199045E-12 -0.19961933E-11  0.13322069E-11
    4    1   -0.11327518E-10  0.11269301E-09 -0.33577122E-10  0.45385852E-10  0.51461708E-04  0.75437355E-11
    5    1   -0.10667487E-09  0.87624028E-10  0.31920702E-10  0.29506053E-10 -0.11728242E-03 -0.14463584E-10
    1    2    0.11022511E-02  0.11887236E-11 -0.41876252E-02 -0.59497394E-12 -0.24311313E-10  0.43704008E-11
    2    2   -0.38994961E-09  0.38664384E-13  0.96672950E-08 -0.67743180E-15 -0.44822585E-11 -0.24075432E-11
    3    2   -0.14032542E-03 -0.27480401E-11 -0.42606373E-03 -0.84855034E-12  0.44462908E-11 -0.45438408E-11
    4    2    0.67544284E-10  0.15187608E-09 -0.13452680E-09 -0.70753378E-10 -0.70463279E-03  0.56045175E-11
    5    2   -0.18164808E-09  0.39346677E-10  0.17016462E-09  0.15509984E-10 -0.27373605E-03  0.81551766E-11
    1    3   -0.45641541E-03 -0.13156635E-11 -0.23959118E-03 -0.14264268E-12 -0.78251636E-11  0.17811175E-11
    2    3    0.21013521E-03  0.75372163E-13  0.20004560E-03 -0.14319890E-11  0.15943658E-11  0.16201558E-11
    3    3    0.67451679E-09  0.13157531E-12  0.34694470E-17 -0.23623043E-14  0.61121024E-11 -0.23860205E-12
    4    3    0.10266511E-09  0.47147235E-10 -0.13838105E-09 -0.41425863E-10  0.42496463E-03  0.47557825E-11
    5    3   -0.73743502E-10 -0.54831570E-10  0.15864651E-09  0.80324592E-10  0.42496284E-03 -0.66035971E-11
    1    4    0.33453369E-10 -0.71127329E-10  0.30842004E-10  0.83544563E-11 -0.70463281E-03  0.11403163E-10
    2    4    0.24307741E-10 -0.28238292E-10  0.10857980E-09 -0.40388908E-10  0.51461743E-04 -0.41635831E-11
    3    4   -0.16346160E-11  0.50069296E-11  0.15232991E-09 -0.25016167E-10  0.42496460E-03  0.33289598E-10
    4    4    0.11936541E-02  0.28535597E-10 -0.58282372E-14 -0.24378805E-14 -0.22568963E-08  0.49234923E-10
    5    4    0.47564070E-03  0.17647219E-10 -0.17413642E-03 -0.45812728E-10  0.90711689E-09 -0.51052072E-11
    1    5   -0.53314321E-10 -0.12075385E-10 -0.61593455E-12  0.47170416E-10 -0.27373606E-03 -0.12695830E-10
    2    5   -0.47648523E-10 -0.30305862E-10 -0.11811867E-09 -0.33907700E-10 -0.11728245E-03 -0.54069926E-11
    3    5   -0.36776607E-11  0.12967609E-10 -0.10512686E-09  0.69260058E-11  0.42496288E-03 -0.34373549E-10
    4    5   -0.35356140E-03 -0.60366937E-11  0.72280000E-04  0.16268080E-10  0.11121266E-08  0.27458717E-09
    5    5   -0.11936541E-02  0.48206276E-10  0.59917349E-14  0.24126379E-14 -0.20682229E-08 -0.20475876E-09

   -3    4    0
    1    1   -0.13693463E-09 -0.10532651E-11  0.16585389E-10  0.71616324E-13  0.71598647E-11 -0.17140010E-11
    2    1    0.11477855E-04 -0.15438787E-11  0.36932920E-09 -0.18869278E-13  0.53178055E-12 -0.34365565E-11
    3    1    0.15753218E-04  0.31848120E-11 -0.16567142E-03  0.19573001E-11 -0.24948007E-11  0.39699399E-11
    4    1    0.30203027E-10 -0.48549848E-10  0.55778975E-10 -0.37947670E-10  0.95584892E-05  0.14119300E-10
    5    1    0.10485467E-10 -0.12940737E-09  0.55448047E-11 -0.35049904E-10  0.94297101E-04 -0.23324953E-10
    1    2    0.13290240E-03  0.71986847E-12 -0.51706095E-04 -0.12864720E-12  0.37943850E-11  0.92942875E-12
    2    2    0.26205500E-10 -0.10341511E-11 -0.45596782E-10 -0.71779699E-13 -0.61927905E-11 -0.95533322E-13
    3    2   -0.89981992E-04 -0.85538272E-12  0.22609084E-03 -0.11484498E-11 -0.85698663E-12 -0.23698467E-11
    4    2    0.14942009E-09 -0.81765170E-10 -0.12445119E-09 -0.51591105E-10 -0.11728222E-03 -0.48466329E-11
    5    2   -0.43168359E-10 -0.13377062E-09  0.16677824E-09  0.12081780E-09  0.51460789E-04  0.56524235E-11
    1    3   -0.60920617E-04  0.31310216E-12 -0.29416680E-04 -0.11518330E-11 -0.57877199E-11 -0.25076080E-11
    2    3    0.19100215E-04 -0.24032301E-12  0.29363539E-04 -0.36704689E-12 -0.71277537E-12  0.26309144E-11
    3    3    0.94616845E-10 -0.16425663E-12  0.12238269E-10 -0.10989777E-12  0.13115731E-11 -0.18573530E-11
    4    3    0.60074109E-10 -0.15184876E-10 -0.14390164E-09 -0.30846290E-10  0.10083003E-03  0.69704388E-12
    5    3   -0.83199175E-10 -0.95250603E-11  0.15036824E-09  0.38369515E-10 -0.25170417E-03  0.19490963E-11
    1    4   -0.81308638E-12  0.14256762E-10 -0.54243090E-10 -0.60634491E-10 -0.67286338E-05  0.10121129E-10
    2    4    0.52031145E-10  0.19761768E-10  0.10119590E-09  0.12249771E-10  0.12390033E-03  0.20315893E-11
    3    4    0.31207302E-10 -0.24156241E-10  0.17554660E-09 -0.41216312E-10 -0.25170405E-03  0.19956419E-10
    4    4   -0.18469150E-03  0.57195310E-11  0.23343931E-04 -0.30436851E-12 -0.10584825E-08 -0.40604163E-10
    5    4   -0.13103922E-03  0.19613167E-10  0.63582731E-03 -0.31670495E-10  0.17668571E-08  0.16604737E-09
    1    5    0.14140023E-10  0.40487063E-10  0.50815963E-10 -0.17037868E-10 -0.34648734E-04 -0.37006820E-10
    2    5   -0.38753516E-10  0.37892503E-10 -0.80153843E-10  0.58609929E-10  0.24476880E-04  0.15038235E-10
    3    5   -0.39113351E-10  0.24240077E-12 -0.18104700E-09  0.59777207E-10  0.10083012E-03  0.13993568E-10
    4    5    0.95671222E-06  0.17316192E-10  0.43582735E-03  0.21845580E-10  0.17757779E-08  0.43495534E-09
    5    5    0.18469144E-03 -0.10456150E-10 -0.23343925E-04  0.24659268E-12 -0.11867720E-08 -0.27033730E-09

   -3    5    0
    1    1   -0.64842986E-10  0.76012243E-12  0.24426185E-10  0.64160049E-12  0.54865976E-11  0.21657081E-11
    2    1    0.28098963E-04 -0.10026564E-11 -0.94183720E-05 -0.99576685E-13 -0.43445873E-12 -0.63366576E-11
    3    1   -0.70794119E-05  0.91415612E-12 -0.29363809E-04  0.21687089E-11 -0.21241991E-11  0.71122118E-11
    4    1   -0.48035267E-10  0.88013835E-10  0.19527691E-10 -0.25556378E-10  0.24476916E-04  0.13400645E-10
    5    1   -0.63445484E-11  0.81543123E-10 -0.87958117E-10  0.63960245E-10  0.12390021E-03 -0.23097231E-10
    1    2    0.28098964E-04  0.42290508E-12  0.94183716E-05  0.46777785E-12  0.14772935E-11 -0.45555246E-11
    2    2   -0.65071963E-10 -0.15108722E-11 -0.24673499E-10  0.36638091E-12 -0.29923034E-11  0.37293681E-11
    3    2   -0.70794120E-05  0.10243982E-11  0.29363809E-04 -0.28253345E-11 -0.52031600E-11 -0.17462080E-11
    4    2    0.29790501E-10  0.14030011E-09 -0.16354995E-09 -0.31826407E-10  0.24476885E-04 -0.78759859E-11
    5    2   -0.14023091E-09  0.63769573E-10  0.16299841E-09  0.15263947E-10  0.12390023E-03  0.93346407E-11
    1    3   -0.56053763E-05  0.15461803E-11 -0.12471112E-04 -0.80742016E-12 -0.28590324E-11  0.77451495E-12
    2    3   -0.56053745E-05 -0.12742699E-11  0.12471114E-04  0.67575633E-12  0.24395293E-12  0.38061950E-11
    3    3    0.80650721E-12 -0.27038484E-12  0.18370457E-12 -0.12375431E-12  0.52274826E-11 -0.10224405E-11
    4    3    0.21685125E-10 -0.29355268E-10 -0.11822535E-09 -0.52152900E-10 -0.51495179E-04  0.17492132E-10
    5    3   -0.19929289E-10  0.19756324E-10  0.14011320E-09  0.45683912E-10 -0.74080242E-04 -0.29082188E-11
    1    4   -0.16286067E-11  0.40787853E-11 -0.33021568E-10  0.21523219E-10  0.14514613E-04  0.61633220E-11
    2    4   -0.99965060E-11  0.96457316E-11  0.56504627E-10 -0.64094070E-10  0.14514598E-04 -0.10155218E-10
    3    4    0.15220421E-10  0.49264092E-11  0.14009996E-09 -0.45332541E-10 -0.74080494E-04 -0.11480104E-10
    4    4   -0.19675981E-04  0.76170363E-12  0.63390303E-11  0.20345149E-11 -0.20060197E-08 -0.14109618E-09
    5    4   -0.18995936E-03  0.14734003E-10 -0.24123882E-10 -0.49548508E-10  0.98152034E-09 -0.86712684E-10
    1    5   -0.23713439E-11  0.10586706E-10  0.49387246E-10  0.50138422E-10 -0.51495241E-04 -0.20654904E-10
    2    5    0.86796344E-11 -0.31241491E-11 -0.10744481E-09 -0.13760865E-10 -0.51495272E-04  0.15847638E-10
    3    5   -0.22030254E-10  0.86103987E-11 -0.18118944E-09  0.41728438E-10 -0.51495333E-04  0.15431938E-10
    4    5   -0.83502148E-04 -0.29558481E-10 -0.20547732E-10  0.52316571E-10  0.94228235E-09  0.11447966E-09
    5    5    0.19675971E-04  0.53036481E-12  0.89908754E-11 -0.24768156E-11 -0.20048207E-08  0.44578437E-10

   -2   -3    0
    1    1   -0.13924292E-10  0.42975346E-12  0.27144077E-10  0.71511850E-12 -0.37482055E-11  0.39438468E-11
    2    1    0.11781051E-04 -0.45999717E-13 -0.57474968E-06 -0.39102946E-12  0.14073448E-11 -0.11435694E-10
    3    1   -0.36716125E-05 -0.12822133E-11 -0.13045864E-04  0.43877081E-12  0.25287816E-11  0.47858437E-11
    4    1    0.51142894E-10 -0.90731862E-10 -0.32985204E-11 -0.21449043E-10 -0.51495238E-04 -0.17291611E-10
    5    1    0.25354461E-10 -0.79501334E-10  0.31501911E-10 -0.20592493E-10  0.14514493E-04 -0.23442142E-12
    1    2    0.31545600E-04  0.13859665E-11  0.10519832E-04  0.64331564E-12 -0.34752497E-12 -0.24739881E-11
    2    2    0.24802510E-10 -0.11002753E-11 -0.87258300E-10  0.87270568E-12  0.83957118E-12  0.77405217E-11
    3    2   -0.79054563E-05  0.11823550E-11  0.25757507E-04 -0.53739712E-12 -0.15670848E-11 -0.31672696E-11
    4    2   -0.75611223E-10 -0.15235123E-09  0.11352720E-09  0.18002242E-10  0.24476827E-04  0.12884071E-10
    5    2    0.17937274E-09 -0.46945002E-10 -0.89814934E-10  0.35362654E-10 -0.68370359E-05  0.21062657E-10
    1    3   -0.13537831E-04  0.65178811E-12 -0.18843991E-04 -0.13182242E-11  0.91230314E-13 -0.82315415E-12
    2    3   -0.10689775E-04 -0.69573400E-12  0.16339126E-04  0.11929385E-11  0.14428452E-11  0.43942109E-11
    3    3    0.44782800E-10 -0.40267008E-12 -0.49671221E-10  0.19664392E-13  0.23326143E-12 -0.99164807E-12
    4    3   -0.77108821E-11  0.35253157E-10  0.11562454E-09  0.50557542E-10  0.24476826E-04 -0.16578417E-10
    5    3    0.26298394E-10 -0.66191012E-11 -0.15745315E-09 -0.44305726E-10  0.14514565E-04 -0.10265615E-10
    1    4   -0.28961665E-10 -0.41970298E-10 -0.11772346E-10 -0.29925027E-10 -0.74080467E-04 -0.39646804E-11
    2    4    0.10610918E-10 -0.36463672E-10 -0.54317022E-10  0.13039081E-10  0.14514596E-04 -0.19396180E-11
    3    4   -0.99085319E-11  0.97826254E-11 -0.77271383E-10  0.20530871E-10  0.14514552E-04 -0.42995288E-11
    4    4    0.98379943E-05  0.65505932E-11 -0.17039918E-04 -0.17636004E-10  0.18322972E-08  0.59100570E-10
    5    4   -0.65695421E-05 -0.31978787E-10 -0.90052849E-05  0.13992617E-11 -0.91960344E-09 -0.11265538E-09
    1    5   -0.28054144E-11 -0.43064011E-10 -0.28652967E-10 -0.48847908E-10  0.10083006E-03 -0.14117655E-11
    2    5   -0.21395414E-10 -0.44027057E-10  0.72986318E-10 -0.71954992E-11 -0.34648707E-04 -0.63701415E-11
    3    5    0.11067580E-10 -0.28092442E-11  0.90321281E-10  0.15417342E-10  0.24476951E-04  0.11162065E-10
    4    5   -0.17222223E-03  0.79377732E-11 -0.36932507E-03  0.32368440E-10 -0.10035990E-08 -0.63730759E-10
    5    5   -0.98379887E-05  0.73470709E-11  0.17039877E-04 -0.16099885E-10  0.19495136E-08 -0.81300262E-11

   -2   -2    0
    1    1    0.51586883E-10  0.17919562E-12  0.18214517E-09 -0.17226936E-13 -0.16915553E-11  0.18137633E-12
    2    1    0.39859784E-04 -0.27662538E-13 -0.24404088E-04 -0.13750172E-12 -0.72381501E-11 -0.52773236E-11
    3    1   -0.18088804E-04 -0.13493264E-11 -0.95730725E-07 -0.22450179E-12  0.11495477E-11  0.15147331E-11
    4    1   -0.13385711E-09  0.55517009E-10  0.20508968E-10  0.66932991E-10 -0.34648625E-04 -0.69254507E-11
    5    1   -0.19068845E-10  0.71541424E-10 -0.50857944E-10 -0.56447566E-11  0.14514570E-04 -0.58253706E-12
    1    2    0.39859788E-04  0.17987091E-11  0.24404090E-04  0.20000325E-11 -0.35090761E-11  0.41020675E-11
    2    2    0.51149134E-10 -0.29763736E-12 -0.17982484E-09 -0.46045874E-12  0.12995538E-12 -0.37332483E-13
    3    2   -0.18088802E-04  0.13850168E-11  0.95730974E-07  0.91711496E-13  0.43579297E-12 -0.30120005E-11
    4    2   -0.97656856E-10  0.75532728E-10  0.20821345E-09  0.30298672E-10 -0.34648588E-04  0.12694420E-10
    5    2    0.32267412E-10  0.12191711E-09 -0.11909269E-09 -0.57989777E-10  0.14514529E-04 -0.60023696E-11
    1    3   -0.55317809E-04 -0.17674314E-11 -0.73670273E-04 -0.11785792E-11 -0.78464707E-12 -0.46135156E-11
    2    3   -0.55317806E-04  0.13838355E-12  0.73670272E-04  0.35712698E-12  0.28083019E-11 -0.14392700E-11
    3    3    0.23462310E-09 -0.38462031E-12  0.13214404E-11  0.43735543E-12  0.58303334E-11 -0.20440113E-11
    4    3   -0.16999299E-10 -0.55972143E-10  0.11309481E-09  0.28901962E-10 -0.44810608E-04 -0.17269184E-10
    5    3   -0.35132434E-11 -0.25616222E-10 -0.81519320E-10 -0.62914354E-10 -0.68370909E-05  0.13095285E-10
    1    4    0.19439689E-10  0.71283204E-10  0.15469719E-10  0.22604329E-10  0.85116556E-04 -0.33029306E-11
    2    4    0.11814158E-09  0.56428860E-10 -0.49252475E-10 -0.12505007E-10  0.85116566E-04  0.10674243E-10
    3    4    0.50736603E-10  0.19510426E-11 -0.62420802E-10 -0.59989996E-11 -0.68370939E-05 -0.47307467E-11
    4    4   -0.11692791E-04 -0.32022655E-11 -0.25962459E-10 -0.15114430E-10  0.12281372E-08  0.12860299E-09
    5    4    0.66675483E-05  0.32735086E-12  0.24398200E-10  0.39547046E-10 -0.16984277E-08 -0.12187751E-09
    1    5    0.37198017E-10  0.64261661E-10 -0.47508029E-11  0.21735203E-10 -0.41007643E-04  0.17741577E-10
    2    5   -0.59427048E-10  0.86840645E-10  0.38513371E-10 -0.23600245E-10 -0.41007636E-04 -0.17855677E-10
    3    5   -0.43437425E-10  0.11268545E-10  0.54846433E-10  0.77363047E-12 -0.44810352E-04 -0.14223430E-10
    4    5    0.38961714E-03  0.43059106E-10 -0.10803358E-10 -0.20841413E-10 -0.20011369E-08 -0.19942413E-09
    5    5    0.11692792E-04  0.57959345E-12 -0.21060876E-10  0.55653886E-12  0.93204668E-09 -0.13102128E-09

   -2   -1    0
    1    1    0.19550254E-08 -0.35592362E-12 -0.18214842E-09 -0.14626815E-11 -0.62010118E-11 -0.26068555E-11
    2    1    0.29882192E-03  0.64314526E-12 -0.33455792E-03  0.25179862E-12 -0.84566197E-11  0.58663611E-11
    3    1    0.29561911E-04  0.81563754E-12  0.61192464E-04  0.79215768E-12 -0.34712776E-11  0.51663680E-11
    4    1    0.10160128E-10 -0.12783274E-09  0.36838489E-10  0.23865349E-11 -0.27373571E-03 -0.39370076E-11
    5    1    0.78888493E-10 -0.44587200E-10 -0.30951703E-10 -0.13534918E-10 -0.67289443E-05 -0.10762777E-10
    1    2    0.20628047E-03  0.14312431E-12  0.22379303E-03  0.14181594E-11  0.42822078E-11  0.10840964E-10
    2    2   -0.90743257E-08 -0.32930337E-12 -0.26478035E-09 -0.15244721E-11 -0.36260785E-11 -0.70958721E-11
    3    2   -0.10451382E-03 -0.25214159E-11 -0.86659026E-04  0.38122543E-12 -0.12835284E-11  0.48865452E-11
    4    2   -0.43009849E-10 -0.12490499E-09  0.17171828E-09  0.85232851E-10 -0.41009241E-04 -0.40886934E-12
    5    2    0.82272225E-10 -0.27412353E-10 -0.25210715E-09 -0.66421622E-10  0.85116738E-04  0.37487996E-11
    1    3   -0.91120614E-04 -0.10608174E-11 -0.63428848E-03  0.10831327E-11  0.47559908E-11  0.79666917E-11
    2    3   -0.35559426E-03 -0.37085439E-12  0.79518575E-03 -0.19892330E-11  0.31832391E-11  0.81662281E-11
    3    3    0.45254698E-08 -0.38629690E-13  0.91707067E-09  0.58518381E-12 -0.13820752E-11 -0.58556510E-11
    4    3   -0.11046964E-10  0.24105112E-10  0.17519325E-09  0.73273025E-10  0.47787479E-03  0.25811361E-10
    5    3   -0.96670604E-12  0.43221235E-10 -0.14432477E-09 -0.55373733E-10 -0.85900724E-04  0.21559642E-11
    1    4   -0.26003060E-10 -0.48683326E-10  0.23035021E-10  0.25313917E-11  0.95767494E-04  0.87033480E-11
    2    4    0.12215976E-09 -0.77070201E-10 -0.28145656E-10  0.30322577E-10 -0.32835970E-03  0.15368321E-10
    3    4    0.94854455E-10 -0.18070756E-11 -0.27569927E-10  0.36184047E-11 -0.85902344E-04  0.12322246E-10
    4    4    0.85444376E-04  0.24177724E-11  0.34808786E-03  0.62946788E-11  0.21393954E-08 -0.53857582E-09
    5    4   -0.44270319E-03  0.45167059E-10 -0.50709357E-04 -0.11133291E-10 -0.89079721E-09 -0.10659563E-09
    1    5   -0.27908889E-10 -0.73159731E-10  0.12218635E-10  0.53741982E-10  0.53718656E-03 -0.32768838E-10
    2    5   -0.18201892E-09 -0.75764983E-10  0.76498812E-10  0.55502644E-10 -0.81174182E-03 -0.97309630E-11
    3    5   -0.88410688E-10  0.22741708E-11  0.12893834E-10 -0.10973861E-10  0.47787934E-03  0.17185439E-10
    4    5   -0.70446436E-03 -0.49675734E-10 -0.49572636E-03  0.35811193E-11 -0.18118803E-08 -0.27872456E-09
    5    5   -0.85444366E-04  0.48930304E-12 -0.34808781E-03  0.50206974E-11  0.22805795E-08  0.56869537E-09

   -2    0    0
    1    1   -0.64170547E-08  0.11419901E-12  0.66779402E-08  0.20122012E-12 -0.84234437E-11  0.39956652E-11
    2    1   -0.83326522E-03  0.61486185E-12 -0.35362630E-03 -0.90054711E-12 -0.16525838E-10  0.43332974E-11
    3    1    0.41777075E-02  0.10138680E-11 -0.11392376E-02 -0.12088041E-12 -0.88152456E-11 -0.10346431E-11
    4    1   -0.11290706E-09  0.86462359E-10 -0.10482687E-09  0.60105966E-10  0.18357718E-02 -0.47716964E-10
    5    1   -0.24978984E-10  0.92205755E-10  0.44913448E-10  0.32494044E-10 -0.70463057E-03  0.33343290E-10
    1    2    0.17285078E-02 -0.12590117E-12  0.21381397E-02 -0.97946031E-12  0.38313220E-10  0.75669055E-11
    2    2    0.46042111E-09  0.13360936E-12  0.76120295E-09  0.23466434E-12  0.10618032E-11 -0.25963443E-11
    3    2   -0.93731639E-03 -0.28218688E-11 -0.91840311E-03  0.72946988E-12 -0.57260536E-11 -0.50782652E-11
    4    2   -0.98050580E-10  0.39363233E-10  0.26500273E-09 -0.87751601E-10 -0.81174144E-03 -0.78761065E-11
    5    2    0.87744384E-10  0.11114521E-09 -0.20412842E-09 -0.20108981E-10 -0.32836633E-03  0.15317960E-10
    1    3    0.76486777E-02  0.60450273E-13 -0.99581443E-02  0.23042778E-11 -0.75497728E-11 -0.12578062E-10
    2    3    0.14387564E-02 -0.21858150E-11  0.60979219E-03 -0.17797993E-11 -0.86152110E-11 -0.17469004E-10
    3    3    0.60880835E-08  0.84686815E-12 -0.76598338E-08  0.14790807E-11  0.41686460E-11  0.67263306E-11
    4    3   -0.38611282E-12 -0.30922852E-10  0.15243012E-09  0.55285884E-10 -0.24770046E-02  0.55770258E-10
    5    3    0.14312748E-10 -0.32880719E-10 -0.19867504E-09 -0.85798152E-10  0.18357699E-02 -0.59615200E-10
    1    4   -0.39309958E-10  0.31253298E-10 -0.43474848E-10 -0.65509880E-10 -0.24770023E-02  0.52567536E-10
    2    4    0.19095308E-09  0.13736894E-10 -0.90207192E-10 -0.69130250E-10 -0.81174298E-03  0.15869275E-10
    3    4    0.18961490E-09 -0.32931591E-10 -0.27408559E-10  0.30374250E-10  0.18357699E-02 -0.49400459E-10
    4    4    0.44791914E-03  0.45461686E-11  0.77581871E-03  0.78633541E-11  0.16431584E-08  0.43854308E-09
    5    4    0.18837903E-02 -0.11370247E-09 -0.43164057E-03  0.28809626E-10 -0.19691000E-08 -0.95140269E-10
    1    5    0.68547552E-10  0.19486155E-10 -0.84104545E-10 -0.14463236E-09  0.59822544E-02 -0.24063262E-10
    2    5   -0.29359726E-10  0.44366687E-10 -0.14182585E-10 -0.12490028E-09 -0.18329303E-03 -0.31914724E-10
    3    5   -0.88353400E-10  0.42384629E-10  0.14130968E-10 -0.22718896E-10 -0.24769940E-02  0.74786491E-10
    4    5    0.10828136E-02 -0.12633653E-09 -0.79609875E-03  0.49772574E-10 -0.28831636E-08 -0.55565403E-10
    5    5   -0.44791921E-03  0.11651192E-11 -0.77581882E-03  0.20302275E-11  0.15477988E-08 -0.37903873E-09

   -2    1    0
    1    1   -0.21525334E-08  0.14980621E-11  0.11891919E-07  0.85549883E-12  0.27413751E-10 -0.98833910E-11
    2    1   -0.67097710E-03 -0.12662162E-11 -0.36542882E-03 -0.22947727E-11 -0.14129656E-10  0.82688420E-11
    3    1    0.59185786E-03 -0.61537856E-12  0.55329670E-03 -0.37397969E-12 -0.20132937E-10  0.66600930E-11
    4    1    0.52754248E-10 -0.11361279E-09  0.59704436E-10 -0.65358880E-11  0.63393102E-03  0.12543632E-10
    5    1    0.72106782E-10 -0.60179591E-10 -0.32822502E-10 -0.58221032E-10  0.47787911E-03  0.13274878E-10
    1    2    0.50152393E-02 -0.14536460E-11  0.56942876E-02 -0.22845229E-11  0.38370028E-10 -0.56051433E-11
    2    2    0.37205881E-08  0.10351017E-11 -0.26061542E-08  0.62417897E-12 -0.32382146E-10 -0.69210663E-11
    3    2   -0.98744456E-03 -0.12806844E-11 -0.25659760E-02  0.10572118E-11 -0.14034489E-10  0.13899021E-10
    4    2   -0.62906090E-10 -0.20398730E-09 -0.39014740E-10 -0.81299387E-10 -0.18329983E-03 -0.29376636E-10
    5    2    0.13621314E-09  0.30544707E-10 -0.19808661E-09  0.45366145E-10 -0.81174105E-03  0.19670309E-10
    1    3   -0.56842408E-02  0.88508628E-13 -0.23079856E-02  0.15641383E-11 -0.57321300E-11  0.20690096E-10
    2    3    0.21348236E-02 -0.91497705E-12 -0.72301080E-04  0.94073946E-13  0.14705417E-10  0.11115636E-10
    3    3   -0.31509599E-08  0.35191901E-12 -0.65290003E-08  0.18297169E-12 -0.17195907E-10  0.50391972E-11
    4    3   -0.45763751E-10 -0.23583135E-10  0.77424199E-10  0.50064314E-10 -0.18329998E-03 -0.58200746E-10
    5    3    0.80076628E-10  0.86572048E-13 -0.16743372E-09 -0.90773192E-10  0.53718804E-03 -0.68538467E-11
    1    4   -0.42851250E-10  0.95216031E-10  0.52034443E-10  0.24736036E-10 -0.35347429E-02  0.18465559E-11
    2    4    0.12171727E-09  0.54948848E-10 -0.58076772E-10  0.91389462E-10  0.53718997E-03  0.14750698E-10
    3    4    0.12380293E-09 -0.27122549E-10 -0.13081096E-09  0.48405848E-10  0.53718939E-03 -0.32664695E-10
    4    4    0.82575978E-05 -0.48693468E-10 -0.14302753E-04 -0.27639013E-10  0.31142104E-08 -0.74563633E-09
    5    4   -0.14239259E-03 -0.62184676E-10  0.47781056E-03  0.20597541E-10 -0.80070537E-09 -0.17827644E-09
    1    5    0.17278010E-09  0.28916296E-10 -0.17831882E-10  0.13570288E-09  0.59822620E-02  0.10617575E-10
    2    5    0.37968078E-10  0.16004428E-10  0.12519773E-09  0.34836072E-10 -0.24769966E-02  0.68099963E-11
    3    5   -0.50362037E-10  0.27346332E-10  0.69772818E-10 -0.12976631E-10 -0.18329269E-03 -0.11848495E-10
    4    5    0.79980696E-03  0.20705782E-10 -0.89719086E-03  0.33604599E-10 -0.17092213E-08 -0.60513999E-09
    5    5   -0.82577030E-05 -0.12927853E-11  0.14302693E-04 -0.11687118E-11  0.27819253E-08  0.88796825E-09

   -2    2    0
    1    1    0.14040315E-08 -0.50686018E-12  0.90960306E-08 -0.15168639E-14  0.21468518E-10 -0.15542693E-10
    2    1   -0.62047928E-03 -0.11264000E-11 -0.33404317E-02 -0.50291973E-12 -0.15681749E-10  0.26568809E-11
    3    1    0.75112898E-03  0.16521105E-12  0.80026886E-03  0.10545492E-11 -0.24145931E-10  0.76378702E-11
    4    1   -0.12155100E-09  0.82893626E-10  0.37833016E-10  0.41463683E-10  0.18357710E-02 -0.14259858E-10
    5    1    0.29178153E-10  0.12750217E-09 -0.21813935E-10  0.22745595E-10  0.47787965E-03 -0.20016692E-10
    1    2    0.70829621E-02 -0.82088373E-12 -0.78325552E-02  0.44130053E-12 -0.41495522E-10  0.46173546E-10
    2    2    0.14054094E-08  0.79767356E-12 -0.90960302E-08 -0.15224438E-14  0.20015348E-10 -0.92618631E-11
    3    2   -0.14423800E-02 -0.50854487E-12 -0.16406245E-02  0.32139444E-12  0.80484744E-11 -0.17025990E-10
    4    2   -0.27492287E-09  0.62420875E-10  0.50828389E-10 -0.20017088E-11 -0.24770033E-02  0.53608322E-10
    5    2    0.75942753E-10  0.18314102E-09 -0.18137520E-09 -0.44669676E-10  0.53718809E-03 -0.15216569E-11
    1    3   -0.22712128E-02 -0.16649876E-13 -0.19516370E-04  0.42929673E-12  0.28267101E-10  0.13873747E-10
    2    3    0.10552758E-02  0.36936919E-12  0.19751538E-03  0.23282082E-12  0.65858276E-11 -0.18342844E-11
    3    3   -0.26635616E-08 -0.70309557E-12  0.10755286E-15 -0.56547790E-14  0.91927147E-11  0.17376337E-11
    4    3   -0.63294963E-10 -0.11425779E-10  0.10286600E-09  0.39136700E-10 -0.81174277E-03 -0.43112174E-10
    5    3    0.12149395E-09  0.95910966E-11 -0.13748934E-09 -0.46113926E-10 -0.81174078E-03  0.46856660E-10
    1    4   -0.28589167E-10 -0.85699221E-10  0.31105488E-10 -0.26437267E-10 -0.24770033E-02  0.31207505E-10
    2    4   -0.12557966E-09 -0.14827410E-10 -0.60852581E-10 -0.57480972E-10  0.18357711E-02 -0.27975260E-10
    3    4   -0.53752229E-10 -0.29585906E-10 -0.20154989E-09  0.36938614E-10 -0.81174279E-03  0.36189707E-10
    4    4   -0.89583832E-03 -0.22517033E-10 -0.56530301E-14 -0.56856905E-14  0.15693159E-08 -0.19789683E-09
    5    4   -0.74245097E-03  0.50822060E-10  0.42993171E-03 -0.12679232E-10 -0.19472971E-08 -0.15628311E-09
    1    5    0.45855611E-10 -0.11751495E-09 -0.27009175E-10  0.19067083E-10  0.53718810E-03 -0.34470103E-10
    2    5    0.78464809E-10 -0.54932954E-10  0.57563923E-10 -0.19193094E-10  0.47787965E-03  0.18813307E-10
    3    5    0.33169129E-10  0.31474513E-10  0.15321274E-09 -0.16163545E-10 -0.81174078E-03 -0.20395884E-10
    4    5   -0.25794182E-03  0.36399204E-10  0.82325986E-04  0.60774343E-11 -0.27578158E-08 -0.39779393E-09
    5    5    0.89583833E-03 -0.37061002E-10  0.60420419E-14  0.59836009E-14  0.17166987E-08  0.56886577E-09

   -2    3    0
    1    1   -0.60674882E-09 -0.11346566E-11 -0.18513559E-08  0.29613551E-12 -0.87721061E-11 -0.36017305E-11
    2    1   -0.99439189E-04 -0.12822252E-12  0.87892829E-05  0.31029374E-12 -0.21623643E-11 -0.23161710E-11
    3    1    0.26495129E-03  0.11222912E-11 -0.29924768E-03  0.17672282E-11 -0.10620235E-10  0.25025647E-12
    4    1    0.66229385E-12 -0.10346230E-09  0.46018705E-11 -0.14047364E-11 -0.27373549E-03 -0.41864387E-10
    5    1    0.11390356E-09 -0.59776460E-10 -0.16832207E-10 -0.39004708E-10 -0.70462948E-03  0.20400120E-10
    1    2    0.77509426E-03  0.94336450E-12 -0.23592976E-03 -0.24583460E-12  0.55007303E-11  0.14008035E-10
    2    2   -0.22999455E-08 -0.81639821E-12 -0.37309332E-08  0.12582439E-12  0.22986852E-11  0.21750020E-11
    3    2   -0.72286156E-03 -0.25472583E-12  0.54485943E-03 -0.64911011E-12  0.11542919E-11 -0.36013946E-11
    4    2   -0.57902968E-10 -0.14338852E-09  0.14347306E-09  0.94800966E-10  0.47787475E-03  0.10919335E-10
    5    2    0.19203606E-09 -0.71836741E-10 -0.14506793E-09 -0.48965663E-10  0.18357696E-02 -0.31370692E-10
    1    3   -0.32134559E-03  0.28566784E-12 -0.14100038E-04 -0.10945812E-11  0.52707903E-11 -0.39887203E-11
    2    3    0.14420589E-03 -0.14189393E-12  0.35777275E-04  0.33952214E-12  0.27971816E-11  0.67726792E-12
    3    3    0.38467435E-08 -0.30739907E-12  0.80087432E-08  0.79703605E-13 -0.71403467E-11  0.10161376E-11
    4    3   -0.89111030E-10 -0.44837652E-10  0.11397323E-09  0.42019202E-10 -0.41008921E-04  0.32913539E-10
    5    3    0.75924896E-10  0.21230040E-10 -0.12735834E-09 -0.53725388E-10 -0.32836521E-03 -0.80103758E-11
    1    4    0.20913865E-10  0.53392856E-10  0.24133543E-10 -0.57381258E-10  0.95767410E-04  0.37203134E-10
    2    4   -0.67445771E-10  0.69450773E-10 -0.37574595E-10  0.30504500E-10 -0.85902062E-04 -0.36186327E-11
    3    4   -0.11193999E-09  0.31970902E-10 -0.17499528E-09  0.40455876E-10 -0.32836032E-03  0.12228260E-10
    4    4   -0.34417514E-03  0.30060085E-10  0.10004693E-03 -0.86549704E-11  0.22796488E-08  0.83229842E-10
    5    4   -0.19765781E-03  0.20092410E-11 -0.14505472E-02  0.49006184E-10 -0.98766229E-09 -0.45494667E-10
    1    5    0.25791665E-10  0.77194059E-11 -0.51677945E-10 -0.37976568E-10 -0.41007870E-04 -0.30592912E-10
    2    5    0.86612926E-10  0.26173692E-10  0.35827559E-10  0.45769898E-11 -0.44810298E-04  0.63553030E-11
    3    5    0.73336008E-10 -0.62572124E-10  0.11095815E-09 -0.89428229E-11 -0.41007869E-04  0.12184741E-10
    4    5   -0.70574853E-04 -0.25270300E-12 -0.33741835E-03 -0.15835650E-10 -0.12815360E-08 -0.98504752E-10
    5    5    0.34417509E-03  0.12836954E-14 -0.10004692E-03  0.53262342E-12  0.21791278E-08  0.29502127E-10

   -2    4    0
    1    1   -0.14026301E-09  0.34733934E-13  0.15847199E-10  0.19788771E-12 -0.63331313E-11  0.13707821E-11
    2    1    0.34362161E-05  0.23149831E-12  0.18746727E-04 -0.35616305E-12  0.74250596E-12 -0.73390933E-11
    3    1    0.12685289E-04  0.24869646E-13 -0.47405222E-04  0.17711432E-11 -0.21202691E-11  0.85579958E-11
    4    1   -0.16340484E-10  0.69854515E-10 -0.29314584E-10  0.50184015E-10 -0.34648575E-04 -0.49924739E-11
    5    1   -0.18853018E-10  0.93470321E-10 -0.40186004E-11  0.54943154E-11 -0.67291231E-05  0.18890285E-10
    1    2    0.14057250E-03  0.10463907E-11  0.22476527E-04 -0.48870214E-12  0.56747136E-11 -0.31017155E-11
    2    2   -0.67244183E-10 -0.12055158E-11 -0.24335760E-09  0.61854032E-12 -0.62136687E-12  0.67472176E-11
    3    2   -0.59337051E-04  0.24460661E-13  0.96146785E-04  0.14786247E-12 -0.38223592E-11 -0.21378485E-11
    4    2   -0.15132910E-09  0.45717689E-10  0.12386004E-09 -0.73319357E-11 -0.44810621E-04 -0.37794942E-10
    5    2    0.34576077E-10  0.14900116E-09 -0.17733690E-09 -0.54701356E-10 -0.85900938E-04  0.17975599E-10
    1    3   -0.56725733E-04  0.95624379E-12 -0.23001150E-04 -0.11139618E-11  0.25255814E-11  0.19722835E-11
    2    3    0.22091074E-04 -0.10214990E-11  0.18842433E-04  0.12963893E-12  0.24546879E-12  0.29605914E-11
    3    3    0.30754652E-10 -0.40914884E-12 -0.85839594E-10 -0.60165414E-13  0.16855028E-12 -0.28089010E-13
    4    3   -0.56255535E-10 -0.41353348E-11  0.15522221E-09  0.57609324E-10 -0.34648676E-04  0.20602258E-10
    5    3    0.72248461E-10  0.34849403E-10 -0.14621103E-09 -0.49640410E-10  0.85116662E-04 -0.33505184E-10
    1    4    0.41782070E-11  0.14034527E-10  0.22049428E-10  0.63583828E-10  0.85116551E-04  0.29661258E-10
    2    4   -0.20207912E-10 -0.26022970E-11 -0.42961690E-10  0.11100877E-10 -0.68371902E-05 -0.10090841E-10
    3    4   -0.59809025E-10  0.31109066E-10 -0.10555260E-09  0.32311958E-10  0.85116619E-04 -0.21788850E-10
    4    4    0.58463814E-05 -0.75529266E-11  0.10126265E-04  0.92777036E-11  0.11839616E-08 -0.12494412E-09
    5    4    0.14397395E-03 -0.29355048E-10  0.35803749E-03 -0.10098094E-10 -0.18533714E-08 -0.18450572E-09
    1    5   -0.13539916E-10 -0.36718081E-11 -0.43792259E-11  0.29784331E-10  0.10083014E-03 -0.11526153E-10
    2    5    0.25640530E-10 -0.11281932E-10  0.32800491E-10 -0.14939951E-10  0.24476929E-04 -0.11351779E-10
    3    5    0.69165558E-10 -0.14050774E-10  0.11346847E-09 -0.61514184E-10 -0.34648600E-04  0.32412208E-10
    4    5    0.16269847E-03 -0.41787104E-10  0.66502220E-04  0.20855149E-10 -0.17365073E-08 -0.27789744E-09
    5    5   -0.58464201E-05 -0.44566460E-11 -0.10126240E-04  0.41243302E-11  0.11808156E-08  0.20428309E-09

   -2    5    0
    1    1   -0.13924238E-10  0.42979162E-12  0.27144116E-10  0.71514062E-12 -0.37482055E-11  0.39438468E-11
    2    1    0.11781051E-04 -0.46006307E-13 -0.57474968E-06 -0.39102943E-12  0.14073448E-11 -0.11435694E-10
    3    1   -0.36716125E-05 -0.12822096E-11 -0.13045864E-04  0.43877649E-12  0.25287816E-11  0.47858437E-11
    4    1    0.51142894E-10 -0.90731862E-10 -0.32985204E-11 -0.21449043E-10 -0.51495238E-04 -0.17291600E-10
    5    1    0.25354461E-10 -0.79501334E-10  0.31501911E-10 -0.20592493E-10  0.14514493E-04 -0.23443031E-12
    1    2    0.31545600E-04  0.13859603E-11  0.10519832E-04  0.64331770E-12 -0.34752497E-12 -0.24739880E-11
    2    2    0.24802570E-10 -0.11002406E-11 -0.87258337E-10  0.87268876E-12  0.83957118E-12  0.77405217E-11
    3    2   -0.79054563E-05  0.11823572E-11  0.25757507E-04 -0.53740027E-12 -0.15670848E-11 -0.31672697E-11
    4    2   -0.75611223E-10 -0.15235123E-09  0.11352720E-09  0.18002242E-10  0.24476827E-04  0.12884080E-10
    5    2    0.17937274E-09 -0.46945002E-10 -0.89814934E-10  0.35362654E-10 -0.68370359E-05  0.21062654E-10
    1    3   -0.13537831E-04  0.65178597E-12 -0.18843991E-04 -0.13182256E-11  0.91230321E-13 -0.82315415E-12
    2    3   -0.10689775E-04 -0.69573083E-12  0.16339126E-04  0.11929352E-11  0.14428452E-11  0.43942109E-11
    3    3    0.44782939E-10 -0.40260763E-12 -0.49671224E-10  0.19663958E-13  0.23326143E-12 -0.99164807E-12
    4    3   -0.77108821E-11  0.35253157E-10  0.11562454E-09  0.50557542E-10  0.24476826E-04 -0.16578412E-10
    5    3    0.26298394E-10 -0.66191012E-11 -0.15745315E-09 -0.44305726E-10  0.14514565E-04 -0.10265606E-10
    1    4   -0.28961665E-10 -0.41970298E-10 -0.11772346E-10 -0.29925027E-10 -0.74080467E-04 -0.39646758E-11
    2    4    0.10610918E-10 -0.36463672E-10 -0.54317022E-10  0.13039081E-10  0.14514596E-04 -0.19396101E-11
    3    4   -0.99085319E-11  0.97826254E-11 -0.77271383E-10  0.20530871E-10  0.14514552E-04 -0.42995210E-11
    4    4    0.98379943E-05  0.65506474E-11 -0.17039918E-04 -0.17636007E-10  0.18322972E-08  0.59100570E-10
    5    4   -0.65695421E-05 -0.31978787E-10 -0.90052849E-05  0.13992614E-11 -0.91960344E-09 -0.11265538E-09
    1    5   -0.28054144E-11 -0.43064011E-10 -0.28652967E-10 -0.48847908E-10  0.10083006E-03 -0.14117527E-11
    2    5   -0.21395414E-10 -0.44027057E-10  0.72986318E-10 -0.71954992E-11 -0.34648707E-04 -0.63701443E-11
    3    5    0.11067580E-10 -0.28092442E-11  0.90321281E-10  0.15417342E-10  0.24476951E-04  0.11162070E-10
    4    5   -0.17222223E-03  0.79377739E-11 -0.36932507E-03  0.32368439E-10 -0.10035990E-08 -0.63730759E-10
    5    5   -0.98379887E-05  0.73472131E-11  0.17039877E-04 -0.16099876E-10  0.19495136E-08 -0.81300262E-11

   -1   -3    0
    1    1   -0.13865012E-09  0.17086201E-12  0.26017643E-09 -0.25197369E-12  0.10105642E-10  0.22216629E-11
    2    1    0.53288975E-04  0.16549815E-11 -0.32098726E-04  0.70693131E-12 -0.50630764E-12 -0.61010044E-11
    3    1   -0.28319841E-04 -0.96881737E-12 -0.28122605E-05 -0.86527503E-12  0.48302230E-11  0.60631257E-12
    4    1   -0.60497433E-10  0.93656444E-10 -0.33314206E-11  0.69225231E-11  0.10083014E-03 -0.62136198E-11
    5    1   -0.48787705E-10  0.10389645E-09  0.22914298E-10  0.47976145E-10 -0.74080393E-04  0.18893311E-10
    1    2    0.14852242E-03  0.25293266E-12  0.89056517E-04  0.21363811E-11 -0.12050431E-12  0.17648765E-11
    2    2    0.82779687E-10 -0.99679389E-13 -0.18321030E-09 -0.62030116E-12  0.38651019E-11  0.20619184E-11
    3    2   -0.11391411E-04  0.10398437E-11  0.13337444E-04  0.61744590E-12 -0.47973128E-11 -0.30533545E-11
    4    2    0.66266347E-10  0.12737882E-09 -0.13628737E-09 -0.60670540E-10  0.95585648E-05  0.20389105E-10
    5    2   -0.14693465E-09  0.48375815E-10  0.10504153E-09 -0.18815593E-12  0.12390021E-03 -0.16572189E-10
    1    3   -0.13060450E-03 -0.43521932E-12 -0.17388269E-03 -0.16255661E-11 -0.42897000E-11 -0.35594731E-11
    2    3   -0.13425792E-04 -0.16254966E-12  0.11908258E-03  0.30139162E-12 -0.56916070E-11 -0.16208362E-11
    3    3    0.61811157E-10 -0.21355055E-12 -0.88611388E-10 -0.22237034E-12  0.60185034E-12 -0.23398382E-11
    4    3    0.13816870E-10  0.22832337E-11 -0.10866928E-09 -0.30634920E-10 -0.11728228E-03 -0.48370026E-10
    5    3   -0.45423418E-10 -0.22720219E-10  0.14730379E-09  0.43326346E-10  0.12390033E-03  0.35782462E-10
    1    4    0.29548344E-10  0.62215630E-10  0.10877145E-10  0.46899644E-10 -0.25170409E-03  0.37433490E-11
    2    4   -0.31429766E-10  0.83083585E-10 -0.59943481E-11  0.34181333E-10 -0.67288347E-05 -0.24336415E-10
    3    4    0.41240383E-10 -0.38567148E-10  0.23570514E-10 -0.25620320E-10  0.12390014E-03  0.12219598E-10
    4    4    0.72129298E-04 -0.17668521E-11 -0.17161946E-03  0.38548516E-11 -0.19218369E-08  0.57250563E-10
    5    4    0.54375726E-04  0.61625584E-11 -0.19054909E-03  0.46336124E-10  0.10401822E-08  0.25268831E-09
    1    5    0.27119010E-10  0.48842683E-10  0.42742864E-10  0.37907036E-10  0.42496281E-03  0.25630213E-10
    2    5    0.54761828E-10  0.45699801E-10  0.22913952E-10  0.24594007E-10 -0.27373581E-03  0.18596739E-10
    3    5   -0.17983907E-10  0.23138401E-10 -0.95420505E-11  0.85526686E-11 -0.11728224E-03 -0.28059215E-10
    4    5    0.17017922E-03  0.92297679E-10 -0.43931908E-03  0.34433889E-11  0.12423736E-08 -0.11771319E-10
    5    5   -0.72129293E-04 -0.66473010E-11  0.17161945E-03  0.11008018E-10 -0.20521563E-08 -0.16787350E-09

   -1   -2    0
    1    1   -0.90745928E-08  0.26577872E-12  0.26650559E-09 -0.10734651E-11  0.97286586E-11 -0.36119705E-11
    2    1    0.20628047E-03  0.83497174E-12 -0.22379303E-03  0.35519009E-12  0.26843012E-11 -0.72755665E-12
    3    1   -0.10451382E-03 -0.87054946E-12  0.86659025E-04 -0.69771999E-12 -0.25573694E-11  0.58113143E-11
    4    1    0.97298332E-10 -0.85954772E-10 -0.49593213E-10 -0.39701500E-10 -0.41009217E-04  0.11631261E-10
    5    1    0.71868220E-10 -0.38324397E-10  0.28888932E-10 -0.38840834E-10  0.85116740E-04 -0.10810069E-10
    1    2    0.29882193E-03 -0.13570569E-11  0.33455792E-03  0.23883430E-11  0.58989731E-12  0.36268068E-11
    2    2    0.19545101E-08  0.53692732E-12  0.18406431E-09 -0.27413138E-11  0.49976877E-11 -0.25724122E-11
    3    2    0.29561913E-04 -0.34422974E-12 -0.61192464E-04 -0.23432666E-12 -0.14123263E-11  0.23384682E-11
    4    2    0.83597991E-10 -0.79103560E-10 -0.23382884E-09 -0.40353919E-10 -0.27373572E-03  0.17971531E-10
    5    2   -0.36854577E-10 -0.11957692E-09  0.16107052E-09  0.93874951E-10 -0.67289617E-05 -0.10669687E-10
    1    3   -0.35559427E-03 -0.13418842E-11 -0.79518575E-03  0.17652427E-12  0.41746282E-11  0.10471960E-10
    2    3   -0.91120608E-04 -0.78640805E-12  0.63428848E-03 -0.12222209E-11 -0.82534903E-11  0.16368551E-10
    3    3    0.45244544E-08 -0.20884076E-12 -0.91225905E-09  0.14587593E-12 -0.86714180E-12 -0.47877716E-11
    4    3   -0.46023213E-10  0.19079428E-10 -0.10159614E-09 -0.63446014E-10  0.47787479E-03 -0.16684750E-10
    5    3    0.57127527E-11  0.23382176E-10  0.10695277E-09  0.74035875E-10 -0.85900714E-04  0.41620150E-10
    1    4    0.36541360E-11 -0.32519099E-10 -0.12564455E-10 -0.20060440E-10 -0.32835969E-03 -0.40419453E-10
    2    4   -0.11473681E-09 -0.51418658E-10 -0.58224148E-10  0.95615434E-11  0.95767467E-04 -0.50953556E-11
    3    4   -0.75066186E-11 -0.41537638E-10 -0.91897224E-11 -0.19480572E-10 -0.85902332E-04  0.30363006E-10
    4    4    0.85444366E-04  0.53266261E-11 -0.34808781E-03 -0.18604058E-10 -0.11524591E-08 -0.31019869E-09
    5    4   -0.44270314E-03  0.92147600E-10  0.50709401E-04  0.28335995E-10  0.17761553E-08  0.13651685E-09
    1    5   -0.86835618E-10 -0.10012867E-09 -0.98500893E-11 -0.36322408E-10 -0.81174180E-03  0.37625173E-10
    2    5    0.81472541E-10 -0.97532826E-10  0.36634949E-10 -0.60698147E-10  0.53718659E-03  0.19668558E-10
    3    5   -0.68050515E-11 -0.44275355E-12  0.13543420E-10  0.69406985E-11  0.47787932E-03 -0.12025433E-10
    4    5   -0.70446432E-03  0.50797158E-10  0.49572638E-03 -0.31841301E-10  0.23242891E-08 -0.65350334E-10
    5    5   -0.85444370E-04 -0.12837370E-10  0.34808783E-03  0.51143336E-10 -0.98185447E-09  0.35810762E-09

   -1   -1    0
    1    1   -0.40064843E-08 -0.16307702E-13  0.11471744E-08 -0.30156520E-12  0.15685545E-10 -0.62440044E-11
    2    1    0.69966157E-03 -0.39758749E-12 -0.20694679E-02  0.13807296E-12  0.33017338E-10  0.30591646E-11
    3    1   -0.57301675E-04  0.62367478E-12  0.66498979E-03 -0.21690278E-12  0.89110485E-11 -0.80035793E-11
    4    1   -0.83785610E-11  0.12530316E-09 -0.36409335E-10  0.11975128E-09  0.53719201E-03 -0.26791910E-10
    5    1   -0.27711802E-10  0.50719760E-10  0.19190095E-10 -0.60448474E-10  0.95768032E-04  0.33462105E-11
    1    2    0.69966158E-03  0.20692396E-12  0.20694679E-02 -0.17348648E-12  0.70933917E-11  0.12778127E-11
    2    2   -0.40064780E-08 -0.67193633E-14 -0.11452471E-08 -0.17935553E-11  0.70601579E-11 -0.26266418E-11
    3    2   -0.57301677E-04 -0.32344346E-11 -0.66498979E-03  0.11506106E-11 -0.15432156E-11 -0.14818935E-10
    4    2    0.73155969E-10  0.15710390E-09 -0.22973439E-09 -0.11989217E-09  0.53719201E-03  0.15369004E-10
    5    2   -0.10736640E-09  0.26733591E-11  0.21637984E-09  0.49798689E-10  0.95768052E-04 -0.12416423E-10
    1    3   -0.17507486E-03 -0.10122750E-11 -0.60520453E-02  0.16335371E-11 -0.31231871E-10 -0.23969655E-10
    2    3   -0.17507485E-03 -0.13360513E-11  0.60520452E-02 -0.21445407E-11 -0.16156289E-10 -0.44760777E-10
    3    3    0.11152299E-07 -0.60406107E-13  0.58819668E-11  0.66425598E-12 -0.19458326E-11 -0.42254585E-11
    4    3   -0.54133318E-10 -0.29886096E-10 -0.22085680E-09 -0.95341706E-10 -0.35347442E-02  0.65444665E-10
    5    3    0.10624342E-10 -0.37472345E-10  0.16176933E-09  0.83035555E-10  0.63393737E-03 -0.31553159E-10
    1    4    0.66064393E-10  0.23442239E-10  0.30397906E-10 -0.97270260E-10 -0.18329906E-03  0.32711563E-11
    2    4   -0.10505365E-09  0.72304304E-10 -0.16331965E-09  0.50888965E-10 -0.18329908E-03  0.38918369E-12
    3    4   -0.90367170E-10  0.35502385E-10 -0.59230252E-10  0.10901484E-10  0.63393093E-03 -0.31859216E-10
    4    4   -0.16515344E-04  0.43846437E-13  0.17046201E-10 -0.23219189E-10 -0.26558410E-08  0.10484685E-08
    5    4   -0.47651007E-03 -0.40351756E-10 -0.12560439E-10 -0.15773181E-10  0.11998892E-08  0.25172674E-09
    1    5   -0.41517222E-10  0.13442494E-09  0.16659307E-09  0.67217135E-10  0.32373010E-02 -0.49345916E-11
    2    5    0.15574273E-09  0.77545688E-10 -0.14625028E-10  0.12944975E-10  0.32373011E-02 -0.15435231E-10
    3    5    0.90407441E-10  0.21144518E-10  0.77885079E-10 -0.28352688E-10 -0.35347384E-02  0.48813928E-10
    4    5    0.65128468E-02 -0.11094311E-09  0.11090218E-10  0.50314965E-11  0.33159667E-08  0.39391717E-09
    5    5    0.16515345E-04 -0.22411673E-12 -0.25066107E-10  0.35971641E-10 -0.28356403E-08 -0.10876474E-08

   -1    0    0
    1    1   -0.17495246E-06  0.91960467E-12  0.15883813E-06  0.15943722E-11  0.10516298E-09  0.13123964E-10
    2    1   -0.51959411E-02 -0.39892674E-12 -0.44418311E-02 -0.10170233E-11  0.45555844E-10  0.11614422E-10
    3    1    0.10324652E-01  0.26346607E-12  0.22177217E-02 -0.44873207E-12  0.41341459E-10 -0.73736148E-11
    4    1    0.17111040E-09 -0.68621858E-10  0.20227057E-09 -0.58354948E-10  0.59822224E-02 -0.27298266E-10
    5    1    0.27591283E-10 -0.10503371E-09  0.37127091E-10 -0.75237445E-10 -0.24769991E-02  0.62314613E-10
    1    2    0.41303289E-02  0.10238742E-11  0.20003751E-01 -0.22868990E-11  0.79775112E-10 -0.19710162E-10
    2    2    0.31865621E-10  0.21288792E-12 -0.20936860E-08  0.37344811E-12 -0.75965246E-10  0.32212324E-10
    3    2   -0.24237596E-02 -0.20370141E-11 -0.71904539E-02  0.14914225E-11 -0.12015353E-10  0.21551368E-10
    4    2    0.45953467E-10 -0.75658850E-10 -0.32771224E-09 -0.46388012E-10  0.32373016E-02  0.14716256E-12
    5    2   -0.81183207E-10 -0.73576228E-10  0.27302675E-09  0.10527916E-09 -0.18329554E-03 -0.16200915E-10
    1    3   -0.19189748E-01 -0.14807258E-12 -0.81267393E-01  0.20385452E-11 -0.78996536E-09  0.13405834E-09
    2    3    0.14561288E-01 -0.11148052E-11  0.78149509E-02 -0.35611368E-12  0.13411549E-09  0.13469054E-10
    3    3    0.17712580E-06  0.24131305E-12 -0.15837993E-06  0.42968190E-12 -0.47703507E-10  0.11305889E-10
    4    3   -0.10093094E-09 -0.14181937E-10 -0.17307498E-09 -0.16752171E-10 -0.22898793E-01 -0.57293110E-10
    5    3   -0.25153833E-10  0.92549563E-10  0.24096682E-09  0.51531604E-10  0.59822625E-02 -0.40098674E-10
    1    4   -0.11277535E-09 -0.13322088E-10 -0.31248928E-09  0.13981940E-09 -0.22898702E-01 -0.20935504E-10
    2    4   -0.72455068E-10  0.19125996E-11  0.71898495E-10  0.72297905E-10  0.32372962E-02  0.36303496E-10
    3    4   -0.19776843E-09  0.31376702E-10 -0.21608052E-10 -0.11430770E-10  0.59822065E-02 -0.39346810E-10
    4    4   -0.12280415E-01 -0.62027177E-10 -0.21270303E-01 -0.10740610E-09 -0.20233014E-08 -0.14500890E-08
    5    4    0.12734110E-02 -0.10228211E-09 -0.20904691E-03  0.46681603E-10  0.24438528E-08  0.40751092E-09
    1    5    0.69517834E-09  0.84780737E-10 -0.23309034E-09  0.23883433E-10  0.21953162E+00  0.78863531E-10
    2    5   -0.17447489E-10  0.15951823E-09  0.96408526E-10  0.44663675E-10 -0.22898800E-01 -0.41970370E-10
    3    5    0.63706186E-10 -0.40394138E-10 -0.59324496E-10  0.11285906E-09 -0.22898732E-01 -0.24689018E-10
    4    5    0.12968728E-01  0.38411225E-10 -0.10722896E-01  0.46994083E-11  0.66071189E-08  0.38958371E-09
    5    5    0.12280415E-01  0.42960281E-10  0.21270303E-01  0.74380642E-10 -0.18611603E-08  0.70119174E-09

   -1    1    0
    1    1    0.79694480E-08  0.17970955E-12  0.23690261E-06 -0.30491278E-14  0.22262613E-09 -0.31473797E-10
    2    1   -0.52292115E-02 -0.15056442E-11 -0.48061262E-02 -0.21893292E-12 -0.40933732E-10  0.12418481E-10
    3    1    0.64124737E-02 -0.92880998E-13  0.35604446E-02  0.84658788E-13  0.14897821E-10 -0.92704358E-12
    4    1   -0.49457745E-10  0.28595601E-09 -0.35307981E-10  0.18351669E-10  0.59822104E-02 -0.27213618E-10
    5    1   -0.12803175E-09  0.27533952E-10 -0.24613260E-10  0.93459319E-11 -0.35347417E-02  0.71003516E-11
    1    2    0.93203242E-01 -0.19050798E-11 -0.46196666E-02  0.53554166E-14 -0.83782232E-09 -0.77950148E-10
    2    2    0.79719045E-08  0.76477279E-12 -0.23690261E-06 -0.38259549E-14  0.14619454E-09 -0.32066752E-10
    3    2   -0.15258497E-01 -0.50607570E-12 -0.13578931E-01  0.10359951E-11  0.11993459E-09 -0.27202442E-10
    4    2   -0.30606135E-10  0.30165323E-09 -0.42078145E-11 -0.13518620E-10 -0.22898759E-01 -0.10891478E-10
    5    2   -0.34710900E-10  0.12186853E-09  0.20996742E-09  0.17565471E-09  0.32372989E-02  0.39108567E-10
    1    3   -0.16119782E-01 -0.29102382E-12  0.93068339E-02  0.23553615E-12  0.12614767E-09 -0.40570021E-11
    2    3    0.64582237E-02  0.10921336E-11 -0.18575722E-02 -0.77684278E-13 -0.27785306E-10 -0.48066158E-11
    3    3   -0.15897687E-07 -0.89492129E-12  0.32361266E-14 -0.14393045E-13  0.60754313E-10 -0.30231926E-10
    4    3    0.17584247E-09 -0.73569038E-10 -0.24858048E-10  0.17240094E-10  0.32372934E-02 -0.33163770E-10
    5    3   -0.12749726E-09  0.11363204E-09  0.42301696E-10  0.53778675E-10  0.32373027E-02  0.70622683E-10
    1    4    0.14718201E-10 -0.23497788E-09  0.25798798E-10  0.18038725E-11 -0.22898759E-01 -0.36881116E-10
    2    4   -0.14358073E-09 -0.11955992E-09  0.29865950E-10  0.19150670E-10  0.59822104E-02 -0.18064573E-10
    3    4    0.23949415E-09 -0.85498028E-10  0.19318600E-09 -0.39731585E-10  0.32372934E-02  0.38916101E-10
    4    4    0.24560830E-01  0.81348016E-10 -0.36780474E-14 -0.14561429E-13 -0.41850582E-08  0.85301134E-09
    5    4    0.23403514E-02 -0.18409791E-10 -0.39525633E-02  0.14739280E-10  0.64610530E-09  0.51345810E-09
    1    5   -0.15252701E-09 -0.79911863E-10  0.17796075E-09  0.13873239E-10  0.32372990E-02 -0.24676471E-10
    2    5   -0.80885644E-10 -0.14589655E-09  0.89416188E-11  0.49438099E-10 -0.35347417E-02  0.53904154E-10
    3    5   -0.22000683E-09  0.15749595E-09 -0.32674614E-10 -0.31291673E-10  0.32373027E-02 -0.30060440E-10
    4    5    0.87506752E-04 -0.16621953E-10 -0.50522050E-04 -0.11602893E-10  0.28373995E-08 -0.26950622E-10
    5    5   -0.24560830E-01 -0.90650499E-10  0.81878948E-14  0.13123688E-13 -0.32757394E-08 -0.92980644E-09

   -1    2    0
    1    1    0.37182678E-08 -0.22482710E-12  0.26074459E-08  0.13105315E-12  0.60417221E-11 -0.15986761E-11
    2    1   -0.71839486E-03  0.75216309E-13  0.33826954E-03  0.75342116E-12 -0.27692277E-11 -0.71369444E-13
    3    1    0.20771650E-02  0.34075190E-12 -0.90310456E-03  0.98126964E-12  0.29848608E-10 -0.14950300E-10
    4    1    0.12448896E-09 -0.69749725E-10 -0.35092899E-10  0.65570194E-13  0.53718991E-03 -0.12209946E-10
    5    1   -0.48317631E-10 -0.16234835E-09 -0.32351921E-11 -0.14962724E-11 -0.24769966E-02  0.25258974E-10
    1    2    0.62896604E-02  0.35846545E-12 -0.37731729E-02  0.43356692E-12 -0.62616218E-10  0.23559237E-10
    2    2   -0.21539661E-08 -0.52170686E-12 -0.11891158E-07  0.23430272E-12  0.23612425E-10 -0.58289275E-11
    3    2   -0.64447190E-02  0.12098557E-12  0.22788687E-02 -0.43807731E-12 -0.34797758E-10  0.98890032E-11
    4    2    0.15304622E-09  0.12302525E-11 -0.14497286E-09 -0.40352146E-10 -0.35347429E-02  0.23112101E-10
    5    2    0.16050578E-09 -0.27325581E-09  0.15350837E-09  0.11855086E-09  0.59822620E-02 -0.24169496E-10
    1    3   -0.19970909E-02 -0.14167489E-12  0.11663598E-02  0.10741158E-12  0.12535856E-10 -0.23992324E-10
    2    3    0.72639075E-03  0.52624219E-12 -0.32672130E-03 -0.64941759E-13 -0.86630944E-11 -0.31347530E-11
    3    3   -0.31550089E-08 -0.39154010E-12  0.65313585E-08  0.20337204E-12 -0.11225670E-11  0.18899693E-11
    4    3    0.10691270E-09  0.53341024E-10 -0.11222640E-09 -0.67142861E-10  0.53718943E-03  0.88180321E-11
    5    3   -0.17717647E-09 -0.54891279E-10  0.10732253E-09  0.46075483E-10 -0.18329273E-03  0.28075296E-10
    1    4   -0.69425908E-10  0.98060275E-10  0.48567814E-10 -0.10565135E-09 -0.18329985E-03  0.21035925E-10
    2    4    0.10066055E-09  0.53508767E-10 -0.54787858E-10 -0.65357955E-11  0.63393101E-03 -0.26509205E-10
    3    4    0.30392219E-09 -0.10240108E-09 -0.23144228E-10  0.48946333E-11 -0.18329997E-03  0.52019574E-11
    4    4    0.82576755E-05  0.78005538E-11  0.14302708E-04 -0.39966476E-11 -0.15691604E-08  0.79814284E-09
    5    4    0.81229902E-04  0.25078498E-10 -0.68176761E-03  0.30983432E-10  0.25870361E-08  0.25725016E-09
    1    5    0.11971712E-09  0.30372425E-10 -0.10576324E-09 -0.41200796E-10 -0.81174107E-03  0.26770360E-10
    2    5   -0.72745940E-10  0.87884771E-10  0.28517605E-10 -0.49697226E-10  0.47787913E-03 -0.11014799E-10
    3    5   -0.28679559E-09  0.30191798E-10  0.86857687E-10 -0.26717500E-11  0.53718803E-03  0.90202044E-11
    4    5   -0.49919742E-04 -0.55570122E-11  0.57805234E-03 -0.25247343E-10  0.27457280E-08  0.16245005E-09
    5    5   -0.82576462E-05 -0.74573334E-10 -0.14302725E-04  0.43352563E-10 -0.18314821E-08 -0.53708096E-09

   -1    3    0
    1    1    0.47111467E-08  0.65065141E-14  0.76131627E-08  0.38801427E-13  0.50573384E-11  0.21844472E-12
    2    1   -0.66806132E-04  0.97290240E-12  0.12243640E-03 -0.59272626E-12  0.24495582E-11 -0.22468979E-11
    3    1    0.17331375E-03  0.56372539E-12 -0.23789294E-03  0.92616604E-12  0.24137796E-11  0.55899348E-11
    4    1   -0.19982908E-10  0.91285006E-10  0.11085436E-11 -0.22534760E-10 -0.41008886E-04  0.72955574E-12
    5    1   -0.60293064E-10  0.55237188E-10  0.31622201E-13  0.15337197E-10  0.95768288E-04  0.28964429E-10
    1    2    0.10686776E-02  0.21379913E-11 -0.25032509E-03 -0.86510222E-12 -0.79188939E-11 -0.10357081E-11
    2    2   -0.13199114E-08 -0.15985278E-11 -0.45353592E-08  0.13243039E-11 -0.39613433E-11  0.33735673E-11
    3    2   -0.65197385E-03 -0.12577619E-11  0.39835884E-03  0.34610396E-13 -0.60741382E-11 -0.72230485E-11
    4    2    0.58798227E-10  0.84676787E-10 -0.13379025E-09 -0.29304706E-10  0.47787505E-03 -0.16676583E-10
    5    2   -0.18324524E-09  0.85102611E-10  0.17670196E-09 -0.16067963E-10  0.63393723E-03 -0.53960703E-11
    1    3   -0.43950156E-03  0.67121593E-14  0.35309400E-04 -0.13309573E-11  0.55555686E-11  0.42745159E-11
    2    3    0.10375802E-03 -0.24513971E-12 -0.52403520E-04  0.72650014E-12 -0.17016243E-11 -0.11384180E-11
    3    3   -0.17498520E-08 -0.24017984E-12 -0.10478215E-08  0.10651202E-13  0.72355185E-11  0.36696125E-12
    4    3    0.81436183E-10  0.19735684E-10 -0.12981354E-09 -0.34458679E-10 -0.27373549E-03  0.18472310E-10
    5    3   -0.91624591E-10 -0.14845874E-10  0.14389178E-09  0.34593376E-10  0.95768735E-04 -0.37377103E-10
    1    4   -0.33002233E-10  0.49990211E-10  0.66794127E-10  0.61678748E-10 -0.32836025E-03 -0.92727913E-11
    2    4    0.52708300E-10 -0.82152641E-10  0.55534324E-11  0.12011637E-10 -0.85902321E-04  0.28181584E-10
    3    4    0.18463560E-09 -0.33452996E-10 -0.20344350E-10 -0.27831460E-10  0.95767014E-04 -0.27278324E-10
    4    4    0.25873071E-03  0.46559289E-11 -0.24804090E-03 -0.50206879E-11 -0.21652116E-08 -0.32383967E-09
    5    4   -0.85061374E-04  0.44510782E-11  0.36714489E-03  0.19247250E-10  0.12971458E-08  0.96770084E-10
    1    5   -0.94357922E-11 -0.12442919E-10  0.32623680E-10  0.46127849E-10  0.42496295E-03  0.15458283E-10
    2    5   -0.62150855E-10  0.20685126E-10  0.20126720E-10  0.55100614E-10 -0.11728216E-03 -0.37506490E-10
    3    5   -0.12215923E-09  0.58996890E-10  0.10620107E-10 -0.30596434E-10 -0.27373590E-03  0.37188573E-10
    4    5   -0.15591523E-03 -0.28005660E-10 -0.36703905E-03 -0.30359319E-10  0.11833101E-08 -0.85359858E-10
    5    5   -0.25873073E-03 -0.26549786E-10  0.24804092E-03  0.25951461E-10 -0.20958270E-08  0.14044478E-09

   -1    4    0
    1    1   -0.10342197E-09 -0.75269652E-13  0.17854092E-09  0.16452464E-12  0.50317927E-11  0.16731073E-11
    2    1    0.84536745E-05  0.75893135E-12  0.26551285E-04 -0.53891634E-12  0.31377218E-11 -0.82857643E-11
    3    1    0.14540830E-04 -0.40670203E-12 -0.61515383E-04  0.98910514E-14  0.70490006E-11 -0.45611449E-12
    4    1    0.49322625E-10 -0.95483812E-10 -0.32025940E-10 -0.10172824E-10  0.10083007E-03 -0.23935939E-10
    5    1    0.65483188E-11 -0.75939160E-10  0.39242110E-10 -0.38845307E-10  0.85116715E-04  0.12853368E-10
    1    2    0.27698699E-03  0.27289263E-11  0.52208642E-04 -0.37526910E-12 -0.21672047E-11  0.62387704E-14
    2    2    0.69046508E-10 -0.86767664E-12 -0.14387442E-09  0.66544829E-12  0.17811560E-11  0.10193674E-10
    3    2   -0.12784142E-03 -0.10950231E-11  0.67376653E-04  0.10734827E-11 -0.28058999E-11 -0.64729520E-11
    4    2    0.15178830E-09 -0.26000998E-11 -0.10198429E-09  0.23509371E-10 -0.11728236E-03  0.27163622E-11
    5    2   -0.50293036E-10 -0.12297443E-09  0.12111858E-09  0.16351363E-10 -0.85900756E-04  0.26673226E-10
    1    3   -0.12959867E-03  0.80535318E-12 -0.76615268E-04 -0.18393448E-11 -0.11581098E-11 -0.22702157E-11
    2    3    0.27140670E-05 -0.41507122E-12  0.13337649E-04  0.79166068E-12 -0.23546686E-11 -0.13615250E-12
    3    3    0.20075064E-10 -0.54656800E-13 -0.48651051E-10 -0.49238565E-12 -0.38081415E-11 -0.45498887E-12
    4    3    0.45952608E-10 -0.23416301E-11 -0.15998720E-09 -0.73754990E-10  0.95585226E-05 -0.11739183E-10
    5    3   -0.60597558E-10 -0.43709927E-11  0.13184279E-09  0.30312541E-10 -0.67289864E-05 -0.23203072E-10
    1    4    0.47476829E-11 -0.59078394E-10 -0.27292527E-10 -0.67120694E-10 -0.25170400E-03  0.40551004E-11
    2    4    0.24897019E-10 -0.39757929E-10  0.19175461E-10 -0.59067915E-10  0.12390028E-03  0.25225799E-10
    3    4    0.53089266E-10 -0.71248940E-11  0.17283563E-10  0.27797302E-10 -0.67288138E-05 -0.40740874E-10
    4    4    0.11256217E-03  0.27422008E-11 -0.14827554E-03 -0.10451702E-10 -0.11874237E-08  0.17598022E-09
    5    4    0.14068427E-03 -0.52116807E-10  0.40874687E-03 -0.30715053E-10  0.17437951E-08  0.22855201E-09
    1    5   -0.28967263E-10 -0.15902765E-10 -0.28709656E-10 -0.27274046E-10  0.32506309E-06 -0.81297480E-11
    2    5   -0.32140042E-10 -0.16711907E-10 -0.21298797E-10 -0.16850842E-10  0.95583959E-05 -0.55398591E-11
    3    5   -0.71991059E-10  0.15253480E-10 -0.23285951E-10  0.10049521E-10  0.95584388E-05  0.14144316E-10
    4    5    0.11479563E-04  0.96450916E-11 -0.10399648E-03  0.17139214E-10  0.17827371E-08  0.95433696E-10
    5    5   -0.11256217E-03  0.13610099E-10  0.14827554E-03 -0.21956565E-10 -0.10339460E-08 -0.17283908E-09

    0   -4    0
    1    1   -0.10190406E-09  0.65380531E-16  0.17650598E-09  0.37747464E-16 -0.11754449E-11 -0.11966732E-24
    2    1    0.17316760E-03  0.17503407E-11  0.31407815E-04  0.11195624E-11 -0.13516233E-11 -0.11222486E-11
    3    1   -0.92319532E-04 -0.30897062E-12 -0.14174433E-03 -0.20912953E-12  0.66567400E-12  0.18561515E-11
    4    1   -0.95653154E-10  0.10301662E-09  0.54426225E-10  0.23657191E-10  0.32529126E-06 -0.29846276E-11
    5    1   -0.74898216E-11  0.79716718E-10 -0.37402383E-10  0.29917722E-11 -0.25170426E-03  0.84601605E-11
    1    2   -0.13559910E-03  0.21538346E-11 -0.96478371E-04  0.42068866E-12 -0.13516472E-11  0.11222367E-11
    2    2    0.14970691E-09  0.65380510E-16 -0.25929678E-09 -0.37747483E-16  0.39223451E-11 -0.11836158E-24
    3    2   -0.98031437E-03 -0.11604754E-11 -0.44669138E-03  0.82146629E-12 -0.32997810E-11 -0.32447803E-11
    4    2   -0.11517973E-09  0.41287819E-10  0.15801612E-09 -0.17905607E-11  0.94297081E-04  0.85133873E-11
    5    2    0.48508255E-10  0.76889739E-10 -0.11959431E-09 -0.32518111E-10  0.51460341E-04  0.40914147E-12
    1    3    0.12988811E-03  0.69006893E-13  0.76673647E-04 -0.86681926E-12  0.66565030E-12 -0.18561547E-11
    2    3    0.83763492E-03  0.73670779E-13  0.69381943E-03 -0.13191018E-11 -0.32997712E-11  0.32448115E-11
    3    3   -0.49716685E-10  0.13076110E-15  0.86123155E-10  0.19707144E-22 -0.13706305E-11 -0.68609275E-25
    4    3   -0.49645274E-10 -0.26815485E-10  0.11297513E-09  0.53707118E-10  0.94297105E-04 -0.12042951E-10
    5    3    0.42061625E-10  0.10280922E-10 -0.11540358E-09 -0.11841098E-10  0.94296927E-04  0.37869029E-11
    1    4    0.28931976E-10  0.81473531E-10  0.61138245E-10  0.60970912E-10  0.32529126E-06  0.29846587E-11
    2    4   -0.13272800E-10  0.26117922E-10  0.64470194E-10  0.24484472E-10  0.94297081E-04 -0.85133666E-11
    3    4   -0.34450198E-10  0.14656752E-10  0.32682504E-10 -0.18124903E-10  0.94297105E-04  0.12042981E-10
    4    4    0.59849559E-04  0.85626241E-16 -0.10366248E-03  0.26808789E-17  0.13484873E-08  0.65596655E-24
    5    4    0.54849261E-03 -0.47608444E-11  0.12805330E-04  0.26656465E-10 -0.18326718E-08 -0.20960333E-09
    1    5    0.28657775E-10  0.51807625E-10  0.73841168E-12  0.51331739E-10 -0.25170426E-03 -0.84601685E-11
    2    5    0.35536131E-10  0.30660817E-10 -0.25974834E-10  0.47552732E-10  0.51460341E-04 -0.40912239E-12
    3    5    0.40136247E-10  0.39233065E-12 -0.26967307E-10  0.52864453E-11  0.94296927E-04 -0.37868775E-11
    4    5   -0.43785787E-03  0.18515111E-10 -0.20443033E-03 -0.13650666E-10 -0.18326718E-08  0.20960337E-09
    5    5   -0.59849559E-04  0.17589590E-15  0.10366248E-03 -0.26808789E-17  0.11049033E-08  0.70565472E-24

    0   -3    0
    1    1   -0.49644719E-09  0.45251650E-12  0.86185644E-09 -0.78078776E-12 -0.96960007E-11 -0.41702756E-11
    2    1    0.54441821E-03  0.24968446E-11 -0.31999468E-03  0.24741205E-11 -0.22311013E-11  0.23633669E-11
    3    1   -0.31825284E-03 -0.13075228E-11  0.99050026E-04 -0.85056419E-13 -0.97529623E-12  0.19102675E-11
    4    1    0.10419205E-09 -0.61194094E-10 -0.21820515E-10 -0.71288813E-10  0.42496497E-03  0.25505572E-10
    5    1    0.52295202E-10 -0.12610616E-09 -0.32559315E-10 -0.56791240E-11 -0.25170418E-03 -0.22753200E-10
    1    2   -0.24079120E-03 -0.21600849E-11 -0.35120375E-04  0.19738300E-11  0.26450793E-11  0.39727203E-11
    2    2    0.89123782E-08  0.13218689E-11  0.39338690E-08 -0.22864650E-11  0.82429856E-11 -0.81524658E-11
    3    2    0.10555009E-02  0.23753168E-12  0.45283607E-03  0.40661051E-13 -0.36546544E-11  0.18424819E-11
    4    2   -0.31820409E-10 -0.14228266E-09  0.15985699E-09  0.86308446E-10  0.51462319E-04 -0.77698609E-11
    5    2    0.10482179E-09 -0.47383529E-10 -0.15992668E-09 -0.28053436E-10  0.94296913E-04  0.19407219E-14
    1    3    0.33254532E-03 -0.61717154E-12  0.46984913E-04  0.35501517E-12  0.91989874E-12 -0.11375881E-11
    2    3    0.36912411E-02 -0.19811263E-12  0.30547628E-02 -0.23284325E-11 -0.11617912E-10  0.12682481E-10
    3    3   -0.83498772E-08 -0.25709469E-13 -0.48629015E-08  0.55741436E-13  0.29889820E-11 -0.16809522E-11
    4    3   -0.39800725E-10  0.15317513E-10  0.16062406E-09  0.64380060E-10 -0.70463280E-03 -0.30349372E-11
    5    3    0.52961932E-10  0.14293331E-10 -0.16279073E-09 -0.75835374E-10  0.51460611E-04  0.31521403E-10
    1    4   -0.47190679E-10 -0.65230338E-10 -0.25239346E-10 -0.55516449E-10  0.42496472E-03 -0.17698421E-10
    2    4    0.16224438E-10 -0.58207843E-10  0.64151832E-10 -0.66915352E-10 -0.70463210E-03 -0.13350082E-10
    3    4   -0.84175818E-10  0.27421137E-10  0.23626316E-12  0.10111447E-10  0.51461910E-04  0.19378792E-10
    4    4   -0.59682706E-03 -0.57392721E-11  0.10337348E-02  0.99357115E-11  0.17987996E-08 -0.38818346E-09
    5    4   -0.37448821E-03  0.62591400E-10 -0.62302194E-03 -0.39283557E-11 -0.11178630E-08 -0.12778900E-09
    1    5   -0.28746245E-10 -0.33370020E-10 -0.41929899E-10 -0.54947808E-10 -0.32836534E-03  0.22057371E-10
    2    5   -0.52389705E-10 -0.37733342E-10 -0.13662400E-09 -0.41614817E-10  0.18357691E-02  0.11768767E-10
    3    5    0.56412936E-10 -0.42320157E-10 -0.17512691E-10 -0.23749187E-10 -0.70462911E-03  0.36513098E-11
    4    5    0.13864071E-02 -0.12910129E-11  0.12931337E-02 -0.11320103E-10 -0.11659868E-08  0.74458515E-10
    5    5    0.59682703E-03 -0.92578376E-11 -0.10337347E-02  0.16039723E-10  0.19967364E-08  0.22691425E-09

    0   -2    0
    1    1    0.45945239E-09  0.13496019E-12 -0.75952485E-09 -0.23698665E-12 -0.11152840E-10 -0.13749195E-11
    2    1    0.17285078E-02  0.50622335E-13 -0.21381397E-02  0.82177068E-12  0.16122704E-10 -0.34403254E-11
    3    1   -0.93731639E-03 -0.42431146E-12  0.91840311E-03 -0.17987662E-12 -0.61769930E-11 -0.45887757E-11
    4    1   -0.23825775E-11  0.13703940E-09  0.47976543E-10 -0.57390333E-10 -0.81174144E-03  0.35793374E-10
    5    1   -0.13852753E-09  0.11621119E-10  0.59084413E-10  0.12704266E-09 -0.32836636E-03 -0.38893980E-10
    1    2   -0.83326522E-03 -0.11684992E-11  0.35362631E-03  0.12657764E-11 -0.22272974E-11  0.26920864E-11
    2    2   -0.64174769E-08  0.15480266E-11 -0.66772088E-08 -0.26844208E-11  0.20794408E-10 -0.97568603E-11
    3    2    0.41777075E-02 -0.13063723E-11  0.11392376E-02  0.10066200E-12 -0.91670789E-11 -0.54338720E-12
    4    2   -0.13992473E-09  0.59287259E-10  0.14882465E-09  0.50416157E-10  0.18357718E-02 -0.77028379E-11
    5    2    0.84667162E-10  0.13626186E-09 -0.10320933E-09 -0.11530102E-09 -0.70463055E-03 -0.86543875E-11
    1    3    0.14387564E-02 -0.20194275E-12 -0.60979219E-03  0.12915788E-11  0.34019224E-11 -0.25920159E-10
    2    3    0.76486777E-02 -0.22925917E-12  0.99581443E-02 -0.23696519E-11 -0.61277974E-10  0.10549987E-10
    3    3    0.60844123E-08  0.29550364E-12  0.76661937E-08 -0.52312321E-12  0.16712245E-10 -0.14227788E-10
    4    3   -0.45723691E-10 -0.84091371E-11  0.13024050E-09  0.67759251E-10 -0.24770046E-02  0.14181086E-10
    5    3    0.87970395E-10  0.13088373E-10 -0.16663484E-09 -0.92850949E-10  0.18357699E-02  0.19453644E-10
    1    4    0.42030813E-10  0.12954707E-10  0.18557458E-10  0.33194235E-10 -0.81174302E-03 -0.41914182E-10
    2    4   -0.10373106E-09  0.51840196E-10  0.18625404E-09  0.47153703E-10 -0.24770023E-02 -0.14745116E-10
    3    4   -0.71492778E-11  0.13470343E-10  0.75478091E-10 -0.59616967E-11  0.18357699E-02 -0.12836145E-11
    4    4    0.44791917E-03 -0.60107861E-11 -0.77581876E-03  0.10422462E-10  0.14285670E-08  0.86982034E-09
    5    4    0.18837904E-02  0.52259758E-10  0.43164057E-03 -0.31712663E-10 -0.20468296E-08 -0.62082627E-10
    1    5    0.24321760E-11  0.56151093E-10  0.11129422E-09  0.11277334E-09 -0.18329299E-03  0.16420421E-10
    2    5    0.14146113E-09 -0.31592626E-10 -0.95544304E-10  0.12797964E-09  0.59822543E-02  0.46836451E-11
    3    5    0.47933956E-10  0.37820184E-10 -0.13884962E-09  0.37666158E-10 -0.24769940E-02  0.95012004E-11
    4    5    0.10828136E-02 -0.25937120E-10  0.79609877E-03  0.43290180E-10 -0.31888065E-08  0.28594859E-09
    5    5   -0.44791921E-03 -0.90372336E-11  0.77581883E-03  0.15641212E-10  0.12718650E-08 -0.59644277E-09

    0   -1    0
    1    1    0.27852652E-10 -0.26013219E-12  0.21006360E-08  0.44712671E-12 -0.13360085E-09 -0.32941174E-10
    2    1    0.41303289E-02 -0.40016593E-12 -0.20003751E-01 -0.12962386E-12  0.10982567E-09  0.93761211E-11
    3    1   -0.24237596E-02  0.60756062E-12  0.71904539E-02 -0.64834189E-13 -0.45960520E-10  0.60122010E-10
    4    1    0.53962891E-10 -0.98488901E-10  0.15859524E-10 -0.11764924E-09  0.32373016E-02 -0.40253728E-10
    5    1   -0.26204407E-10 -0.20046374E-10 -0.10975459E-09 -0.31377671E-12 -0.18329552E-03  0.14444842E-10
    1    2   -0.51959411E-02  0.14064064E-11  0.44418311E-02 -0.26696847E-12 -0.42717128E-10  0.31479181E-10
    2    2   -0.17495764E-06  0.18040349E-12 -0.15882918E-06 -0.31442439E-12  0.14629285E-09 -0.15495736E-10
    3    2    0.10324652E-01 -0.21353997E-11 -0.22177218E-02  0.14118242E-11 -0.22594878E-10  0.21248416E-10
    4    2   -0.44328873E-10 -0.27188340E-09  0.18801603E-09  0.27000813E-09  0.59822224E-02  0.43001115E-10
    5    2    0.82084632E-10 -0.22849473E-10 -0.12522153E-09 -0.31937643E-10 -0.24769991E-02 -0.25156367E-10
    1    3    0.14561288E-01 -0.87922719E-12 -0.78149509E-02  0.17808378E-12  0.13163420E-09  0.55943573E-11
    2    3   -0.19189748E-01  0.99462943E-12  0.81267393E-01 -0.20492888E-11 -0.83534552E-09  0.49819992E-10
    3    3    0.17711641E-06  0.35993344E-12  0.15839621E-06 -0.63629787E-12  0.28738328E-10 -0.27252530E-10
    4    3   -0.30624540E-09  0.12731565E-09  0.45631769E-09 -0.11038636E-10 -0.22898793E-01 -0.33806386E-10
    5    3    0.21550670E-09 -0.23540219E-10 -0.25171083E-09  0.11787549E-10  0.59822624E-02 -0.30846414E-10
    1    4    0.22654101E-09  0.50608474E-10 -0.29436657E-09 -0.90940197E-10  0.32372962E-02  0.12000958E-10
    2    4   -0.42102265E-09  0.99541371E-10  0.76505146E-09 -0.23979244E-09 -0.22898702E-01  0.20934206E-10
    3    4   -0.56337769E-10 -0.58225593E-10  0.22979120E-09 -0.43002221E-10  0.59822064E-02 -0.17768455E-10
    4    4   -0.12280415E-01  0.11426167E-10  0.21270303E-01 -0.19819364E-10  0.40309293E-08 -0.17033332E-08
    5    4    0.12734110E-02 -0.14654783E-10  0.20904692E-03  0.23861384E-11 -0.21730224E-08 -0.63057083E-09
    1    5   -0.10257431E-09  0.16432682E-09 -0.41173357E-10 -0.15481108E-09 -0.22898800E-01  0.16208160E-11
    2    5    0.88811687E-09  0.71874506E-10  0.13115898E-09 -0.69940984E-10  0.21953162E+00 -0.40153704E-10
    3    5    0.15490383E-09 -0.63644518E-10 -0.42856912E-09  0.81924629E-10 -0.22898732E-01 -0.23870125E-10
    4    5    0.12968728E-01  0.45376848E-10  0.10722896E-01 -0.29270757E-10 -0.32341257E-08  0.74563852E-10
    5    5    0.12280415E-01  0.22747866E-10 -0.21270303E-01 -0.39372002E-10  0.39629010E-08  0.21183610E-08

    0    0    0
    1    1    0.10677451E+01  0.00000000E+00  0.61646287E+00  0.00000000E+00 -0.17038194E-08  0.00000000E+00
    2    1   -0.88505373E-01 -0.81305104E-12  0.61985772E-12 -0.55564467E-13 -0.38075873E-09 -0.23212358E-10
    3    1    0.50601996E-01  0.87732382E-12  0.78406815E-01  0.76909112E-12 -0.50189930E-09 -0.17010286E-10
    4    1   -0.86976033E-09  0.37402626E-09 -0.27003639E-10  0.85191464E-10  0.21953148E+00  0.41748376E-10
    5    1    0.91498629E-10  0.35487404E-10 -0.13487562E-12  0.64242533E-10 -0.22898898E-01  0.44033019E-11
    1    2   -0.88505373E-01  0.81769888E-12  0.61982768E-12  0.55554519E-13 -0.38075874E-09  0.23212365E-10
    2    2    0.10677451E+01  0.00000000E+00 -0.61646287E+00  0.00000000E+00 -0.23279098E-08  0.00000000E+00
    3    2    0.50601996E-01 -0.14370857E-11 -0.78406815E-01  0.17353129E-11 -0.46728304E-09 -0.11196161E-09
    4    2   -0.10589555E-08  0.38943066E-10  0.26867383E-09  0.12303816E-09  0.21953148E+00 -0.30367756E-10
    5    2    0.24157572E-09  0.14041141E-09 -0.55599774E-09 -0.27884317E-09 -0.22898898E-01 -0.58301098E-11
    1    3    0.50601996E-01 -0.88254360E-12  0.78406815E-01 -0.76908797E-12 -0.50189934E-09  0.17010289E-10
    2    3    0.50601996E-01  0.14318699E-11 -0.78406815E-01 -0.17353119E-11 -0.46728304E-09  0.11196160E-09
    3    3    0.21354905E+01  0.00000000E+00  0.44642668E-10  0.00000000E+00 -0.12860967E-08  0.00000000E+00
    4    3    0.79945398E-09 -0.29919628E-10  0.23820874E-09  0.13057703E-09  0.21953175E+00 -0.57706325E-10
    5    3   -0.70503622E-09 -0.33864462E-10 -0.24690019E-09 -0.20577231E-09  0.21953144E+00  0.68371638E-10
    1    4   -0.86976033E-09 -0.37402626E-09 -0.27003639E-10 -0.85191464E-10  0.21953148E+00 -0.41748368E-10
    2    4   -0.10589555E-08 -0.38943066E-10  0.26867383E-09 -0.12303816E-09  0.21953148E+00  0.30367754E-10
    3    4    0.79945398E-09  0.29919628E-10  0.23820874E-09 -0.13057703E-09  0.21953175E+00  0.57706334E-10
    4    4    0.14236602E+01  0.00000000E+00  0.21081863E-09  0.00000000E+00  0.40898040E-08  0.00000000E+00
    5    4    0.16352113E-01  0.24439681E-11 -0.27476559E-10  0.47012958E-10 -0.63878802E-08 -0.52777693E-09
    1    5    0.91498629E-10 -0.35487404E-10 -0.13487562E-12 -0.64242533E-10 -0.22898898E-01 -0.44032896E-11
    2    5    0.24157572E-09 -0.14041141E-09 -0.55599774E-09  0.27884317E-09 -0.22898898E-01  0.58301064E-11
    3    5   -0.70503622E-09  0.33864462E-10 -0.24690019E-09  0.20577231E-09  0.21953144E+00 -0.68371636E-10
    4    5    0.16352113E-01 -0.24411204E-11 -0.27486699E-10 -0.47007996E-10 -0.63878803E-08  0.52777690E-09
    5    5    0.28473205E+01  0.00000000E+00 -0.46337293E-10  0.00000000E+00  0.64531955E-08  0.00000000E+00

    0    1    0
    1    1    0.27852652E-10  0.26013219E-12  0.21006360E-08 -0.44712671E-12 -0.13360085E-09  0.32941174E-10
    2    1   -0.61612905E-02 -0.63953866E-12  0.53328906E-02  0.72250763E-12 -0.42717131E-10 -0.31479179E-10
    3    1    0.18527701E-01  0.51060301E-12 -0.10696894E-01 -0.12752830E-12  0.13163424E-09 -0.55943429E-11
    4    1    0.30325036E-09 -0.10232210E-09 -0.32346523E-09  0.92409981E-10  0.32372962E-02 -0.12000981E-10
    5    1   -0.19681617E-09 -0.33257370E-09 -0.37015159E-10  0.73911553E-10 -0.22898800E-01 -0.16207937E-11
    1    2   -0.85970029E-07  0.46816121E-14 -0.21393906E-01  0.78031765E-13  0.10982567E-09 -0.93761294E-11
    2    2   -0.17495764E-06 -0.18040349E-12 -0.15882918E-06  0.31442439E-12  0.14629285E-09  0.15495736E-10
    3    2   -0.44252895E-01 -0.12179397E-11  0.76647705E-01  0.18108427E-11 -0.83534550E-09 -0.49820027E-10
    4    2   -0.40727783E-09 -0.10011083E-09  0.90667523E-09  0.26682489E-09 -0.22898702E-01 -0.20934196E-10
    5    2    0.14542163E-08 -0.17243116E-09  0.19413226E-09  0.59380453E-10  0.21953162E+00  0.40153689E-10
    1    3   -0.15377693E-02 -0.21000489E-12  0.80022658E-02  0.38397443E-12 -0.45960539E-10 -0.60122029E-10
    2    3    0.40552142E-02  0.13294559E-11 -0.70238478E-02 -0.20527977E-11 -0.22594876E-10 -0.21248402E-10
    3    3    0.17711641E-06 -0.35993344E-12  0.15839621E-06  0.63629787E-12  0.28738328E-10  0.27252530E-10
    4    3   -0.10866928E-09 -0.51358796E-11  0.28164411E-09  0.16496448E-10  0.59822064E-02  0.17768437E-10
    5    3    0.24364244E-09  0.82779556E-10 -0.52364376E-09 -0.82149987E-10 -0.22898732E-01  0.23870130E-10
    1    4    0.15978954E-10 -0.27678782E-11  0.17969374E-10  0.74455412E-10  0.32373016E-02  0.40253743E-10
    2    4   -0.11422099E-09  0.23399459E-09  0.10661468E-09 -0.28426241E-09  0.59822224E-02 -0.43001130E-10
    3    4   -0.30620985E-09 -0.55112188E-10  0.49183480E-09  0.64661976E-10 -0.22898793E-01  0.33806392E-10
    4    4   -0.12280415E-01 -0.11426167E-10  0.21270303E-01  0.19819364E-10  0.40309293E-08  0.17033332E-08
    5    4    0.29777843E-02 -0.51460051E-10 -0.17192246E-02  0.22847782E-10 -0.32341258E-08 -0.74563852E-10
    1    5   -0.38615265E-11  0.10409657E-10 -0.10714693E-09  0.70744748E-11 -0.18329552E-03 -0.14444849E-10
    2    5    0.82349255E-10 -0.58179071E-12 -0.11439403E-09  0.11685486E-10 -0.24769991E-02  0.25156358E-10
    3    5    0.18182849E-09  0.30817130E-11 -0.27369381E-09 -0.21323846E-10  0.59822624E-02  0.30846411E-10
    4    5    0.48748523E-03  0.64300764E-11 -0.10109202E-03 -0.16669366E-11 -0.21730225E-08  0.63057084E-09
    5    5    0.12280415E-01 -0.22747866E-10 -0.21270303E-01  0.39372002E-10  0.39629010E-08 -0.21183610E-08

    0    2    0
    1    1    0.45945239E-09 -0.13496019E-12 -0.75952485E-09  0.23698665E-12 -0.11152840E-10  0.13749195E-11
    2    1   -0.69767539E-03  0.76069459E-12  0.11159185E-02 -0.99489159E-12 -0.22272910E-11 -0.26920691E-11
    3    1    0.16337101E-02  0.10776418E-11 -0.21576545E-02 -0.61400939E-12  0.34019218E-11  0.25920151E-10
    4    1   -0.13078162E-10  0.41145657E-10 -0.25680799E-10 -0.28928851E-10 -0.81174302E-03  0.41914195E-10
    5    1   -0.13951003E-09  0.88976301E-10  0.11032151E-09 -0.39599296E-10 -0.18329299E-03 -0.16420436E-10
    1    2    0.25652489E-03  0.64698026E-12 -0.22504163E-02 -0.15152568E-11  0.16122713E-10  0.34403357E-11
    2    2   -0.64174769E-08 -0.15480266E-11 -0.66772088E-08  0.26844208E-11  0.20794408E-10  0.97568603E-11
    3    2   -0.67768527E-02 -0.15188534E-11  0.21255878E-02  0.12259959E-11 -0.61277978E-10 -0.10549962E-10
    4    2   -0.13499719E-09  0.45667654E-10  0.30657321E-09 -0.95130773E-11 -0.24770023E-02  0.14745114E-10
    5    2    0.13949714E-09  0.13251651E-09 -0.27880159E-09 -0.15715848E-09  0.59822543E-02 -0.46836135E-11
    1    3   -0.18360350E-03 -0.30183150E-12  0.11538932E-02  0.30318570E-12 -0.61769775E-11  0.45888199E-11
    2    3   -0.73204987E-03  0.18098996E-12 -0.22011941E-02 -0.10564300E-11 -0.91670813E-11  0.54337850E-12
    3    3    0.60844123E-08 -0.29550364E-12  0.76661937E-08  0.52312321E-12  0.16712245E-10  0.14227788E-10
    4    3   -0.65622461E-10 -0.55898984E-11  0.14291368E-09  0.36963089E-10  0.18357699E-02  0.12836082E-11
    5    3    0.13159845E-09  0.20640956E-10 -0.24454374E-09 -0.36423241E-10 -0.24769940E-02 -0.95011984E-11
    1    4   -0.20636748E-10  0.50993964E-12  0.45508761E-10  0.89603788E-10 -0.81174144E-03 -0.35793393E-10
    2    4   -0.77377136E-10  0.37091298E-10  0.12404234E-09  0.16852500E-10  0.18357718E-02  0.77028395E-11
    3    4   -0.67922544E-10  0.34247279E-10  0.82109592E-10 -0.30561963E-10 -0.24770046E-02 -0.14181079E-10
    4    4    0.44791917E-03  0.60107861E-11 -0.77581876E-03 -0.10422462E-10  0.14285670E-08 -0.86982034E-09
    5    4   -0.15619437E-03  0.37706962E-10 -0.47272058E-03 -0.40742536E-10 -0.31888065E-08 -0.28594860E-09
    1    5   -0.14556637E-10  0.38281336E-10  0.73694443E-10 -0.77635777E-10 -0.32836636E-03  0.38893974E-10
    2    5    0.58221325E-10 -0.59626334E-10 -0.76621834E-10  0.11456096E-09 -0.70463055E-03  0.86543809E-11
    3    5    0.84812724E-10 -0.41755622E-10 -0.11837330E-09  0.63395324E-10  0.18357699E-02 -0.19453653E-10
    4    5   -0.82517640E-04 -0.17171803E-10 -0.26538109E-03  0.34416955E-10 -0.20468297E-08  0.62082657E-10
    5    5   -0.44791921E-03  0.90372336E-11  0.77581883E-03 -0.15641212E-10  0.12718650E-08  0.59644277E-09

    0    3    0
    1    1   -0.49644719E-09 -0.45251650E-12  0.86185644E-09  0.78078776E-12 -0.96960007E-11  0.41702756E-11
    2    1   -0.18843106E-04  0.64705567E-12  0.29909515E-03 -0.18682686E-11  0.26450879E-11 -0.39727380E-11
    3    1    0.15995634E-03  0.35826774E-12 -0.55958498E-03 -0.80944671E-12  0.91991801E-12  0.11376007E-11
    4    1    0.28497413E-10 -0.68569423E-10  0.19321883E-10 -0.44870839E-11  0.42496472E-03  0.17698410E-10
    5    1    0.42355278E-10 -0.69612123E-10 -0.44489159E-11  0.38904171E-10 -0.32836534E-03 -0.22057373E-10
    1    2   -0.12667005E-03  0.34965863E-11 -0.37907805E-03 -0.15283748E-11 -0.22311315E-11 -0.23633511E-11
    2    2    0.89123782E-08 -0.13218689E-11  0.39338690E-08  0.22864650E-11  0.82429856E-11  0.81524658E-11
    3    2   -0.32031455E-02 -0.17027342E-11 -0.11328630E-02  0.10634066E-11 -0.11617899E-10 -0.12682492E-10
    4    2   -0.84882849E-10 -0.88574095E-10  0.88726782E-10  0.38088828E-10 -0.70463210E-03  0.13350076E-10
    5    2    0.17334196E-09 -0.51255446E-10 -0.16708977E-09  0.17548666E-10  0.18357691E-02 -0.11768766E-10
    1    3    0.82075877E-04 -0.27721364E-12  0.23086367E-03 -0.14400643E-11 -0.97530632E-12 -0.19102703E-11
    2    3   -0.57356208E-03  0.90507978E-13 -0.61948484E-03  0.43209240E-12 -0.36546681E-11 -0.18424842E-11
    3    3   -0.83498772E-08  0.25709469E-13 -0.48629015E-08 -0.55741436E-13  0.29889820E-11  0.16809522E-11
    4    3   -0.24733840E-10  0.52840448E-11  0.16037715E-09  0.31190359E-10  0.51461910E-04 -0.19378811E-10
    5    3    0.49475029E-10 -0.17568398E-10 -0.15772047E-09 -0.17264296E-10 -0.70462911E-03 -0.36513082E-11
    1    4   -0.33551721E-10 -0.62748580E-10 -0.51650118E-10 -0.10879934E-10  0.42496497E-03 -0.25505563E-10
    2    4   -0.78647689E-10 -0.16196375E-11  0.30608255E-10 -0.92577251E-10  0.51462319E-04  0.77698726E-11
    3    4   -0.76978879E-10  0.42400452E-10  0.52477156E-10 -0.31033801E-11 -0.70463280E-03  0.30349547E-11
    4    4   -0.59682706E-03  0.57392721E-11  0.10337348E-02 -0.99357115E-11  0.17987996E-08  0.38818346E-09
    5    4   -0.75330129E-03 -0.42105745E-11 -0.10189066E-02 -0.49616344E-11 -0.11659868E-08 -0.74458453E-10
    1    5   -0.18407261E-11 -0.46057024E-10 -0.43525314E-10 -0.50971410E-10 -0.25170418E-03  0.22753196E-10
    2    5    0.51992311E-10 -0.26225218E-10 -0.73600985E-10 -0.24365232E-10  0.94296913E-04 -0.19237812E-14
    3    5    0.77919735E-10 -0.36348895E-10 -0.67103720E-10  0.26166650E-10  0.51460611E-04 -0.31521405E-10
    4    5    0.32250083E-03  0.14151241E-10  0.27698087E-03  0.31584983E-10 -0.11178631E-08  0.12778898E-09
    5    5    0.59682703E-03  0.92578376E-11 -0.10337347E-02 -0.16039723E-10  0.19967364E-08 -0.22691425E-09

    0    4    0
    1    1   -0.10190406E-09 -0.65380531E-16  0.17650598E-09 -0.37747464E-16 -0.11754449E-11  0.11966732E-24
    2    1    0.17316760E-03  0.17503517E-11  0.31407815E-04  0.11195642E-11 -0.13516233E-11 -0.11222486E-11
    3    1   -0.92319532E-04 -0.30897989E-12 -0.14174433E-03 -0.20913783E-12  0.66567400E-12  0.18561515E-11
    4    1   -0.95653154E-10  0.10301662E-09  0.54426225E-10  0.23657191E-10  0.32529126E-06 -0.29846542E-11
    5    1   -0.74898216E-11  0.79716718E-10 -0.37402383E-10  0.29917722E-11 -0.25170426E-03  0.84601631E-11
    1    2   -0.13559910E-03  0.21538463E-11 -0.96478371E-04  0.42069083E-12 -0.13516472E-11  0.11222367E-11
    2    2    0.14970691E-09 -0.65380510E-16 -0.25929678E-09  0.37747483E-16  0.39223451E-11  0.11836158E-24
    3    2   -0.98031437E-03 -0.11604782E-11 -0.44669138E-03  0.82146505E-12 -0.32997810E-11 -0.32447803E-11
    4    2   -0.11517973E-09  0.41287819E-10  0.15801612E-09 -0.17905607E-11  0.94297081E-04  0.85133628E-11
    5    2    0.48508255E-10  0.76889739E-10 -0.11959431E-09 -0.32518111E-10  0.51460341E-04  0.40911632E-12
    1    3    0.12988811E-03  0.68999195E-13  0.76673647E-04 -0.86682880E-12  0.66565030E-12 -0.18561547E-11
    2    3    0.83763492E-03  0.73666713E-13  0.69381943E-03 -0.13191040E-11 -0.32997712E-11  0.32448115E-11
    3    3   -0.49716685E-10 -0.13076110E-15  0.86123155E-10 -0.19707144E-22 -0.13706305E-11  0.68609275E-25
    4    3   -0.49645274E-10 -0.26815485E-10  0.11297513E-09  0.53707118E-10  0.94297105E-04 -0.12042976E-10
    5    3    0.42061625E-10  0.10280922E-10 -0.11540358E-09 -0.11841098E-10  0.94296927E-04  0.37868779E-11
    1    4    0.28931976E-10  0.81473531E-10  0.61138245E-10  0.60970912E-10  0.32529126E-06  0.29846320E-11
    2    4   -0.13272800E-10  0.26117922E-10  0.64470194E-10  0.24484472E-10  0.94297081E-04 -0.85133914E-11
    3    4   -0.34450198E-10  0.14656752E-10  0.32682504E-10 -0.18124903E-10  0.94297105E-04  0.12042956E-10
    4    4    0.59849559E-04 -0.85626241E-16 -0.10366248E-03 -0.26808789E-17  0.13484873E-08 -0.65596655E-24
    5    4    0.54849261E-03 -0.47608465E-11  0.12805330E-04  0.26656465E-10 -0.18326718E-08 -0.20960333E-09
    1    5    0.28657775E-10  0.51807625E-10  0.73841168E-12  0.51331739E-10 -0.25170426E-03 -0.84601651E-11
    2    5    0.35536131E-10  0.30660817E-10 -0.25974834E-10  0.47552732E-10  0.51460341E-04 -0.40914841E-12
    3    5    0.40136247E-10  0.39233065E-12 -0.26967307E-10  0.52864453E-11  0.94296927E-04 -0.37869028E-11
    4    5   -0.43785787E-03  0.18515107E-10 -0.20443033E-03 -0.13650668E-10 -0.18326718E-08  0.20960337E-09
    5    5   -0.59849559E-04 -0.17589590E-15  0.10366248E-03  0.26808789E-17  0.11049033E-08 -0.70565472E-24

    1   -4    0
    1    1   -0.10342197E-09  0.75269652E-13  0.17854092E-09 -0.16452464E-12  0.50317927E-11 -0.16731073E-11
    2    1   -0.73347080E-04  0.25911716E-11 -0.32514113E-03  0.11553352E-11 -0.21671823E-11 -0.62675220E-14
    3    1    0.11378397E-03 -0.54353565E-12  0.13426365E-03  0.52518157E-12 -0.11581129E-11  0.22702309E-11
    4    1    0.43028479E-10 -0.13596616E-09 -0.23201571E-10 -0.75601599E-11 -0.25170400E-03 -0.40550933E-11
    5    1    0.69328976E-10 -0.44695459E-10  0.52133975E-11 -0.84877560E-11  0.32506309E-06  0.81297443E-11
    1    2   -0.28969136E-04 -0.76669603E-12 -0.85510334E-05  0.90271768E-12  0.31376923E-11  0.82857525E-11
    2    2    0.69046508E-10  0.86767664E-12 -0.14387442E-09 -0.66544829E-12  0.17811560E-11 -0.10193674E-10
    3    2    0.57386075E-05 -0.37949797E-12 -0.99400565E-05 -0.39337110E-12 -0.23546712E-11  0.13616536E-12
    4    2    0.95094079E-10 -0.93451485E-10 -0.15118897E-09 -0.24334556E-10  0.12390028E-03 -0.25225794E-10
    5    2   -0.44186295E-10 -0.86510823E-10  0.10813651E-09  0.34568594E-10  0.95583959E-05  0.55398621E-11
    1    3    0.27020067E-04 -0.25178088E-12  0.12033201E-04 -0.10759883E-12  0.70490098E-11  0.45610473E-12
    2    3    0.10330838E-04  0.41946047E-12  0.85518319E-04 -0.21748826E-11 -0.28058972E-11  0.64729627E-11
    3    3    0.20075064E-10  0.54656800E-13 -0.48651051E-10  0.49238565E-12 -0.38081415E-11  0.45498887E-12
    4    3    0.38217321E-10  0.63672882E-10 -0.11852809E-09 -0.34007532E-10 -0.67288138E-05  0.40740858E-10
    5    3   -0.26531252E-10  0.56443997E-11  0.14902203E-09  0.31495191E-10  0.95584388E-05 -0.14144327E-10
    1    4   -0.17144362E-10 -0.75645820E-10 -0.10549850E-10 -0.55653621E-10  0.10083007E-03  0.23935928E-10
    2    4   -0.46695298E-10  0.12453550E-10 -0.86900190E-10 -0.76586064E-13 -0.11728236E-03 -0.27163679E-11
    3    4    0.58762958E-10 -0.46693769E-10 -0.24490091E-10 -0.84330547E-11  0.95585226E-05  0.11739195E-10
    4    4    0.11256217E-03 -0.27422008E-11 -0.14827554E-03  0.10451702E-10 -0.11874237E-08 -0.17598022E-09
    5    4   -0.41450950E-04  0.10357193E-10  0.71795179E-04  0.15083619E-10  0.17827371E-08 -0.95433710E-10
    1    5   -0.29907295E-10 -0.68535343E-10 -0.19775299E-10 -0.53987284E-10  0.85116715E-04 -0.12853355E-10
    2    5   -0.27492314E-10 -0.75787273E-10  0.12022451E-10 -0.80936236E-10 -0.85900756E-04 -0.26673232E-10
    3    5   -0.31163910E-10  0.76083559E-11  0.34041425E-10 -0.37055877E-11 -0.67289864E-05  0.23203085E-10
    4    5   -0.23808261E-03 -0.94845625E-10 -0.30370385E-03 -0.34741325E-10  0.17437951E-08 -0.22855202E-09
    5    5   -0.11256217E-03 -0.13610099E-10  0.14827554E-03  0.21956565E-10 -0.10339460E-08  0.17283908E-09

    1   -3    0
    1    1    0.47111467E-08 -0.65065141E-14  0.76131627E-08 -0.38801427E-13  0.50573384E-11 -0.21844472E-12
    2    1    0.32672240E-03  0.76579261E-12 -0.12709211E-02  0.19219621E-11 -0.79188837E-11  0.10357275E-11
    3    1   -0.49138930E-05 -0.20007858E-11  0.63147353E-03 -0.16562023E-12  0.55555273E-11 -0.42745376E-11
    4    1   -0.14269342E-09  0.84345362E-10  0.47942900E-10  0.95113536E-10 -0.32836025E-03  0.92727913E-11
    5    1   -0.26919864E-10  0.12124214E-09  0.41307356E-11 -0.21372805E-10  0.42496295E-03 -0.15458277E-10
    1    2   -0.11293306E-03 -0.15157630E-11  0.33139827E-05  0.10600511E-11  0.24495460E-11  0.22468815E-11
    2    2   -0.13199114E-08  0.15985278E-11 -0.45353592E-08 -0.13243039E-11 -0.39613433E-11 -0.33735673E-11
    3    2    0.11122871E-03  0.59889979E-12 -0.89241344E-04 -0.36432456E-12 -0.17016344E-11  0.11384156E-11
    4    2    0.68231605E-10  0.12963447E-09 -0.98829061E-10 -0.13399955E-09 -0.85902321E-04 -0.28181574E-10
    5    2   -0.13904769E-09  0.74530057E-10  0.10584853E-09  0.59291825E-10 -0.11728216E-03  0.37506481E-10
    1    3    0.19334026E-03  0.45514009E-12  0.21501710E-04  0.15532613E-11  0.24137804E-11 -0.55899138E-11
    2    3   -0.31980212E-03  0.74497253E-12  0.40915509E-03 -0.19514295E-11 -0.60741251E-11  0.72230540E-11
    3    3   -0.17498520E-08  0.24017984E-12 -0.10478215E-08 -0.10651202E-13  0.72355185E-11 -0.36696125E-12
    4    3    0.14911093E-09 -0.96447095E-11 -0.23460554E-09 -0.59363256E-10  0.95767014E-04  0.27278297E-10
    5    3   -0.78635292E-10 -0.74423575E-10  0.17239132E-09  0.63331579E-10 -0.27373590E-03 -0.37188570E-10
    1    4    0.16738149E-10  0.22907700E-10  0.24883519E-10  0.63451905E-10 -0.41008886E-04 -0.72956224E-12
    2    4    0.68795609E-10  0.21863489E-10  0.36780103E-11  0.63637273E-10  0.47787505E-03  0.16676568E-10
    3    4    0.61369143E-10 -0.11624099E-10 -0.30208130E-10  0.10998856E-10 -0.27373549E-03 -0.18472286E-10
    4    4    0.25873071E-03 -0.46559289E-11 -0.24804090E-03  0.50206879E-11 -0.21652116E-08  0.32383967E-09
    5    4   -0.19119535E-03 -0.67920999E-10  0.45049218E-03 -0.62509047E-10  0.11833101E-08  0.85359914E-10
    1    5    0.13085988E-10  0.43180245E-10  0.41993034E-10  0.59900291E-10  0.95768288E-04 -0.28964435E-10
    2    5   -0.25523643E-10  0.13211249E-10  0.77142979E-10  0.66092718E-10  0.63393723E-03  0.53960808E-11
    3    5   -0.69791841E-10  0.29111375E-10  0.20138474E-10  0.47176197E-11  0.95768735E-04  0.37377097E-10
    4    5   -0.50980632E-03 -0.34381157E-10 -0.15543215E-03  0.19599546E-10  0.12971458E-08 -0.96770061E-10
    5    5   -0.25873073E-03  0.26549786E-10  0.24804092E-03 -0.25951461E-10 -0.20958270E-08 -0.14044478E-09

    1   -2    0
    1    1    0.37182678E-08  0.22482710E-12  0.26074459E-08 -0.13105315E-12  0.60417221E-11  0.15986761E-11
    2    1    0.50152393E-02 -0.63909378E-12 -0.56942876E-02  0.90473071E-12 -0.62616205E-10 -0.23559229E-10
    3    1   -0.98744457E-03 -0.68193919E-12  0.25659760E-02  0.24998625E-12  0.12535869E-10  0.23992331E-10
    4    1   -0.97170800E-10 -0.20247930E-09  0.39540323E-10  0.29497771E-10 -0.18329985E-03 -0.21035926E-10
    5    1    0.16961717E-09 -0.87230919E-10 -0.12520065E-09 -0.31518378E-10 -0.81174107E-03 -0.26770373E-10
    1    2   -0.67097710E-03  0.48315960E-12  0.36542882E-03  0.74521959E-12 -0.27692133E-11  0.71373530E-13
    2    2   -0.21539661E-08  0.52170686E-12 -0.11891158E-07 -0.23430272E-12  0.23612425E-10  0.58289275E-11
    3    2    0.59185787E-03 -0.15456138E-12 -0.55329670E-03  0.46779623E-12 -0.86630944E-11  0.31347716E-11
    4    2    0.18301441E-09 -0.48810403E-10 -0.60912237E-10  0.42387505E-10  0.63393101E-03  0.26509213E-10
    5    2   -0.10420916E-09 -0.14161111E-09  0.46335081E-10  0.63166913E-10  0.47787913E-03  0.11014795E-10
    1    3    0.21348236E-02 -0.11406609E-12  0.72301072E-04  0.13787765E-11  0.29848603E-10  0.14950287E-10
    2    3   -0.56842408E-02  0.95371679E-12  0.23079856E-02 -0.92714139E-13 -0.34797775E-10 -0.98890024E-11
    3    3   -0.31550089E-08  0.39154010E-12  0.65313585E-08 -0.20337204E-12 -0.11225670E-11 -0.18899693E-11
    4    3    0.23572498E-09  0.78138442E-10 -0.20408145E-09 -0.75884320E-10 -0.18329997E-03 -0.52019508E-11
    5    3   -0.24248772E-09 -0.12815240E-10  0.28091242E-09  0.60767862E-10  0.53718803E-03 -0.90202019E-11
    1    4    0.70539971E-10  0.69439536E-11 -0.64329356E-10 -0.60991514E-10  0.53718991E-03  0.12209947E-10
    2    4    0.10473553E-09 -0.38003470E-10 -0.45998784E-10 -0.26126234E-10 -0.35347429E-02 -0.23112105E-10
    3    4    0.97360277E-10 -0.47949258E-10 -0.36737038E-10  0.22255510E-10  0.53718943E-03 -0.88180394E-11
    4    4    0.82576755E-05 -0.78005538E-11  0.14302708E-04  0.39966476E-11 -0.15691604E-08 -0.79814284E-09
    5    4   -0.14239260E-03 -0.16950971E-10 -0.47781054E-03 -0.36780608E-10  0.27457280E-08 -0.16245005E-09
    1    5   -0.49340279E-10  0.59416690E-10 -0.84435862E-11 -0.79843453E-10 -0.24769966E-02 -0.25258979E-10
    2    5    0.38760339E-10  0.16689177E-09 -0.10877775E-09 -0.33716787E-10  0.59822620E-02  0.24169518E-10
    3    5   -0.11179609E-09  0.25153553E-10  0.61383765E-10 -0.96775050E-11 -0.18329273E-03 -0.28075289E-10
    4    5    0.79980692E-03  0.22492526E-10  0.89719089E-03  0.51844246E-10  0.25870360E-08 -0.25725019E-09
    5    5   -0.82576462E-05  0.74573334E-10 -0.14302725E-04 -0.43352563E-10 -0.18314821E-08  0.53708096E-09

    1   -1    0
    1    1    0.79694480E-08 -0.17970955E-12  0.23690261E-06  0.30491278E-14  0.22262613E-09  0.31473797E-10
    2    1    0.93203242E-01  0.19746435E-11  0.46196666E-02  0.38986742E-12 -0.83782232E-09  0.77950198E-10
    3    1   -0.15258497E-01 -0.16475927E-12  0.13578931E-01  0.20243003E-12  0.12614769E-09  0.40570181E-11
    4    1   -0.39059230E-10  0.24959279E-09 -0.18748477E-10 -0.10614283E-09 -0.22898759E-01  0.36881121E-10
    5    1   -0.14189075E-09  0.11746341E-09  0.20187150E-09  0.64297600E-10  0.32372990E-02  0.24676458E-10
    1    2   -0.52292115E-02  0.16607380E-11  0.48061262E-02 -0.13116331E-12 -0.40933750E-10 -0.12418533E-10
    2    2    0.79719045E-08 -0.76477279E-12 -0.23690261E-06  0.38259549E-14  0.14619454E-09  0.32066752E-10
    3    2    0.64124737E-02 -0.90411451E-12 -0.35604446E-02  0.81546580E-12 -0.27785320E-10  0.48066129E-11
    4    2   -0.15234589E-09  0.15218114E-09 -0.47453886E-10  0.61384417E-11  0.59822104E-02  0.18064569E-10
    5    2   -0.11819297E-09  0.17367795E-09  0.20837961E-10 -0.12485262E-09 -0.35347417E-02 -0.53904139E-10
    1    3    0.64582237E-02 -0.23683572E-12  0.18575721E-02 -0.18324540E-12  0.14897829E-10  0.92701706E-12
    2    3   -0.16119782E-01  0.77794103E-12 -0.93068339E-02  0.27613079E-12  0.11993458E-09  0.27202424E-10
    3    3   -0.15897687E-07  0.89492129E-12  0.32361266E-14  0.14393045E-13  0.60754313E-10  0.30231926E-10
    4    3    0.28775262E-09  0.85942959E-10  0.33867929E-10  0.13449554E-10  0.32372934E-02 -0.38916113E-10
    5    3   -0.25411848E-09 -0.16814306E-09  0.11119414E-09  0.44400299E-10  0.32373027E-02  0.30060429E-10
    1    4   -0.61707340E-10 -0.24253700E-09  0.10081828E-09  0.16027018E-10  0.59822104E-02  0.27213630E-10
    2    4    0.11971886E-10 -0.26870395E-09 -0.51824507E-11 -0.51466110E-10 -0.22898759E-01  0.10891486E-10
    3    4    0.17109473E-09  0.51150723E-10 -0.22763561E-10 -0.48321164E-10  0.32372934E-02  0.33163775E-10
    4    4    0.24560830E-01 -0.81348016E-10 -0.36780474E-14  0.14561429E-13 -0.41850582E-08 -0.85301134E-09
    5    4    0.23403513E-02  0.35267103E-10  0.39525634E-02  0.45415335E-10  0.28373995E-08  0.26950668E-10
    1    5   -0.94029284E-10 -0.13416868E-10 -0.75143499E-10  0.66443643E-11 -0.35347417E-02 -0.71003388E-11
    2    5   -0.18100972E-10 -0.11165772E-09  0.43882592E-10 -0.10387760E-09  0.32372989E-02 -0.39108597E-10
    3    5   -0.93633772E-10 -0.84138340E-10  0.11332064E-10 -0.67053536E-11  0.32373027E-02 -0.70622674E-10
    4    5    0.87506791E-04  0.31560237E-10  0.50522067E-04  0.23601648E-10  0.64610529E-09 -0.51345809E-09
    5    5   -0.24560830E-01  0.90650499E-10  0.81878948E-14 -0.13123688E-13 -0.32757394E-08  0.92980644E-09

    1    0    0
    1    1   -0.17495246E-06 -0.91960467E-12  0.15883813E-06 -0.15943722E-11  0.10516298E-09 -0.13123964E-10
    2    1   -0.85969813E-07 -0.22545659E-13  0.21393906E-01  0.18622087E-11  0.79775108E-10  0.19710175E-10
    3    1   -0.44252895E-01 -0.92158339E-12 -0.76647705E-01 -0.21173194E-11 -0.78996536E-09 -0.13405833E-09
    4    1   -0.16882994E-09 -0.56505624E-10 -0.31217150E-09 -0.12566498E-09 -0.22898702E-01  0.20935510E-10
    5    1    0.12473595E-08 -0.15367193E-09 -0.34559331E-09  0.41799491E-11  0.21953162E+00 -0.78863532E-10
    1    2   -0.61612905E-02  0.84318763E-12 -0.53328906E-02  0.41268150E-12  0.45555839E-10 -0.11614432E-10
    2    2    0.31865621E-10 -0.21288792E-12 -0.20936860E-08 -0.37344811E-12 -0.75965246E-10 -0.32212324E-10
    3    2    0.18527701E-01  0.79034315E-12  0.10696894E-01  0.53841892E-12  0.13411548E-09 -0.13469082E-10
    4    2    0.12226573E-10 -0.59180776E-10 -0.19929640E-10 -0.40488605E-10  0.32372962E-02 -0.36303507E-10
    5    2    0.38691775E-11 -0.23845784E-09  0.77387743E-10 -0.44095847E-10 -0.22898800E-01  0.41970355E-10
    1    3    0.40552142E-02  0.16979763E-12  0.70238478E-02  0.16269570E-12  0.41341479E-10  0.73736574E-11
    2    3   -0.15377693E-02  0.35248090E-12 -0.80022658E-02 -0.73415362E-12 -0.12015329E-10 -0.21551368E-10
    3    3    0.17712580E-06 -0.24131305E-12 -0.15837993E-06 -0.42968190E-12 -0.47703507E-10 -0.11305889E-10
    4    3   -0.55306277E-10 -0.15919853E-10 -0.13137110E-09 -0.18568816E-11  0.59822065E-02  0.39346786E-10
    5    3   -0.36778141E-10 -0.36423087E-10  0.80213138E-11 -0.92673810E-10 -0.22898732E-01  0.24689029E-10
    1    4    0.13406313E-09  0.57789915E-10  0.22475179E-09  0.71058608E-10  0.59822224E-02  0.27298253E-10
    2    4   -0.94496139E-10  0.26309760E-10 -0.27093934E-09  0.50331319E-10  0.32373016E-02 -0.14716787E-12
    3    4   -0.99323019E-10  0.31616516E-10 -0.18041810E-09  0.24575822E-10 -0.22898793E-01  0.57293111E-10
    4    4   -0.12280415E-01  0.62027177E-10 -0.21270303E-01  0.10740610E-09 -0.20233014E-08  0.14500890E-08
    5    4    0.29777843E-02 -0.37109296E-10  0.17192246E-02 -0.17867131E-10  0.66071189E-08 -0.38958371E-09
    1    5    0.31821526E-10  0.66190161E-10  0.18660407E-10  0.91430919E-10 -0.24769991E-02 -0.62314590E-10
    2    5   -0.40805226E-11  0.17077203E-10  0.26404286E-09 -0.80817512E-10 -0.18329554E-03  0.16200935E-10
    3    5    0.28969406E-10 -0.67036529E-10  0.20600262E-09 -0.73601112E-10  0.59822625E-02  0.40098688E-10
    4    5    0.48748526E-03  0.32106314E-10  0.10109204E-03 -0.36967858E-11  0.24438529E-08 -0.40751094E-09
    5    5    0.12280415E-01 -0.42960281E-10  0.21270303E-01 -0.74380642E-10 -0.18611603E-08 -0.70119174E-09

    1    1    0
    1    1   -0.40064843E-08  0.16307702E-13  0.11471744E-08  0.30156520E-12  0.15685545E-10  0.62440044E-11
    2    1   -0.10516712E-02  0.11294541E-13  0.24936787E-02  0.36495187E-13  0.70934200E-11 -0.12777974E-11
    3    1    0.15378017E-02  0.25521198E-12 -0.80022778E-02 -0.23228319E-11 -0.31231881E-10  0.23969637E-10
    4    1   -0.22837408E-10 -0.21570403E-10  0.79230304E-10  0.17761625E-09 -0.18329906E-03 -0.32711555E-11
    5    1   -0.64871973E-10  0.48657818E-10  0.20027373E-09 -0.10510331E-09  0.32373010E-02  0.49345794E-11
    1    2   -0.10516712E-02 -0.38690399E-12 -0.24936787E-02 -0.97654923E-12  0.33017317E-10 -0.30591579E-11
    2    2   -0.40064780E-08  0.67193633E-14 -0.11452471E-08  0.17935553E-11  0.70601579E-11  0.26266418E-11
    3    2    0.15378017E-02  0.14006144E-12  0.80022778E-02  0.18658907E-11 -0.16156296E-10  0.44760793E-10
    4    2   -0.97259363E-11  0.11888831E-10 -0.27124862E-09 -0.89603503E-10 -0.18329908E-03 -0.38919519E-12
    5    2    0.28887502E-10 -0.97315877E-11  0.87787669E-11 -0.56885142E-10  0.32373011E-02  0.15435247E-10
    1    3    0.61606553E-04  0.18363384E-12  0.91872500E-03  0.22700261E-12  0.89110174E-11  0.80035826E-11
    2    3    0.61606554E-04 -0.44867400E-12 -0.91872500E-03 -0.19913883E-11 -0.15432059E-11  0.14818924E-10
    3    3    0.11152299E-07  0.60406107E-13  0.58819668E-11 -0.66425598E-12 -0.19458326E-11  0.42254585E-11
    4    3    0.23637363E-10  0.95520548E-11 -0.19044406E-09 -0.39814214E-10  0.63393093E-03  0.31859227E-10
    5    3    0.18965863E-10 -0.70029397E-11  0.23649828E-09  0.84235904E-10 -0.35347384E-02 -0.48813924E-10
    1    4   -0.18192900E-10  0.13759997E-10 -0.46290571E-10 -0.11995876E-09  0.53719201E-03  0.26791911E-10
    2    4   -0.39374465E-12  0.27066124E-10 -0.19739124E-09  0.12142899E-09  0.53719201E-03 -0.15368999E-10
    3    4   -0.22396513E-11 -0.77819160E-11 -0.20974417E-09  0.10015606E-09 -0.35347442E-02 -0.65444689E-10
    4    4   -0.16515344E-04 -0.43846437E-13  0.17046201E-10  0.23219189E-10 -0.26558410E-08 -0.10484685E-08
    5    4    0.12415264E-12  0.73241692E-13  0.52520585E-11 -0.25770664E-10  0.33159666E-08 -0.39391723E-09
    1    5    0.11374814E-10  0.91779664E-11  0.21375705E-10  0.40902061E-10  0.95768032E-04 -0.33462072E-11
    2    5   -0.19862037E-10  0.41454952E-11  0.19174546E-09 -0.30333090E-10  0.95768052E-04  0.12416405E-10
    3    5   -0.11431033E-10  0.95513783E-11  0.14453546E-09 -0.93510569E-10  0.63393737E-03  0.31553159E-10
    4    5    0.23698009E-12 -0.81846089E-13 -0.22918942E-10  0.17984507E-10  0.11998893E-08 -0.25172678E-09
    5    5    0.16515345E-04  0.22411673E-12 -0.25066107E-10 -0.35971641E-10 -0.28356403E-08  0.10876474E-08

    1    2    0
    1    1   -0.90745928E-08 -0.26577872E-12  0.26650559E-09  0.10734651E-11  0.97286586E-11  0.36119705E-11
    2    1   -0.40462417E-03  0.38902396E-12  0.41832148E-03 -0.19758410E-11  0.58989262E-12 -0.36268128E-11
    3    1    0.61749304E-03 -0.30814708E-12 -0.11621957E-02 -0.11964851E-11  0.41746251E-11 -0.10471941E-10
    4    1    0.55681090E-11 -0.27466702E-10 -0.22449589E-11  0.67530288E-11 -0.32835969E-03  0.40419444E-10
    5    1    0.33612630E-10 -0.27657028E-10 -0.12762845E-11 -0.64490125E-10 -0.81174180E-03 -0.37625173E-10
    1    2   -0.11936884E-03  0.73006453E-12 -0.26904035E-03 -0.13648555E-11  0.26842806E-11  0.72753827E-12
    2    2    0.19545101E-08 -0.53692732E-12  0.18406431E-09  0.27413138E-11  0.49976877E-11  0.25724122E-11
    3    2   -0.66227242E-04 -0.67045662E-12  0.79128764E-03 -0.34893814E-13 -0.82534895E-11 -0.16368552E-10
    4    2    0.98322883E-10 -0.31259155E-10 -0.11426845E-09 -0.46488706E-10  0.95767467E-04  0.50953470E-11
    5    2   -0.36157005E-10 -0.71712044E-10  0.71845374E-10  0.14718130E-09  0.53718659E-03 -0.19668573E-10
    1    3    0.37006364E-04 -0.32276704E-12  0.13629000E-03 -0.49681103E-12 -0.25573808E-11 -0.58113169E-11
    2    3    0.14106819E-05 -0.59686162E-12 -0.16626890E-03  0.48878143E-12 -0.14123307E-11 -0.23384590E-11
    3    3    0.45244544E-08  0.20884076E-12 -0.91225905E-09 -0.14587593E-12 -0.86714180E-12  0.47877716E-11
    4    3    0.38914716E-10 -0.23264469E-10 -0.17853737E-09 -0.38997979E-11 -0.85902332E-04 -0.30363022E-10
    5    3   -0.36686734E-10 -0.14869282E-11  0.22035147E-09  0.18473875E-10  0.47787932E-03  0.12025428E-10
    1    4   -0.50315380E-10 -0.57531668E-10 -0.51822266E-10  0.25741804E-10 -0.41009217E-04 -0.11631252E-10
    2    4    0.34977377E-10 -0.53032077E-10 -0.14353278E-09 -0.23496138E-10 -0.27373572E-03 -0.17971514E-10
    3    4    0.43985157E-10 -0.10582859E-10 -0.65074382E-10  0.51914206E-10  0.47787479E-03  0.16684770E-10
    4    4    0.85444366E-04 -0.53266261E-11 -0.34808781E-03  0.18604058E-10 -0.11524591E-08  0.31019869E-09
    5    4    0.20089039E-03  0.10366649E-10 -0.47878846E-04  0.21755658E-10  0.23242891E-08  0.65350298E-10
    1    5   -0.31359067E-10 -0.16841905E-10  0.19013018E-10  0.71574184E-11  0.85116740E-04  0.10810078E-10
    2    5   -0.36857168E-10 -0.18732213E-10  0.93292546E-10 -0.77162179E-10 -0.67289617E-05  0.10669676E-10
    3    5   -0.26500856E-10  0.19722711E-10  0.62290967E-10 -0.43733189E-10 -0.85900714E-04 -0.41620149E-10
    4    5    0.15825298E-03  0.34524536E-10  0.22505752E-04  0.29237316E-10  0.17761553E-08 -0.13651686E-09
    5    5   -0.85444370E-04  0.12837370E-10  0.34808783E-03 -0.51143336E-10 -0.98185447E-09 -0.35810762E-09

    1    3    0
    1    1   -0.13865012E-09 -0.17086201E-12  0.26017643E-09  0.25197369E-12  0.10105642E-10 -0.22216629E-11
    2    1   -0.16891430E-03  0.15931287E-11 -0.90790591E-05 -0.77232480E-12 -0.12051118E-12 -0.17648914E-11
    3    1    0.24960686E-03 -0.86719103E-12 -0.16586453E-03  0.50769285E-13 -0.42896858E-11  0.35594910E-11
    4    1   -0.15331771E-10  0.68772217E-10 -0.22326896E-10  0.20602657E-10 -0.25170409E-03 -0.37433484E-11
    5    1   -0.52523744E-10  0.57535844E-10  0.90731897E-11  0.33239521E-11  0.42496281E-03 -0.25630218E-10
    1    2   -0.34711442E-04  0.13956493E-11 -0.34688411E-04  0.21285816E-12 -0.50631432E-12  0.61010167E-11
    2    2    0.82779687E-10  0.99679389E-13 -0.18321030E-09  0.62030116E-12  0.38651019E-11 -0.20619184E-11
    3    2   -0.42112729E-04 -0.49403454E-12  0.90512034E-04 -0.25207595E-12 -0.56916009E-11  0.16208590E-11
    4    2    0.80117407E-10  0.10852774E-09 -0.11178163E-09 -0.14867141E-10 -0.67288347E-05  0.24336424E-10
    5    2   -0.12092078E-09  0.58563935E-10  0.15331619E-09 -0.12259807E-10 -0.27373581E-03 -0.18596747E-10
    1    3    0.19783936E-04 -0.60037210E-12  0.24028052E-04 -0.57746912E-12  0.48301967E-11 -0.60634055E-12
    2    3    0.75843960E-05  0.50877580E-12 -0.13136201E-04 -0.28336133E-12 -0.47973111E-11  0.30533394E-11
    3    3    0.61811157E-10  0.21355055E-12 -0.88611388E-10  0.22237034E-12  0.60185034E-12  0.23398382E-11
    4    3    0.19867280E-10 -0.32118784E-10 -0.13490977E-09 -0.34154617E-10  0.12390014E-03 -0.12219619E-10
    5    3   -0.47720117E-10  0.26671633E-10  0.13951672E-09 -0.77489952E-11 -0.11728224E-03  0.28059205E-10
    1    4    0.38947353E-10  0.64989751E-10  0.20779280E-10  0.32956556E-10  0.10083014E-03  0.62136217E-11
    2    4    0.17292929E-10  0.55716964E-10 -0.55937820E-10  0.72155790E-10  0.95585648E-05 -0.20389118E-10
    3    4    0.34111983E-10 -0.99128126E-11 -0.30520811E-10  0.11682854E-10 -0.11728228E-03  0.48370044E-10
    4    4    0.72129298E-04  0.17668521E-11 -0.17161946E-03 -0.38548516E-11 -0.19218369E-08 -0.57250563E-10
    5    4   -0.20827125E-03  0.67020434E-10  0.27635577E-03  0.39499929E-10  0.12423736E-08  0.11771322E-10
    1    5    0.23304335E-10  0.81212569E-10  0.15657003E-10  0.29760479E-10 -0.74080393E-04 -0.18893311E-10
    2    5    0.45313792E-10  0.29707410E-10  0.87807414E-10  0.24973103E-10  0.12390021E-03  0.16572199E-10
    3    5   -0.31146810E-10  0.57346402E-11  0.62082487E-10 -0.23912292E-10  0.12390033E-03 -0.35782458E-10
    4    5   -0.67160783E-04  0.35227871E-10  0.11632594E-03 -0.30636457E-10  0.10401823E-08 -0.25268831E-09
    5    5   -0.72129293E-04  0.66473010E-11  0.17161945E-03 -0.11008018E-10 -0.20521563E-08  0.16787350E-09

    2   -5    0
    1    1   -0.13924238E-10 -0.42979162E-12  0.27144116E-10 -0.71514062E-12 -0.37482055E-11 -0.39438468E-11
    2    1   -0.16595301E-04  0.27371537E-11 -0.23119812E-04  0.10079141E-11 -0.34752624E-12  0.24739998E-11
    3    1    0.27221484E-04 -0.49397200E-12 -0.59546107E-05  0.27466321E-12  0.91203653E-13  0.82313353E-12
    4    1    0.58657363E-10 -0.73346921E-10 -0.12105375E-10 -0.36731469E-10 -0.74080467E-04  0.39646773E-11
    5    1    0.17000783E-10 -0.95161216E-10  0.24890711E-10 -0.17870490E-10  0.10083006E-03  0.14117465E-11
    1    2   -0.13133593E-04 -0.18377691E-11 -0.33432034E-05  0.11123359E-11  0.14073490E-11  0.11435671E-10
    2    2    0.24802570E-10  0.11002406E-11 -0.87258337E-10 -0.87268876E-12  0.83957118E-12 -0.77405217E-11
    3    2    0.17952656E-04 -0.25731402E-12  0.63978171E-05 -0.36412561E-12  0.14428400E-11 -0.43942283E-11
    4    2   -0.46205100E-10 -0.89591532E-10  0.10550601E-09  0.60190601E-10  0.14514596E-04  0.19396114E-11
    5    2    0.92900060E-10 -0.10633141E-09 -0.13922361E-09 -0.10523497E-10 -0.34648707E-04  0.63701396E-11
    1    3    0.73232070E-05 -0.77021221E-12  0.71467665E-05  0.11280937E-11  0.25287824E-11 -0.47858095E-11
    2    3   -0.19395177E-05  0.67093960E-12 -0.92196953E-05 -0.14090542E-11 -0.15670912E-11  0.31672673E-11
    3    3    0.44782939E-10  0.40260763E-12 -0.49671224E-10 -0.19663958E-13  0.23326143E-12  0.99164807E-12
    4    3   -0.45452235E-10  0.24328621E-10  0.12812557E-09  0.21166343E-10  0.14514552E-04  0.42995224E-11
    5    3    0.68282976E-10  0.28544290E-11 -0.14539261E-09  0.11030874E-10  0.24476951E-04 -0.11162070E-10
    1    4   -0.27345815E-10 -0.73987188E-10 -0.11415486E-10 -0.16032656E-10 -0.51495238E-04  0.17291591E-10
    2    4    0.14423359E-10 -0.10209660E-09  0.90132323E-11 -0.52131656E-10  0.24476827E-04 -0.12884079E-10
    3    4   -0.20708007E-10  0.37676738E-10 -0.50515535E-11  0.19197135E-10  0.24476826E-04  0.16578412E-10
    4    4    0.98379943E-05 -0.65506474E-11 -0.17039918E-04  0.17636007E-10  0.18322972E-08 -0.59100570E-10
    5    4    0.28217793E-03  0.20131109E-10  0.22962237E-03  0.94981191E-11 -0.10035989E-08  0.63730778E-10
    1    5   -0.17884720E-10 -0.55222398E-10  0.23509220E-12 -0.17519733E-10  0.14514493E-04  0.23443790E-12
    2    5   -0.99747485E-10 -0.21564764E-10 -0.44339315E-10 -0.63738315E-11 -0.68370359E-05 -0.21062659E-10
    3    5    0.91489804E-11 -0.26649238E-10 -0.13558313E-11 -0.10233542E-10  0.14514565E-04  0.10265605E-10
    4    5    0.26486000E-05 -0.29418042E-10  0.69610587E-05 -0.61152367E-11 -0.91960341E-09  0.11265535E-09
    5    5   -0.98379887E-05 -0.73472131E-11  0.17039877E-04  0.16099876E-10  0.19495136E-08  0.81300262E-11

    2   -4    0
    1    1   -0.14026301E-09 -0.34733934E-13  0.15847199E-10 -0.19788771E-12 -0.63331313E-11 -0.13707821E-11
    2    1    0.22792369E-04  0.13885823E-11 -0.13384188E-03  0.63229502E-12  0.56747075E-11  0.31016855E-11
    3    1   -0.11538223E-05 -0.67609194E-12  0.62198724E-04 -0.35168797E-12  0.25256100E-11 -0.19723165E-11
    4    1   -0.60318931E-11  0.14194955E-09 -0.26795249E-10  0.22763949E-10  0.85116551E-04 -0.29661245E-10
    5    1   -0.81581500E-10  0.56860818E-10  0.41890609E-10  0.15979031E-10  0.10083014E-03  0.11526169E-10
    1    2   -0.26259241E-04 -0.12879099E-11 -0.60321662E-05  0.52550950E-12  0.74248782E-12  0.73391003E-11
    2    2   -0.67244183E-10  0.12055158E-11 -0.24335760E-09 -0.61854032E-12 -0.62136687E-12 -0.67472176E-11
    3    2    0.58925457E-05  0.59290394E-12 -0.29043011E-04 -0.84975624E-12  0.24546360E-12 -0.29606251E-11
    4    2   -0.12007298E-09  0.59605242E-10  0.96461019E-10  0.43658775E-11 -0.68371902E-05  0.10090854E-10
    5    2    0.73056511E-10  0.12711756E-09 -0.68590384E-10 -0.55831175E-10  0.24476929E-04  0.11351775E-10
    1    3    0.39344203E-04  0.40579653E-12  0.18848295E-04  0.17725327E-11 -0.21202639E-11 -0.85580034E-11
    2    3   -0.83028844E-04  0.15579979E-11 -0.14766636E-04 -0.90929658E-12 -0.38223570E-11  0.21378253E-11
    3    3    0.30754652E-10  0.40914884E-12 -0.85839594E-10  0.60165414E-13  0.16855028E-12  0.28089010E-13
    4    3   -0.49403251E-10 -0.44010789E-10  0.14760122E-09  0.57617370E-10  0.85116619E-04  0.21788855E-10
    5    3    0.43399649E-10 -0.28324527E-10 -0.16641261E-09 -0.72054885E-10 -0.34648600E-04 -0.32412210E-10
    1    4    0.14970763E-10  0.38647287E-10  0.15531665E-10  0.56887632E-10 -0.34648575E-04  0.49924695E-11
    2    4    0.41065328E-11  0.12793080E-10  0.13696924E-10  0.21151634E-10 -0.44810621E-04  0.37794934E-10
    3    4   -0.30100916E-10  0.41207261E-10 -0.34031658E-10  0.24043231E-10 -0.34648676E-04 -0.20602260E-10
    4    4    0.58463814E-05  0.75529266E-11  0.10126265E-04 -0.92777036E-11  0.11839616E-08  0.12494412E-09
    5    4   -0.42844732E-03 -0.61067990E-10 -0.12956206E-03 -0.25556227E-10 -0.17365073E-08  0.27789743E-09
    1    5    0.18673038E-10  0.40454255E-10  0.13482569E-10  0.39899820E-10 -0.67291231E-05 -0.18890281E-10
    2    5    0.48593634E-10  0.34952979E-10  0.79204239E-10  0.44252440E-10 -0.85900938E-04 -0.17975600E-10
    3    5    0.19838944E-10  0.10950367E-10  0.21137993E-10 -0.15193613E-11  0.85116662E-04  0.33505189E-10
    4    5   -0.33388437E-03 -0.62627576E-10 -0.32620957E-03 -0.21572108E-10 -0.18533714E-08  0.18450573E-09
    5    5   -0.58464201E-05  0.44566460E-11 -0.10126240E-04 -0.41243302E-11  0.11808156E-08 -0.20428309E-09

    2   -3    0
    1    1   -0.60674882E-09  0.11346566E-11 -0.18513559E-08 -0.29613551E-12 -0.87721061E-11  0.36017305E-11
    2    1    0.54724812E-03 -0.68144315E-12 -0.38213185E-03  0.32612031E-12  0.55007682E-11 -0.14008041E-10
    3    1   -0.90669551E-04 -0.18104729E-11  0.29054179E-03 -0.63680830E-12  0.52708054E-11  0.39887408E-11
    4    1    0.29890632E-10 -0.13174272E-09 -0.32144159E-10 -0.15781918E-10  0.95767410E-04 -0.37203116E-10
    5    1    0.63211622E-10 -0.75332915E-10  0.30910063E-10 -0.38544034E-10 -0.41007870E-04  0.30592912E-10
    1    2   -0.12226977E-03 -0.32548749E-12  0.77027517E-04  0.20237300E-12 -0.21623735E-11  0.23161666E-11
    2    2   -0.22999455E-08  0.81639821E-12 -0.37309332E-08 -0.12582439E-12  0.22986852E-11 -0.21750020E-11
    3    2    0.50820239E-04  0.12349090E-11 -0.13297608E-03  0.13427363E-12  0.27971700E-11 -0.67728390E-12
    4    2   -0.10796899E-09 -0.12124625E-09  0.79527601E-10  0.66774386E-10 -0.85902062E-04  0.36186450E-11
    5    2    0.15651538E-09 -0.51993579E-10 -0.89385264E-10  0.22557929E-10 -0.44810298E-04 -0.63553097E-11
    1    3    0.45983229E-03 -0.25619562E-12  0.21315246E-03  0.24828326E-11 -0.10620239E-10 -0.25026573E-12
    2    3   -0.10289264E-02  0.22703455E-11 -0.10872582E-03 -0.65207486E-12  0.11542964E-11  0.36013981E-11
    3    3    0.38467435E-08  0.30739907E-12  0.80087432E-08 -0.79703605E-13 -0.71403467E-11 -0.10161376E-11
    4    3   -0.94213157E-10 -0.39766827E-10  0.20835945E-09  0.43545295E-10 -0.32836032E-03 -0.12228238E-10
    5    3    0.42262774E-10  0.92818888E-10 -0.15012110E-09 -0.36459803E-10 -0.41007869E-04 -0.12184723E-10
    1    4   -0.36739659E-11  0.11287325E-10 -0.15199256E-10 -0.51114293E-10 -0.27373549E-03  0.41864377E-10
    2    4   -0.91410600E-10  0.69675548E-10 -0.84431840E-10 -0.35052286E-11  0.47787475E-03 -0.10919356E-10
    3    4   -0.53878119E-10  0.10291461E-10 -0.33816508E-10 -0.33912700E-11 -0.41008921E-04 -0.32913556E-10
    4    4   -0.34417514E-03 -0.30060085E-10  0.10004693E-03  0.86549704E-11  0.22796488E-08 -0.83229842E-10
    5    4    0.28303696E-03 -0.70632496E-10  0.40110429E-03 -0.25105625E-10 -0.12815361E-08  0.98504752E-10
    1    5    0.30680888E-10 -0.94641374E-11 -0.15961238E-10 -0.61044988E-10 -0.70462948E-03 -0.20400106E-10
    2    5    0.80443091E-10  0.14684630E-11  0.43253296E-10 -0.63038351E-10  0.18357696E-02  0.31370686E-10
    3    5    0.41615612E-10 -0.35212798E-10  0.54910085E-10 -0.37619996E-10 -0.32836521E-03  0.80103584E-11
    4    5    0.83475884E-03  0.77477421E-11  0.15585148E-02  0.46332500E-10 -0.98766232E-09  0.45494645E-10
    5    5    0.34417509E-03 -0.12836954E-14 -0.10004692E-03 -0.53262342E-12  0.21791278E-08 -0.29502127E-10

    2   -2    0
    1    1    0.14040315E-08  0.50686018E-12  0.90960306E-08  0.15168639E-14  0.21468518E-10  0.15542693E-10
    2    1    0.70829621E-02  0.12560046E-11  0.78325552E-02  0.62103385E-12 -0.41495534E-10 -0.46173572E-10
    3    1   -0.14423800E-02 -0.15616804E-11  0.16406245E-02  0.26443035E-12  0.28267090E-10 -0.13873759E-10
    4    1   -0.22338181E-10  0.13244313E-09 -0.19057560E-10 -0.24821823E-10 -0.24770033E-02 -0.31207505E-10
    5    1    0.39890087E-10  0.19151852E-09  0.19084846E-10 -0.23313913E-10  0.53718810E-03  0.34470106E-10
    1    2   -0.62047928E-03  0.81429178E-12  0.33404317E-02 -0.61434137E-12 -0.15681771E-10 -0.26568643E-11
    2    2    0.14054094E-08 -0.79767356E-12 -0.90960302E-08  0.15224438E-14  0.20015348E-10  0.92618631E-11
    3    2    0.75112898E-03 -0.23926228E-13 -0.80026886E-03  0.58025855E-12  0.65858192E-11  0.18342569E-11
    4    2   -0.21334991E-09  0.35077625E-10  0.41365539E-10 -0.41361661E-10  0.18357711E-02  0.27975263E-10
    5    2    0.10525712E-09  0.94235390E-10 -0.78359118E-10 -0.38525463E-10  0.47787965E-03 -0.18813312E-10
    1    3    0.10552758E-02 -0.62289984E-12 -0.19751538E-03  0.82659373E-12 -0.24145936E-10 -0.76378380E-11
    2    3   -0.22712128E-02  0.15728300E-11  0.19516374E-04  0.62400746E-12  0.80484559E-11  0.17025969E-10
    3    3   -0.26635616E-08  0.70309557E-12  0.10755286E-15  0.56547790E-14  0.91927147E-11 -0.17376337E-11
    4    3   -0.14352290E-09  0.26821788E-10  0.11110077E-09  0.40628888E-10 -0.81174279E-03 -0.36189725E-10
    5    3    0.89822216E-10 -0.20927805E-10 -0.12637266E-09 -0.10780515E-10 -0.81174078E-03  0.20395890E-10
    1    4   -0.80535666E-10 -0.50218769E-10 -0.45208218E-10  0.53150262E-10  0.18357710E-02  0.14259864E-10
    2    4   -0.18829515E-09 -0.27829190E-10 -0.48359439E-10  0.50950746E-11 -0.24770033E-02 -0.53608322E-10
    3    4   -0.50869821E-10  0.18853325E-10 -0.91446282E-10  0.40697287E-10 -0.81174277E-03  0.43112181E-10
    4    4   -0.89583832E-03  0.22517033E-10 -0.56530301E-14  0.56856905E-14  0.15693159E-08  0.19789683E-09
    5    4   -0.74245102E-03 -0.12059511E-10 -0.42993174E-03  0.42630387E-10 -0.27578158E-08  0.39779392E-09
    1    5    0.30075381E-10 -0.71463780E-10  0.38374375E-10  0.59414741E-11  0.47787965E-03  0.20016682E-10
    2    5    0.23640638E-10 -0.11613001E-09  0.98644452E-10 -0.66467658E-10  0.53718809E-03  0.15216478E-11
    3    5    0.69265207E-10  0.62137937E-11  0.99905893E-10 -0.34778521E-10 -0.81174078E-03 -0.46856670E-10
    4    5   -0.25794178E-03 -0.65179888E-11 -0.82325945E-04  0.80947505E-11 -0.19472971E-08  0.15628310E-09
    5    5    0.89583833E-03  0.37061002E-10  0.60420419E-14 -0.59836009E-14  0.17166987E-08 -0.56886577E-09

    2   -1    0
    1    1   -0.21525334E-08 -0.14980621E-11  0.11891919E-07 -0.85549883E-12  0.27413751E-10  0.98833910E-11
    2    1    0.62896604E-02  0.27434010E-11  0.37731729E-02  0.21192927E-11  0.38370056E-10  0.56051107E-11
    3    1   -0.64447190E-02 -0.20672540E-11 -0.22788687E-02 -0.27788199E-12 -0.57321384E-11 -0.20690117E-10
    4    1    0.21090794E-10 -0.96222698E-10  0.43710356E-11 -0.94391288E-10 -0.35347429E-02 -0.18465583E-11
    5    1    0.22739709E-09 -0.20423206E-09  0.49486853E-10  0.63873519E-10  0.59822620E-02 -0.10617589E-10
    1    2   -0.71839486E-03  0.30166993E-11 -0.33826954E-03  0.23485532E-12 -0.14129652E-10 -0.82688302E-11
    2    2    0.37205881E-08 -0.10351017E-11 -0.26061542E-08 -0.62417897E-12 -0.32382146E-10  0.69210663E-11
    3    2    0.20771650E-02  0.13905272E-12  0.90310457E-03  0.21593014E-12  0.14705439E-10 -0.11115655E-10
    4    2    0.86897577E-10 -0.15258426E-09  0.13168684E-09 -0.40525239E-10  0.53718997E-03 -0.14750696E-10
    5    2    0.17400647E-09 -0.44745207E-10 -0.39649746E-11  0.56264582E-11 -0.24769966E-02 -0.68099861E-11
    1    3    0.72639075E-03  0.45260787E-12  0.32672130E-03  0.11562322E-12 -0.20132923E-10 -0.66600767E-11
    2    3   -0.19970909E-02  0.78060892E-12 -0.11663598E-02  0.14518514E-11 -0.14034486E-10 -0.13899008E-10
    3    3   -0.31509599E-08 -0.35191901E-12 -0.65290003E-08 -0.18297169E-12 -0.17195907E-10 -0.50391972E-11
    4    3   -0.44064665E-10 -0.19164187E-10  0.56806149E-10  0.96810050E-11  0.53718939E-03  0.32664695E-10
    5    3   -0.41503482E-12 -0.28105735E-10 -0.20943960E-10 -0.40132047E-10 -0.18329269E-03  0.11848503E-10
    1    4    0.80441064E-10  0.51862140E-10  0.27853679E-11  0.45589070E-10  0.63393102E-03 -0.12543630E-10
    2    4   -0.53004614E-10  0.14004847E-09 -0.65326591E-10  0.11746747E-09 -0.18329983E-03  0.29376636E-10
    3    4    0.12654463E-10 -0.63137426E-11 -0.84216925E-10  0.29393656E-10 -0.18329998E-03  0.58200740E-10
    4    4    0.82575978E-05  0.48693468E-10 -0.14302753E-04  0.27639013E-10  0.31142104E-08  0.74563633E-09
    5    4    0.81229972E-04 -0.31702597E-10  0.68176763E-03  0.37323289E-10 -0.17092213E-08  0.60513998E-09
    1    5    0.16002296E-10  0.52231169E-10  0.60399561E-10  0.14898605E-10  0.47787911E-03 -0.13274866E-10
    2    5   -0.21839544E-10 -0.33107454E-10  0.13342615E-10 -0.31315300E-10 -0.81174105E-03 -0.19670307E-10
    3    5   -0.24058289E-10  0.38169202E-10  0.35863375E-10 -0.15455537E-11  0.53718804E-03  0.68538403E-11
    4    5   -0.49919721E-04  0.11198243E-10 -0.57805230E-03  0.26509023E-11 -0.80070539E-09  0.17827643E-09
    5    5   -0.82577030E-05  0.12927853E-11  0.14302693E-04  0.11687118E-11  0.27819253E-08 -0.88796825E-09

    2    0    0
    1    1   -0.64170547E-08 -0.11419901E-12  0.66779402E-08 -0.20122012E-12 -0.84234437E-11 -0.39956652E-11
    2    1    0.25652489E-03  0.50145516E-12  0.22504163E-02  0.11584369E-11  0.38313184E-10 -0.75669209E-11
    3    1   -0.67768527E-02 -0.16875091E-11 -0.21255878E-02 -0.22916960E-11 -0.75497759E-11  0.12578053E-10
    4    1   -0.41131969E-10  0.50479474E-10 -0.92518172E-10  0.34076482E-10 -0.24770023E-02 -0.52567529E-10
    5    1   -0.25933310E-10  0.12786301E-09 -0.34476158E-10  0.13681716E-09  0.59822544E-02  0.24063284E-10
    1    2   -0.69767539E-03  0.86393740E-12 -0.11159185E-02  0.24712793E-12 -0.16525814E-10 -0.43332745E-11
    2    2    0.46042111E-09 -0.13360936E-12  0.76120295E-09 -0.23466434E-12  0.10618032E-11  0.25963443E-11
    3    2    0.16337101E-02  0.13345251E-11  0.21576546E-02  0.16360386E-11 -0.86151873E-11  0.17469037E-10
    4    2   -0.52082420E-10  0.76789799E-10  0.91872392E-10  0.68435834E-10 -0.81174298E-03 -0.15869295E-10
    5    2   -0.49650716E-10  0.10787166E-09 -0.31697105E-10  0.51058788E-10 -0.18329303E-03  0.31914725E-10
    1    3   -0.73204987E-03  0.70704211E-13  0.22011941E-02 -0.78523565E-12 -0.88152549E-11  0.10346636E-11
    2    3   -0.18360350E-03 -0.26597244E-12 -0.11538932E-02  0.14897450E-11 -0.57260571E-11  0.50782365E-11
    3    3    0.60880835E-08 -0.84686815E-12 -0.76598338E-08 -0.14790807E-11  0.41686460E-11 -0.67263306E-11
    4    3    0.72750008E-11 -0.14061973E-10  0.16760020E-09 -0.41972030E-11  0.18357699E-02  0.49400478E-10
    5    3   -0.49549655E-10  0.10500016E-10 -0.81243029E-10  0.16039946E-10 -0.24769940E-02 -0.74786486E-10
    1    4   -0.55716384E-10 -0.31406992E-10 -0.11115487E-09 -0.70973056E-10  0.18357718E-02  0.47716964E-10
    2    4    0.14233558E-09  0.48173409E-10  0.98115247E-10  0.38568347E-10 -0.81174144E-03  0.78761197E-11
    3    4    0.10859713E-09 -0.36138693E-10  0.73119513E-10 -0.13541060E-10 -0.24770046E-02 -0.55770273E-10
    4    4    0.44791914E-03 -0.45461686E-11  0.77581871E-03 -0.78633541E-11  0.16431584E-08 -0.43854308E-09
    5    4   -0.15619433E-03 -0.12678771E-10  0.47272065E-03  0.22397119E-10 -0.28831636E-08  0.55565409E-10
    1    5    0.23347614E-10 -0.18342726E-10  0.17990569E-10 -0.59977302E-10 -0.70463057E-03 -0.33343287E-10
    2    5   -0.60388101E-10  0.41709191E-11 -0.99462364E-10 -0.31441406E-10 -0.32836633E-03 -0.15317947E-10
    3    5   -0.84375627E-10  0.49509852E-10 -0.11066575E-09  0.72213488E-10  0.18357699E-02  0.59615207E-10
    4    5   -0.82517645E-04 -0.64985595E-11  0.26538106E-03  0.17054667E-10 -0.19691000E-08  0.95140278E-10
    5    5   -0.44791921E-03 -0.11651192E-11 -0.77581882E-03 -0.20302275E-11  0.15477988E-08  0.37903873E-09

    2    1    0
    1    1    0.19550254E-08  0.35592362E-12 -0.18214842E-09  0.14626815E-11 -0.62010118E-11  0.26068555E-11
    2    1   -0.11936884E-03  0.16034707E-12  0.26904035E-03 -0.11897511E-11  0.42821848E-11 -0.10840956E-10
    3    1   -0.66227240E-04 -0.10434105E-11 -0.79128764E-03 -0.15441035E-11  0.47559887E-11 -0.79667065E-11
    4    1    0.12788119E-10 -0.38918308E-10 -0.78400872E-12 -0.22561063E-10  0.95767494E-04 -0.87033515E-11
    5    1    0.31556766E-10 -0.55050485E-10  0.34583119E-10 -0.11979133E-09  0.53718656E-03  0.32768840E-10
    1    2   -0.40462416E-03 -0.35649733E-13 -0.41832149E-03 -0.14745648E-11 -0.84566281E-11 -0.58663621E-11
    2    2   -0.90743257E-08  0.32930337E-12 -0.26478035E-09  0.15244721E-11 -0.36260785E-11  0.70958721E-11
    3    2    0.61749303E-03  0.33568725E-12  0.11621957E-02  0.61564191E-12  0.31832171E-11 -0.81662023E-11
    4    2   -0.64626886E-10 -0.51997262E-10  0.76200976E-10  0.17036336E-10 -0.32835970E-03 -0.15368314E-10
    5    2    0.73444670E-10 -0.60034677E-10 -0.27312710E-10 -0.40400375E-10 -0.81174182E-03  0.97309610E-11
    1    3    0.14106819E-05 -0.17160465E-12  0.16626890E-03 -0.23456524E-11 -0.34712756E-11 -0.51663879E-11
    2    3    0.37006364E-04 -0.12923646E-11 -0.13629000E-03  0.14023185E-11 -0.12835317E-11 -0.48865386E-11
    3    3    0.45254698E-08  0.38629690E-13  0.91707067E-09 -0.58518381E-12 -0.13820752E-11  0.58556510E-11
    4    3   -0.28513179E-10  0.85467488E-12  0.16962037E-09  0.15368306E-10 -0.85902344E-04 -0.12322250E-10
    5    3   -0.19166965E-10 -0.18844189E-11 -0.20777001E-09 -0.29609299E-10  0.47787934E-03 -0.17185423E-10
    1    4    0.14917930E-10 -0.65637391E-10  0.22270585E-10  0.56154153E-10 -0.27373571E-03  0.39370130E-11
    2    4    0.56277747E-10 -0.84509401E-10  0.86572134E-10 -0.36853570E-10 -0.41009241E-04  0.40886370E-12
    3    4    0.62111151E-10 -0.11317196E-10  0.12656741E-09 -0.62074586E-10  0.47787479E-03 -0.25811350E-10
    4    4    0.85444376E-04 -0.24177724E-11  0.34808786E-03 -0.62946788E-11  0.21393954E-08  0.53857582E-09
    5    4    0.20089041E-03 -0.17000066E-10  0.47878862E-04  0.16221452E-10 -0.18118803E-08  0.27872456E-09
    1    5   -0.43886066E-10 -0.12095641E-10  0.46008592E-11  0.25672545E-10 -0.67289443E-05  0.10762772E-10
    2    5   -0.59428100E-10 -0.21639806E-11 -0.12901830E-09  0.45773173E-10  0.85116738E-04 -0.37487976E-11
    3    5   -0.26543176E-10  0.19936406E-10 -0.10865666E-09  0.26580567E-10 -0.85900724E-04 -0.21559755E-11
    4    5    0.15825301E-03  0.14347275E-10 -0.22505738E-04 -0.26378114E-10 -0.89079721E-09  0.10659563E-09
    5    5   -0.85444366E-04 -0.48930304E-12 -0.34808781E-03 -0.50206974E-11  0.22805795E-08 -0.56869537E-09

    2    2    0
    1    1    0.51586883E-10 -0.17919562E-12  0.18214517E-09  0.17226936E-13 -0.16915553E-11 -0.18137633E-12
    2    1   -0.46003204E-04  0.24272802E-11  0.43350476E-04  0.27188679E-12 -0.35090908E-11 -0.41020591E-11
    3    1    0.72629780E-04 -0.18694712E-11 -0.11907530E-03 -0.15876666E-12 -0.78467086E-12  0.46135280E-11
    4    1   -0.33209249E-10  0.74895934E-10  0.20455960E-10 -0.57551459E-11  0.85116556E-04  0.33029303E-11
    5    1   -0.20348318E-10  0.61175444E-10 -0.37615361E-10  0.48531772E-10 -0.41007643E-04 -0.17741574E-10
    1    2   -0.46003200E-04 -0.35387985E-12 -0.43350480E-04 -0.86314853E-13 -0.72381655E-11  0.52773339E-11
    2    2    0.51149134E-10  0.29763736E-12 -0.17982484E-09  0.46045874E-12  0.12995538E-12  0.37332483E-13
    3    2    0.72629778E-04 -0.11965780E-12  0.11907530E-03 -0.10074556E-11  0.28083067E-11  0.14392659E-11
    4    2   -0.11736149E-09  0.64707837E-10  0.10299567E-09  0.20208976E-10  0.85116566E-04 -0.10674245E-10
    5    2    0.40302296E-10  0.87391501E-10 -0.79877751E-10 -0.30408470E-10 -0.41007636E-04  0.17855668E-10
    1    3    0.16637379E-04 -0.85205906E-12  0.23010839E-04 -0.11608390E-13  0.11495672E-11 -0.15147293E-11
    2    3    0.16637377E-04  0.43975679E-12 -0.23010842E-04  0.18908367E-12  0.43578298E-12  0.30119818E-11
    3    3    0.23462310E-09  0.38462031E-12  0.13214404E-11 -0.43735543E-12  0.58303334E-11  0.20440113E-11
    4    3   -0.55581843E-10  0.69247404E-12  0.14523436E-09 -0.22611483E-11 -0.68370939E-05  0.47307500E-11
    5    3    0.40851980E-10  0.46274673E-11 -0.14250169E-09 -0.13626215E-10 -0.44810352E-04  0.14223440E-10
    1    4    0.10242228E-09  0.33812932E-10 -0.98426927E-11 -0.22245625E-10 -0.34648625E-04  0.69254444E-11
    2    4    0.55325272E-10  0.60163821E-10  0.56307741E-10 -0.11581851E-10 -0.34648588E-04 -0.12694416E-10
    3    4    0.17562562E-10 -0.36364674E-10  0.59220028E-10 -0.11897312E-10 -0.44810608E-04  0.17269184E-10
    4    4   -0.11692791E-04  0.32022655E-11 -0.25962459E-10  0.15114430E-10  0.12281372E-08 -0.12860299E-09
    5    4   -0.33815787E-03  0.28109088E-10 -0.15513425E-10 -0.64300700E-11 -0.20011369E-08  0.19942414E-09
    1    5    0.59971217E-11  0.47865499E-10 -0.15939252E-10  0.19460632E-11  0.14514570E-04  0.58254291E-12
    2    5   -0.63610488E-11  0.73032628E-10 -0.42260663E-10  0.32731680E-10  0.14514529E-04  0.60023679E-11
    3    5    0.41778085E-11 -0.13662953E-10 -0.29266313E-10  0.18939664E-10 -0.68370909E-05 -0.13095292E-10
    4    5   -0.80379254E-05  0.14551793E-11  0.45769597E-10  0.13256564E-10 -0.16984277E-08  0.12187750E-09
    5    5    0.11692792E-04 -0.57959345E-12 -0.21060876E-10 -0.55653886E-12  0.93204668E-09  0.13102128E-09

    2    3    0
    1    1   -0.13924292E-10 -0.42975346E-12  0.27144077E-10 -0.71511850E-12 -0.37482055E-11 -0.39438468E-11
    2    1   -0.16595301E-04  0.27371495E-11 -0.23119812E-04  0.10079139E-11 -0.34752625E-12  0.24739997E-11
    3    1    0.27221484E-04 -0.49397303E-12 -0.59546107E-05  0.27465779E-12  0.91203649E-13  0.82313353E-12
    4    1    0.58657363E-10 -0.73346921E-10 -0.12105375E-10 -0.36731469E-10 -0.74080467E-04  0.39646836E-11
    5    1    0.17000783E-10 -0.95161216E-10  0.24890711E-10 -0.17870490E-10  0.10083006E-03  0.14117600E-11
    1    2   -0.13133593E-04 -0.18377733E-11 -0.33432034E-05  0.11123346E-11  0.14073490E-11  0.11435671E-10
    2    2    0.24802510E-10  0.11002753E-11 -0.87258300E-10 -0.87270568E-12  0.83957118E-12 -0.77405217E-11
    3    2    0.17952656E-04 -0.25731026E-12  0.63978171E-05 -0.36412774E-12  0.14428401E-11 -0.43942283E-11
    4    2   -0.46205100E-10 -0.89591532E-10  0.10550601E-09  0.60190601E-10  0.14514596E-04  0.19396223E-11
    5    2    0.92900060E-10 -0.10633141E-09 -0.13922361E-09 -0.10523497E-10 -0.34648707E-04  0.63701340E-11
    1    3    0.73232070E-05 -0.77020966E-12  0.71467665E-05  0.11281010E-11  0.25287824E-11 -0.47858095E-11
    2    3   -0.19395177E-05  0.67094087E-12 -0.92196953E-05 -0.14090573E-11 -0.15670912E-11  0.31672674E-11
    3    3    0.44782800E-10  0.40267008E-12 -0.49671221E-10 -0.19664392E-13  0.23326143E-12  0.99164807E-12
    4    3   -0.45452235E-10  0.24328621E-10  0.12812557E-09  0.21166343E-10  0.14514552E-04  0.42995295E-11
    5    3    0.68282976E-10  0.28544290E-11 -0.14539261E-09  0.11030874E-10  0.24476951E-04 -0.11162064E-10
    1    4   -0.27345815E-10 -0.73987188E-10 -0.11415486E-10 -0.16032656E-10 -0.51495238E-04  0.17291602E-10
    2    4    0.14423359E-10 -0.10209660E-09  0.90132323E-11 -0.52131656E-10  0.24476827E-04 -0.12884072E-10
    3    4   -0.20708007E-10  0.37676738E-10 -0.50515535E-11  0.19197135E-10  0.24476826E-04  0.16578417E-10
    4    4    0.98379943E-05 -0.65505932E-11 -0.17039918E-04  0.17636004E-10  0.18322972E-08 -0.59100570E-10
    5    4    0.28217793E-03  0.20131110E-10  0.22962237E-03  0.94981196E-11 -0.10035989E-08  0.63730778E-10
    1    5   -0.17884720E-10 -0.55222398E-10  0.23509220E-12 -0.17519733E-10  0.14514493E-04  0.23442880E-12
    2    5   -0.99747485E-10 -0.21564764E-10 -0.44339315E-10 -0.63738315E-11 -0.68370359E-05 -0.21062661E-10
    3    5    0.91489804E-11 -0.26649238E-10 -0.13558313E-11 -0.10233542E-10  0.14514565E-04  0.10265614E-10
    4    5    0.26486000E-05 -0.29418041E-10  0.69610587E-05 -0.61152369E-11 -0.91960341E-09  0.11265535E-09
    5    5   -0.98379887E-05 -0.73470709E-11  0.17039877E-04  0.16099885E-10  0.19495136E-08  0.81300262E-11

    3   -5    0
    1    1   -0.64842986E-10 -0.76012243E-12  0.24426185E-10 -0.64160049E-12  0.54865976E-11 -0.21657081E-11
    2    1   -0.91274185E-05  0.48800944E-12 -0.15617496E-04  0.14726146E-11  0.14772895E-11  0.45555510E-11
    3    1    0.53930248E-05  0.84557757E-12  0.10489968E-04 -0.34469313E-12 -0.28590564E-11 -0.77449085E-12
    4    1   -0.81580997E-10  0.77699672E-10  0.41639519E-10  0.57359548E-11  0.14514613E-04 -0.61633368E-11
    5    1   -0.17305224E-10  0.14240622E-09 -0.48963354E-10  0.54920036E-10 -0.51495241E-04  0.20654887E-10
    1    2   -0.91274187E-05 -0.15939678E-11  0.15617497E-04  0.83106126E-12 -0.43446023E-12  0.63366411E-11
    2    2   -0.65071963E-10  0.15108722E-11 -0.24673499E-10 -0.36638091E-12 -0.29923034E-11 -0.37293681E-11
    3    2    0.53930230E-05 -0.11531565E-11 -0.10489969E-04  0.61041830E-12  0.24391952E-12 -0.38061808E-11
    4    2    0.55634602E-10  0.11447815E-09 -0.63926471E-10 -0.54478973E-10  0.14514598E-04  0.10155212E-10
    5    2   -0.14056813E-09  0.75344594E-10  0.11884212E-09 -0.18834092E-10 -0.51495272E-04 -0.15847653E-10
    1    3   -0.68836884E-05  0.28759404E-12  0.17165216E-04  0.23248214E-11 -0.21241914E-11 -0.71122070E-11
    2    3   -0.68836879E-05  0.10177141E-11 -0.17165216E-04 -0.33297533E-11 -0.52031775E-11  0.17462159E-11
    3    3    0.80650721E-12  0.27038484E-12  0.18370457E-12  0.12375431E-12  0.52274826E-11  0.10224405E-11
    4    3    0.74749061E-10 -0.16246442E-10 -0.14200158E-09 -0.46851438E-10 -0.74080494E-04  0.11480099E-10
    5    3   -0.86875759E-10 -0.38189852E-10  0.17878351E-09  0.48539629E-10 -0.51495333E-04 -0.15431924E-10
    1    4    0.26923320E-10  0.32025873E-10 -0.14106118E-10 -0.24365748E-10  0.24476916E-04 -0.13400636E-10
    2    4   -0.76924271E-11  0.67046020E-10  0.94741579E-10 -0.85186535E-11  0.24476885E-04  0.78760004E-11
    3    4   -0.10158407E-10 -0.25507827E-11  0.45737694E-10 -0.22604337E-10 -0.51495179E-04 -0.17492128E-10
    4    4   -0.19675981E-04 -0.76170363E-12  0.63390303E-11 -0.20345149E-11 -0.20060197E-08  0.14109618E-09
    5    4   -0.24457195E-04 -0.45916538E-10  0.29666847E-10  0.35255117E-10  0.94228238E-09 -0.11447967E-09
    1    5   -0.14434263E-10  0.39042225E-10  0.45968432E-10  0.31384159E-10  0.12390021E-03  0.23097229E-10
    2    5    0.64230915E-10  0.18486447E-10 -0.84749250E-10  0.16370918E-10  0.12390023E-03 -0.93346399E-11
    3    5    0.14197247E-10  0.26853867E-10 -0.56790701E-10  0.15340244E-10 -0.74080242E-04  0.29082025E-11
    4    5    0.17684376E-03 -0.12453639E-10  0.11440169E-10 -0.35576917E-10  0.98152033E-09  0.86712709E-10
    5    5    0.19675971E-04 -0.53036481E-12  0.89908754E-11  0.24768156E-11 -0.20048207E-08 -0.44578437E-10

    3   -4    0
    1    1   -0.13693463E-09  0.10532651E-11  0.16585389E-10 -0.71616324E-13  0.71598647E-11  0.17140010E-11
    2    1    0.67776070E-04 -0.11604625E-11 -0.49934376E-05  0.47142127E-14  0.37943853E-11 -0.92945080E-12
    3    1   -0.12045039E-05  0.78122498E-12  0.46721602E-04 -0.98812580E-12 -0.57877039E-11  0.25075861E-11
    4    1    0.12847790E-10 -0.84500170E-10  0.49058454E-10 -0.55751404E-10 -0.67286338E-05 -0.10121117E-10
    5    1    0.58358468E-10 -0.11576979E-09 -0.53968150E-10  0.32109410E-11 -0.34648734E-04  0.37006811E-10
    1    2   -0.17246171E-04  0.98264089E-13  0.31960157E-05 -0.19890963E-12  0.53177351E-12  0.34365341E-11
    2    2    0.26205500E-10  0.10341511E-11 -0.45596782E-10  0.71779699E-13 -0.61927905E-11  0.95533322E-13
    3    2    0.66624322E-05 -0.13118038E-12 -0.32579119E-04 -0.37983748E-12 -0.71278869E-12 -0.26308922E-11
    4    2    0.15568226E-09 -0.62154005E-10 -0.10443326E-09  0.16774608E-10  0.12390033E-03 -0.20316209E-11
    5    2   -0.10214191E-09 -0.13570111E-09  0.79570048E-10  0.56054733E-10  0.24476880E-04 -0.15038240E-10
    1    3    0.58838583E-04 -0.91191507E-12  0.14334262E-03  0.22756203E-11 -0.24948100E-11 -0.39699402E-11
    2    3   -0.20512930E-03  0.22966845E-11 -0.15927647E-03 -0.14791901E-11 -0.85699416E-12  0.23698448E-11
    3    3    0.94616845E-10  0.16425663E-12  0.12238269E-10  0.10989777E-12  0.13115731E-11  0.18573530E-11
    4    3    0.37407087E-10  0.48371097E-10 -0.16715415E-09 -0.39569198E-10 -0.25170405E-03 -0.19956408E-10
    5    3   -0.51880482E-10 -0.11859522E-10  0.17471342E-09  0.56593546E-10  0.10083012E-03 -0.13993572E-10
    1    4    0.84177009E-11 -0.10931156E-10 -0.51014640E-10 -0.39599866E-10  0.95584892E-05 -0.14119315E-10
    2    4    0.17184846E-10  0.49274434E-11  0.71750388E-10 -0.58720360E-10 -0.11728222E-03  0.48466624E-11
    3    4    0.86823414E-11 -0.23415935E-10  0.96671789E-10 -0.25776295E-10  0.10083003E-03 -0.69706133E-12
    4    4   -0.18469150E-03 -0.57195310E-11  0.23343931E-04  0.30436851E-12 -0.10584825E-08  0.40604163E-10
    5    4    0.13058505E-03 -0.44753884E-10 -0.35918447E-03  0.24855101E-10  0.17757779E-08 -0.43495539E-09
    1    5   -0.17449964E-10  0.47206611E-11 -0.85288973E-11 -0.44205041E-10  0.94297101E-04  0.23324960E-10
    2    5   -0.18166219E-10  0.15507375E-10 -0.12658310E-09  0.73818678E-10  0.51460789E-04 -0.56524198E-11
    3    5   -0.13246238E-10 -0.10796069E-10 -0.95050372E-10  0.24693259E-10 -0.25170417E-03 -0.19490902E-11
    4    5    0.41961773E-03  0.40812961E-11 -0.48141123E-03 -0.24776373E-10  0.17668570E-08 -0.16604741E-09
    5    5    0.18469144E-03  0.10456150E-10 -0.23343925E-04 -0.24659268E-12 -0.11867720E-08  0.27033730E-09

    3   -3    0
    1    1   -0.38992398E-09  0.76025818E-12 -0.96672950E-08  0.64133163E-15  0.15311983E-10  0.40139266E-11
    2    1    0.11022511E-02 -0.87802511E-12  0.41876252E-02 -0.53690600E-12 -0.24311361E-10 -0.43703675E-11
    3    1   -0.14032542E-03  0.78380314E-12  0.42606372E-03 -0.32450025E-12 -0.78251971E-11 -0.17811257E-11
    4    1    0.42107317E-10  0.13858809E-09 -0.38013250E-10  0.16325781E-10 -0.70463281E-03 -0.11403175E-10
    5    1   -0.86616236E-10  0.51087855E-10  0.14164741E-10  0.53422658E-10 -0.27373606E-03  0.12695858E-10
    1    2   -0.10331154E-03  0.37263291E-12  0.10723209E-02 -0.63067260E-12  0.45422654E-11  0.15294240E-11
    2    2   -0.38994961E-09 -0.38664384E-13  0.96672950E-08  0.67743180E-15 -0.44822585E-11  0.24075432E-11
    3    2    0.93279434E-04  0.83276089E-12 -0.26598490E-03 -0.11299221E-11  0.15943515E-11 -0.16201444E-11
    4    2    0.56717818E-10  0.90382352E-10 -0.10136624E-09 -0.30257988E-10  0.51461743E-04  0.41635462E-11
    5    2   -0.11913060E-09  0.89090253E-10  0.10823229E-09 -0.30838593E-10 -0.11728245E-03  0.54069861E-11
    1    3    0.21013521E-03 -0.17254799E-11 -0.20004560E-03  0.97024141E-12 -0.19962003E-11 -0.13322058E-11
    2    3   -0.45641541E-03  0.28649961E-11  0.23959118E-03 -0.53040244E-12  0.44462882E-11  0.45438666E-11
    3    3    0.67451679E-09 -0.13157531E-12  0.34694470E-17  0.23623043E-14  0.61121024E-11  0.23860205E-12
    4    3    0.65019323E-10  0.32168063E-10 -0.13478545E-09 -0.13094901E-10  0.42496460E-03 -0.33289591E-10
    5    3   -0.40750474E-10 -0.35341081E-10  0.91817014E-10  0.12417655E-11  0.42496288E-03  0.34373528E-10
    1    4   -0.55220058E-11 -0.47811117E-10  0.41744348E-10  0.56766762E-10  0.51461708E-04 -0.75437235E-11
    2    4    0.48983525E-10 -0.73657755E-10  0.12758598E-09 -0.57300760E-10 -0.70463279E-03 -0.56044936E-11
    3    4    0.54062036E-10 -0.11599041E-10  0.12327243E-09 -0.28592852E-10  0.42496463E-03 -0.47557900E-11
    4    4    0.11936541E-02 -0.28535597E-10 -0.58282372E-14  0.24378805E-14 -0.22568963E-08 -0.49234923E-10
    5    4    0.47564076E-03  0.17817357E-10  0.17413644E-03  0.11588092E-10  0.11121266E-08 -0.27458721E-09
    1    5   -0.42093778E-10 -0.19474104E-10 -0.35567371E-10  0.33194626E-10 -0.11728242E-03  0.14463581E-10
    2    5   -0.76695201E-10 -0.10740911E-10 -0.15191217E-09  0.14841550E-10 -0.27373605E-03 -0.81551649E-11
    3    5   -0.23792468E-10  0.21876923E-10 -0.14183961E-09  0.70785385E-10  0.42496284E-03  0.66036169E-11
    4    5   -0.35356141E-03  0.21293345E-10 -0.72280007E-04 -0.27299328E-10  0.90711690E-09  0.51052468E-11
    5    5   -0.11936541E-02 -0.48206276E-10  0.59917349E-14 -0.24126379E-14 -0.20682229E-08  0.20475876E-09

    3   -2    0
    1    1   -0.23003342E-08 -0.55085103E-12  0.37307132E-08 -0.15325588E-12  0.70091820E-11  0.51998591E-11
    2    1    0.77509426E-03  0.97457697E-12  0.23592976E-03  0.66026802E-12 -0.14673978E-10  0.62666903E-12
    3    1   -0.72286156E-03 -0.55769218E-12 -0.54485943E-03  0.11531391E-11 -0.28506338E-10  0.65157386E-11
    4    1    0.52369039E-10 -0.67068284E-10  0.24888872E-10 -0.12693213E-10  0.47787470E-03  0.17441742E-10
    5    1   -0.41109245E-10 -0.13691332E-09  0.10157285E-10 -0.27208564E-10  0.18357697E-02  0.45683261E-11
    1    2   -0.99439189E-04  0.21106027E-11 -0.87892842E-05 -0.64035203E-12  0.12764268E-10 -0.14861270E-12
    2    2   -0.60668514E-09 -0.12293283E-11  0.18512632E-08 -0.47403952E-12 -0.80196019E-11  0.29585036E-11
    3    2    0.26495129E-03  0.20631987E-12  0.29924768E-03 -0.19908407E-11  0.18082897E-11 -0.50312893E-11
    4    2    0.11830102E-09 -0.52132933E-10 -0.11042559E-09  0.34560816E-11 -0.27373547E-03  0.22939664E-11
    5    2   -0.69785637E-11 -0.88733116E-10  0.11724863E-09  0.58303680E-10 -0.70462952E-03 -0.15845278E-10
    1    3    0.14420589E-03 -0.64661766E-12 -0.35777279E-04  0.13401086E-12  0.21337237E-11  0.19021536E-11
    2    3   -0.32134559E-03  0.12900422E-11  0.14100039E-04  0.12847444E-11  0.29508617E-11 -0.46157637E-11
    3    3    0.38481721E-08 -0.98251181E-12 -0.80082626E-08 -0.23558542E-12  0.74358836E-11 -0.28675682E-11
    4    3    0.82915828E-10 -0.38687740E-10 -0.13548534E-09 -0.37767403E-10 -0.41008906E-04 -0.45536800E-11
    5    3    0.58911526E-12  0.46170318E-11  0.85140618E-10  0.13057217E-10 -0.32836519E-03  0.37267872E-10
    1    4    0.38042650E-11  0.70213993E-10  0.41539441E-10 -0.47880894E-10 -0.85902054E-04 -0.12681775E-10
    2    4    0.84410872E-10  0.20500976E-11  0.90714978E-10  0.54145608E-10  0.95767386E-04  0.36499701E-11
    3    4   -0.77650848E-11 -0.16153595E-11  0.13193005E-09 -0.61337695E-10 -0.32836029E-03  0.10012333E-10
    4    4   -0.34417509E-03 -0.14629424E-11 -0.10004692E-03 -0.28477481E-12 -0.15250707E-08  0.33841342E-10
    5    4   -0.19765783E-03  0.32216781E-10  0.14505472E-02  0.33464211E-10  0.21907207E-08 -0.10236303E-09
    1    5    0.31226949E-11  0.26395268E-10 -0.11352220E-10  0.36704129E-10 -0.44810319E-04  0.14289547E-10
    2    5   -0.29473713E-11  0.65304364E-10 -0.11889855E-09  0.60425503E-10 -0.41007832E-04 -0.83390868E-11
    3    5    0.59727859E-11 -0.35458144E-10 -0.17001128E-09  0.41566543E-10 -0.41007885E-04  0.10809147E-10
    4    5   -0.70574903E-04  0.23291089E-10  0.33741836E-03 -0.22136223E-10  0.17633111E-08  0.18619495E-09
    5    5    0.34417512E-03 -0.46528656E-10  0.10004693E-03 -0.13165614E-10 -0.15520251E-08 -0.12176511E-10

    3   -1    0
    1    1   -0.13199006E-08  0.28469024E-12  0.45352241E-08  0.40648995E-12  0.34079335E-11  0.45277100E-11
    2    1    0.10686776E-02 -0.18403982E-12  0.25032509E-03  0.16907083E-11 -0.18900224E-10  0.76431350E-12
    3    1   -0.65197385E-03 -0.93091225E-12 -0.39835884E-03  0.22682453E-12 -0.25141631E-10  0.79087067E-11
    4    1   -0.42692990E-10  0.53926735E-10  0.70319175E-10  0.43314145E-10  0.47787506E-03 -0.26203921E-10
    5    1   -0.70840477E-10  0.81472044E-10 -0.10752768E-09  0.38246136E-10  0.63393724E-03  0.27802428E-11
    1    2   -0.66806130E-04  0.25382436E-11 -0.12243640E-03  0.27595286E-12  0.91347392E-11 -0.30094445E-11
    2    2    0.47108240E-08 -0.75940391E-12 -0.76135539E-08 -0.56203268E-12  0.61210231E-11  0.58369935E-11
    3    2    0.17331375E-03  0.19253130E-12  0.23789294E-03 -0.17662189E-12  0.21356624E-11  0.10630280E-12
    4    2    0.39977657E-10  0.11185283E-09 -0.11284142E-09  0.17274034E-11 -0.41008896E-04  0.12089857E-10
    5    2   -0.15626155E-09  0.39237514E-10  0.23287348E-11  0.33041186E-11  0.95768264E-04  0.25717263E-11
    1    3    0.10375802E-03 -0.13569953E-12  0.52403517E-04 -0.10622524E-11  0.63850725E-11  0.44936073E-11
    2    3   -0.43950156E-03  0.50166151E-12 -0.35309398E-04  0.97601507E-12  0.41432767E-11  0.48815101E-11
    3    3   -0.17479657E-08 -0.11026982E-11  0.10496534E-08 -0.90167717E-12  0.47302300E-11 -0.40045000E-11
    4    3    0.25484469E-10  0.33309121E-10 -0.15060727E-09 -0.38502149E-10 -0.27373547E-03  0.58814884E-11
    5    3    0.13820098E-10  0.30653806E-10  0.90934693E-10  0.49233685E-10  0.95768733E-04 -0.22782647E-10
    1    4    0.24603986E-10  0.53994053E-11 -0.36305790E-10 -0.40954360E-10 -0.85902299E-04 -0.45026253E-11
    2    4   -0.38368267E-10 -0.94208601E-11  0.55403496E-10 -0.69306763E-10 -0.32836027E-03  0.14461673E-10
    3    4   -0.74600426E-10  0.23500597E-10  0.75008360E-10 -0.51975799E-11  0.95767020E-04 -0.12244400E-10
    4    4    0.25873075E-03 -0.29205044E-10  0.24804094E-03 -0.28325248E-10 -0.23332846E-08 -0.45392773E-09
    5    4   -0.85061392E-04 -0.10567012E-10 -0.36714487E-03  0.11478514E-10  0.12291497E-08 -0.34730611E-09
    1    5   -0.25321662E-10 -0.40874354E-10 -0.30907130E-10 -0.12385298E-10 -0.11728218E-03  0.28823012E-11
    2    5    0.75668104E-10  0.26540547E-10 -0.72851278E-10  0.38480636E-11  0.42496298E-03 -0.12555985E-10
    3    5    0.69555253E-10 -0.25445698E-10 -0.55913256E-10  0.15786068E-10 -0.27373590E-03  0.26955054E-10
    4    5   -0.15591528E-03  0.67539451E-11  0.36703903E-03 -0.11559601E-10  0.10257717E-08 -0.53297576E-12
    5    5   -0.25873070E-03 -0.12324804E-10 -0.24804089E-03 -0.12055394E-10 -0.25127678E-08  0.51066993E-09

    3    0    0
    1    1    0.89133883E-08  0.94928926E-12 -0.39321194E-08  0.16471321E-11  0.12453806E-10  0.31224174E-11
    2    1   -0.12667006E-03 -0.18491691E-11  0.37907805E-03 -0.13202112E-12 -0.34532163E-11 -0.10556829E-13
    3    1   -0.32031455E-02 -0.16968692E-12  0.11328630E-02 -0.47542625E-12 -0.81376271E-11  0.10580155E-11
    4    1    0.44610309E-10 -0.41238731E-10  0.28192435E-10 -0.43612100E-10 -0.70463205E-03 -0.22247490E-10
    5    1    0.63841097E-10 -0.69525992E-10  0.18003957E-10 -0.11010718E-10  0.18357691E-02  0.48757514E-10
    1    2   -0.18843101E-04  0.86211374E-12 -0.29909516E-03 -0.32981376E-13  0.31046686E-11 -0.64775151E-11
    2    2   -0.49623089E-09  0.17483360E-13 -0.86148153E-09  0.33406994E-13 -0.20499982E-11  0.86202839E-11
    3    2    0.15995634E-03  0.77569842E-12  0.55958498E-03  0.10856202E-11  0.34487858E-11 -0.67289725E-11
    4    2    0.14981001E-09 -0.88939286E-10 -0.67767788E-10 -0.38450900E-10  0.42496470E-03  0.51312471E-11
    5    2   -0.11188579E-10 -0.93674614E-10  0.31230469E-10 -0.84991065E-11 -0.32836535E-03 -0.46717036E-12
    1    3   -0.57356209E-03  0.80756636E-13  0.61948484E-03 -0.30288139E-11  0.13464386E-11 -0.16394465E-13
    2    3    0.82075879E-04 -0.62887377E-12 -0.23086367E-03  0.92446114E-12 -0.67399526E-11 -0.37346080E-11
    3    3   -0.83482810E-08 -0.89989648E-13  0.48656668E-08 -0.14457402E-12 -0.50332464E-11 -0.33165779E-11
    4    3    0.53095242E-10  0.22597710E-10 -0.17537924E-09  0.22865900E-11  0.51461885E-04 -0.20881364E-10
    5    3    0.77549450E-11 -0.24823356E-10  0.13890313E-09  0.14369230E-10 -0.70462909E-03 -0.83457588E-11
    1    4   -0.35549129E-10  0.12460339E-10  0.63478580E-10  0.39727743E-10  0.51462319E-04  0.43129948E-11
    2    4   -0.17428752E-09 -0.30369743E-10 -0.50285340E-12  0.12763939E-10  0.42496496E-03  0.24645250E-10
    3    4   -0.11158376E-09  0.22453700E-10  0.66451558E-11 -0.12450909E-10 -0.70463281E-03 -0.31038974E-10
    4    4   -0.59682705E-03 -0.29432552E-10 -0.10337348E-02 -0.50983902E-10 -0.13986114E-08  0.10581993E-09
    5    4   -0.75330130E-03 -0.28820903E-10  0.10189066E-02  0.53779507E-10  0.20620025E-08 -0.16451993E-09
    1    5   -0.10538144E-10 -0.21573133E-10  0.16796237E-11  0.54900685E-10  0.94296910E-04  0.10573880E-10
    2    5    0.10617043E-09 -0.63753820E-10  0.39268555E-10  0.44012762E-10 -0.25170419E-03 -0.21924564E-10
    3    5    0.80356408E-10 -0.33131464E-10  0.25315616E-10 -0.98862852E-11  0.51460604E-04  0.30326956E-11
    4    5    0.32250085E-03  0.28711777E-10 -0.27698088E-03 -0.11493771E-10  0.17077721E-08  0.11601300E-09
    5    5    0.59682706E-03 -0.17989082E-12  0.10337348E-02 -0.30700616E-12 -0.11488232E-08 -0.20100857E-09

    3    1    0
    1    1    0.84039739E-10  0.21484334E-12  0.18576737E-09  0.87769062E-12  0.71128541E-11 -0.81495152E-12
    2    1   -0.34711447E-04  0.14888704E-11  0.34688409E-04 -0.46713837E-12 -0.52862378E-11 -0.58999734E-12
    3    1   -0.42112727E-04 -0.34551490E-12 -0.90512036E-04 -0.48691736E-13 -0.12870218E-11  0.26177546E-11
    4    1   -0.54299247E-11  0.74601213E-10 -0.14378426E-10  0.27944897E-10 -0.67288238E-05  0.17924781E-10
    5    1   -0.64641950E-10  0.54787857E-10 -0.57650227E-11  0.41576651E-10 -0.27373584E-03 -0.65887937E-11
    1    2   -0.16891430E-03 -0.80798036E-12  0.90790540E-05 -0.87066205E-13 -0.14889097E-11  0.14872381E-11
    2    2   -0.13850020E-09  0.32737486E-12 -0.25919305E-09  0.67784454E-12  0.67426938E-11  0.88372635E-12
    3    2    0.24960686E-03  0.39340673E-12  0.16586453E-03  0.44497975E-12 -0.53661745E-11  0.21735896E-11
    4    2    0.76641478E-10  0.95072507E-10 -0.10715047E-09 -0.42583641E-10 -0.25170408E-03  0.44483169E-11
    5    2   -0.12582354E-09  0.78486519E-10  0.10491759E-09  0.55209765E-10  0.42496281E-03  0.66223138E-11
    1    3    0.75843966E-05  0.20688288E-12  0.13136197E-04 -0.14820346E-11  0.75178081E-12 -0.17422211E-11
    2    3    0.19783936E-04 -0.83869841E-12 -0.24028052E-04  0.79680132E-12 -0.48755605E-11  0.96661780E-13
    3    3    0.62660714E-10  0.11390630E-12  0.90768473E-10 -0.10826448E-12  0.57767020E-12  0.17390101E-11
    4    3    0.58247670E-10 -0.25332015E-10 -0.14477883E-09 -0.21392089E-10  0.12390011E-03 -0.35722805E-10
    5    3   -0.32403980E-10 -0.93685717E-11  0.15290247E-09  0.30909320E-10 -0.11728221E-03  0.35429006E-10
    1    4   -0.78558976E-11  0.88126042E-10  0.21224067E-11 -0.51151138E-10  0.95585513E-05 -0.14073214E-10
    2    4   -0.96428668E-10  0.85502199E-10  0.51416439E-11 -0.22546678E-10  0.10083014E-03  0.58078180E-11
    3    4   -0.92252100E-10  0.31481734E-10 -0.21645498E-10  0.18973277E-10 -0.11728228E-03  0.66756760E-11
    4    4    0.72129288E-04 -0.55728817E-11  0.17161944E-03 -0.68055390E-11 -0.19890736E-08 -0.52922145E-10
    5    4   -0.20827123E-03  0.39576819E-10 -0.27635580E-03  0.83399677E-11  0.14105777E-08 -0.26008577E-09
    1    5    0.64699406E-10  0.47598644E-11 -0.44287853E-10 -0.34172016E-10  0.12390023E-03  0.25346970E-10
    2    5    0.12379223E-09  0.23108152E-10 -0.12849506E-10 -0.31688014E-10 -0.74080389E-04 -0.10285647E-10
    3    5    0.58528117E-10 -0.28792268E-10  0.36276047E-10 -0.12433596E-10  0.12390030E-03 -0.20003519E-11
    4    5   -0.67160723E-04  0.57561578E-10 -0.11632590E-03  0.54601599E-11  0.10170838E-08  0.78238393E-10
    5    5   -0.72129309E-04 -0.65591645E-11 -0.17161949E-03 -0.12664555E-10 -0.22703084E-08  0.14910445E-09

    3    2    0
    1    1    0.25526435E-10 -0.94517449E-12  0.88419330E-10 -0.10571036E-11  0.61634476E-11 -0.63813680E-11
    2    1   -0.13133596E-04  0.28322848E-11  0.33432025E-05  0.13601711E-11 -0.52162810E-11  0.49700479E-11
    3    1    0.17952659E-04  0.18386074E-12 -0.63978176E-05 -0.20915528E-12 -0.17811171E-11 -0.26462495E-11
    4    1    0.25123757E-10 -0.12073425E-09  0.21346917E-10 -0.43500474E-11  0.14514557E-04 -0.16553267E-10
    5    1    0.39147132E-10 -0.83399030E-10 -0.76530998E-11 -0.25107713E-10 -0.34648698E-04 -0.33357794E-11
    1    2   -0.16595300E-04 -0.22483258E-11  0.23119810E-04  0.14351455E-11 -0.12639991E-11  0.75721860E-11
    2    2   -0.14462880E-10  0.59454443E-12 -0.26681235E-10 -0.24149358E-12  0.33950951E-11 -0.54218642E-11
    3    2    0.27221483E-04 -0.61492047E-12  0.59546105E-05  0.43359482E-12 -0.12798341E-11 -0.22295509E-11
    4    2    0.13050919E-09 -0.92484857E-10 -0.11789743E-09  0.30989369E-11 -0.74080421E-04  0.26189246E-10
    5    2   -0.39858550E-10 -0.10933525E-09  0.13420809E-09  0.13086350E-10  0.10083003E-03  0.21747156E-11
    1    3   -0.19395181E-05  0.26869810E-13  0.92196941E-05  0.11626257E-11 -0.59702070E-12 -0.27267011E-11
    2    3    0.73232055E-05  0.45294511E-12 -0.71467676E-05 -0.17911431E-11 -0.27491254E-11  0.10083657E-11
    3    3    0.44846242E-10  0.20308668E-12  0.50355415E-10 -0.20123833E-12  0.19856412E-11  0.22680334E-11
    4    3    0.80710897E-10  0.36078243E-10 -0.14091377E-09 -0.82006379E-11  0.14514553E-04  0.40296516E-11
    5    3   -0.73988219E-10  0.73795634E-11  0.14119595E-09  0.14184758E-10  0.24476976E-04 -0.28368412E-11
    1    4   -0.43872427E-10 -0.29210264E-10  0.35711076E-10 -0.10685865E-11  0.24476807E-04 -0.93872701E-11
    2    4   -0.13382533E-09 -0.38889672E-10  0.59339316E-10  0.13648414E-10 -0.51495243E-04 -0.43143973E-11
    3    4   -0.78014786E-10  0.45982694E-10  0.35070455E-12 -0.11157415E-10  0.24476853E-04 -0.82608933E-11
    4    4    0.98379913E-05 -0.17123349E-11  0.17039881E-04 -0.12120198E-10 -0.10330437E-08 -0.11373045E-09
    5    4    0.28217801E-03 -0.31281761E-11 -0.22962232E-03  0.14089205E-10  0.16570409E-08 -0.26204091E-09
    1    5   -0.15021329E-10 -0.55716915E-10 -0.32938448E-11  0.37622427E-10 -0.68370446E-05  0.48823393E-11
    2    5    0.39668945E-10 -0.96880407E-10 -0.30727046E-10  0.22033984E-10  0.14514537E-04  0.10458617E-11
    3    5    0.73882891E-11 -0.13564045E-10  0.10727926E-10 -0.17362527E-11  0.14514533E-04  0.25644706E-10
    4    5    0.26486299E-05 -0.20981847E-10 -0.69610784E-05  0.62830470E-12  0.15556046E-08 -0.56918770E-10
    5    5   -0.98379901E-05 -0.12675565E-10 -0.17039913E-04 -0.98532276E-11 -0.99581270E-09  0.27911675E-11

    4   -4    0
    1    1   -0.39173916E-10  0.65372939E-25  0.18214596E-16  0.32496428E-25 -0.32135949E-11 -0.42046080E-26
    2    1    0.13558264E-03 -0.22690401E-11  0.11405106E-02 -0.67321989E-13  0.49438596E-11 -0.40413561E-11
    3    1   -0.28639867E-05  0.35348225E-11  0.17315264E-03  0.10630548E-13 -0.28639893E-11 -0.16868858E-11
    4    1   -0.43440456E-10  0.55450166E-10 -0.16131580E-10  0.21020716E-10  0.94296990E-04  0.12018441E-10
    5    1   -0.93568386E-11  0.15170483E-09 -0.91316381E-11  0.28444414E-10  0.95584537E-05 -0.94791579E-12
    1    2    0.13558264E-03  0.10609416E-11 -0.11405106E-02 -0.67323209E-13  0.49438431E-11  0.40413578E-11
    2    2   -0.39394988E-10 -0.65648840E-25 -0.69014563E-16  0.32311007E-25 -0.47298137E-11  0.28137814E-27
    3    2   -0.28639886E-05 -0.17399032E-11 -0.17315264E-03 -0.11853296E-11  0.21340163E-11 -0.49396148E-11
    4    2   -0.14633817E-09  0.86373191E-10  0.11927406E-09  0.68188380E-11  0.94296994E-04  0.50076580E-11
    5    2    0.84661907E-10  0.11758916E-09 -0.11320730E-09 -0.84250518E-10  0.95584401E-05 -0.87674399E-11
    1    3   -0.55132345E-04 -0.16343866E-11 -0.17315264E-03  0.10616887E-13 -0.28640150E-11  0.16868635E-11
    2    3   -0.55132347E-04  0.13415378E-11  0.17315264E-03 -0.11853330E-11  0.21340175E-11  0.49396050E-11
    3    3    0.71255914E-10  0.42604960E-27  0.29490299E-16  0.19684925E-25  0.30264494E-11  0.25336724E-26
    4    3   -0.61201031E-10 -0.30885684E-11  0.15023416E-09  0.30736170E-10  0.32538676E-06 -0.17107654E-10
    5    3    0.90644821E-10  0.47607292E-11 -0.15827532E-09 -0.37496787E-10  0.32502200E-06  0.28382393E-10
    1    4   -0.24406494E-10 -0.21138058E-10  0.16131580E-10  0.21020716E-10  0.94296990E-04 -0.12018443E-10
    2    4   -0.49197468E-10 -0.23617281E-10 -0.11927406E-09  0.68188380E-11  0.94296994E-04 -0.50076584E-11
    3    4   -0.24612867E-11  0.11979667E-10 -0.15023416E-09  0.30736170E-10  0.32538676E-06  0.17107656E-10
    4    4   -0.11969915E-03  0.14398508E-25 -0.58000479E-14  0.40814200E-19  0.10767864E-08  0.68339099E-24
    5    4    0.12008480E-03  0.38726866E-10  0.28814506E-10 -0.19205364E-10 -0.17762560E-08  0.18892470E-09
    1    5    0.14083448E-10 -0.43747109E-10  0.91316381E-11  0.28444414E-10  0.95584537E-05  0.94790386E-12
    2    5    0.31310126E-10 -0.34324382E-10  0.11320730E-09 -0.84250518E-10  0.95584401E-05  0.87674312E-11
    3    5    0.15166819E-10  0.88810588E-11  0.15827532E-09 -0.37496787E-10  0.32502200E-06 -0.28382390E-10
    4    5   -0.45719050E-04  0.12792439E-10 -0.28812576E-10 -0.19201366E-10 -0.17762560E-08 -0.18892468E-09
    5    5    0.11969910E-03  0.13438362E-25  0.58677022E-14 -0.40814191E-19  0.12613182E-08  0.73721207E-24

    4   -3    0
    1    1    0.26063218E-10 -0.58060674E-12  0.45437922E-10 -0.33623278E-13 -0.54452936E-11  0.10167106E-11
    2    1    0.13290240E-03 -0.12961935E-11  0.51706094E-04 -0.22273799E-12  0.76698731E-11 -0.35013957E-11
    3    1   -0.89981991E-04  0.25960828E-11 -0.22609084E-03  0.23050224E-11  0.19191592E-11 -0.24974557E-11
    4    1    0.87864327E-11 -0.10485283E-09  0.28518133E-10 -0.40383011E-10 -0.11728224E-03  0.33150086E-10
    5    1    0.33193109E-10 -0.77260583E-10  0.31105478E-10 -0.11359505E-10  0.51460808E-04 -0.13334365E-10
    1    2    0.11477853E-04  0.52049757E-12 -0.36981001E-09  0.21437799E-12  0.68656098E-11 -0.92145075E-12
    2    2   -0.13712267E-09 -0.12139934E-11 -0.16799441E-10 -0.26957981E-12 -0.22864369E-11  0.20421657E-11
    3    2    0.15753218E-04  0.57169232E-12  0.16567142E-03 -0.37554207E-11  0.29568009E-13 -0.41017516E-11
    4    2   -0.18124005E-10 -0.12442660E-09  0.11162613E-09  0.54687477E-10  0.95584726E-05 -0.15287317E-10
    5    2    0.92471521E-10 -0.67182906E-10 -0.14719426E-09 -0.22587029E-10  0.94297088E-04  0.46200849E-11
    1    3    0.19100214E-04 -0.14402544E-12 -0.29363541E-04 -0.44299948E-12 -0.70668561E-11  0.77113985E-12
    2    3   -0.60920617E-04  0.92153135E-12  0.29416681E-04  0.76201697E-12 -0.20182509E-11  0.52453295E-12
    3    3    0.94995930E-10 -0.68564512E-12 -0.12148344E-10 -0.21875167E-12  0.28066220E-11 -0.87986227E-12
    4    3   -0.36092524E-10  0.16487090E-10  0.12930579E-09  0.47147762E-10  0.10083004E-03  0.39667658E-11
    5    3    0.25372217E-10 -0.33205251E-10 -0.12351013E-09 -0.39111233E-10 -0.25170417E-03  0.16592636E-10
    1    4    0.92685536E-11  0.30970379E-10  0.42335401E-11  0.15170638E-10  0.12390033E-03 -0.12661340E-10
    2    4   -0.19202174E-10  0.28548639E-10 -0.66576629E-10  0.62548457E-10 -0.67286611E-05 -0.21789053E-11
    3    4   -0.18129545E-10  0.16241227E-10 -0.19166326E-09  0.32916016E-10 -0.25170401E-03  0.88799970E-11
    4    4   -0.18469144E-03  0.12609388E-10 -0.23343924E-04  0.15655506E-11  0.20812624E-08  0.26947313E-09
    5    4   -0.13103925E-03  0.11164119E-10 -0.63582731E-03 -0.88158092E-11 -0.99487104E-09  0.11216883E-09
    1    5    0.27453600E-10  0.29885381E-10 -0.19568622E-10 -0.69831668E-10  0.24476870E-04  0.20954141E-11
    2    5    0.42750267E-10  0.15885621E-10  0.13512522E-09  0.36353747E-10 -0.34648710E-04  0.29675182E-11
    3    5    0.22767434E-11 -0.34517273E-10  0.22379655E-09 -0.73204224E-10  0.10083010E-03  0.12104889E-10
    4    5    0.95666561E-06  0.96188349E-11 -0.43582737E-03 -0.21684873E-10 -0.92525075E-09 -0.23553532E-09
    5    5    0.18469148E-03 -0.81101723E-11  0.23343931E-04  0.15587618E-12  0.20190029E-08  0.50222013E-10

    4   -2    0
    1    1   -0.67719290E-10  0.70219308E-12  0.24283733E-09  0.75254820E-12 -0.88525680E-11  0.13516910E-11
    2    1    0.14057250E-03 -0.16481522E-11 -0.22476528E-04  0.94246244E-12  0.87485138E-11 -0.52922488E-11
    3    1   -0.59337049E-04  0.74181362E-12 -0.96146786E-04  0.18690675E-11  0.43322974E-11 -0.73640009E-12
    4    1   -0.52243261E-10  0.68248038E-10 -0.80563545E-10  0.45340599E-10 -0.44810629E-04  0.16739929E-10
    5    1   -0.80693274E-11  0.97977092E-10  0.55096796E-10  0.16206041E-10 -0.85900921E-04 -0.33899159E-10
    1    2    0.34362178E-05  0.16368167E-11 -0.18746727E-04 -0.72587352E-13 -0.16908453E-11 -0.77063846E-11
    2    2   -0.14120058E-09 -0.87994291E-12 -0.16512183E-10 -0.19543531E-12 -0.14638338E-12  0.53742029E-11
    3    2    0.12685290E-04  0.59462773E-12  0.47405223E-04 -0.29439181E-11 -0.40002995E-11 -0.24358859E-12
    4    2   -0.12893399E-09  0.44827867E-10  0.16756621E-09  0.24409624E-10 -0.34648625E-04  0.31405607E-11
    5    2    0.37420101E-10  0.12336439E-09 -0.11248631E-09 -0.51230630E-10 -0.67290958E-05  0.13680897E-10
    1    3    0.22091072E-04  0.50658959E-12 -0.18842434E-04 -0.12229089E-11 -0.50204753E-11  0.44138619E-11
    2    3   -0.56725731E-04 -0.18935084E-12  0.23001153E-04  0.50973441E-12 -0.17572670E-11  0.33490197E-11
    3    3    0.31281139E-10 -0.92044818E-12  0.86286740E-10 -0.53648145E-12  0.69243255E-11 -0.25917617E-11
    4    3   -0.57675689E-10 -0.19594234E-10  0.17380886E-09  0.42327322E-10 -0.34648650E-04  0.18666716E-10
    5    3   -0.25178169E-10  0.14560445E-10 -0.11247100E-09 -0.43909993E-10  0.85116645E-04 -0.14108371E-10
    1    4   -0.69926303E-11 -0.11018966E-10  0.29152825E-10  0.27552335E-10 -0.68371783E-05 -0.69151043E-11
    2    4    0.22882391E-10  0.15226696E-10 -0.80591990E-10 -0.79736353E-10  0.85116530E-04  0.13970181E-11
    3    4    0.32368396E-10 -0.14021439E-11 -0.14106648E-09  0.45371903E-10  0.85116642E-04 -0.14761730E-10
    4    4    0.58464366E-05 -0.89677740E-11 -0.10126233E-04 -0.65194239E-11  0.13032656E-08 -0.25543574E-10
    5    4    0.14397388E-03  0.34941628E-11 -0.35803749E-03 -0.38481031E-10 -0.17346099E-08 -0.13654372E-10
    1    5    0.12313905E-10  0.17856895E-11 -0.22038894E-10 -0.42078381E-10  0.24476938E-04 -0.13194226E-10
    2    5   -0.43614150E-10 -0.93832490E-11  0.90769727E-10 -0.22437124E-10  0.10083014E-03  0.13099901E-10
    3    5   -0.29554202E-10  0.28995701E-10  0.16419993E-09 -0.25043520E-10 -0.34648618E-04  0.20124465E-10
    4    5    0.16269843E-03 -0.14303853E-10 -0.66502225E-04  0.12635820E-10 -0.17836656E-08 -0.25524402E-09
    5    5   -0.58463663E-05 -0.10627231E-10  0.10126274E-04 -0.10070927E-10  0.13563518E-08  0.20314807E-10

    4   -1    0
    1    1    0.70083024E-10  0.53271970E-12  0.14537457E-09  0.60466389E-12 -0.56078262E-11  0.13809964E-11
    2    1    0.27698699E-03 -0.31134235E-11 -0.52208643E-04  0.14442097E-11  0.73091818E-11 -0.50112670E-11
    3    1   -0.12784142E-03  0.90829502E-12 -0.67376653E-04  0.57594563E-12  0.66551887E-11  0.19039476E-11
    4    1    0.28202743E-10 -0.83148111E-10 -0.45097243E-10 -0.15459758E-10 -0.11728236E-03  0.11721789E-10
    5    1    0.62795016E-10 -0.56534775E-10  0.42576194E-10 -0.65673158E-10 -0.85900751E-04  0.33319469E-11
    1    2    0.84536789E-05  0.16854693E-11 -0.26551286E-04 -0.45873315E-12 -0.46604056E-11 -0.80209470E-11
    2    2   -0.10393572E-09 -0.33412080E-12 -0.17896752E-09 -0.28371867E-12  0.26705580E-11  0.75041094E-11
    3    2    0.14540831E-04 -0.17549014E-12  0.61515384E-04  0.34945575E-12 -0.22390962E-11 -0.23590241E-11
    4    2   -0.75980009E-10 -0.10761514E-09  0.88001225E-10  0.20748575E-10  0.10083006E-03  0.75091373E-11
    5    2    0.12416140E-09 -0.59556991E-10 -0.72180369E-10  0.17127726E-11  0.85116742E-04 -0.15851062E-10
    1    3    0.27140645E-05  0.27068441E-12 -0.13337648E-04 -0.27363434E-11 -0.74476344E-12  0.28925468E-11
    2    3   -0.12959867E-03  0.12225569E-12  0.76615269E-04 -0.52237240E-12 -0.27537888E-11 -0.18719898E-12
    3    3    0.20435463E-10 -0.21239868E-12  0.49240419E-10 -0.10270474E-12  0.39694171E-11 -0.26314667E-11
    4    3   -0.46744182E-10 -0.34711321E-10  0.16419303E-09  0.42475069E-10  0.95585225E-05 -0.14079648E-10
    5    3    0.17610197E-10 -0.61611421E-11 -0.12523758E-09 -0.35875468E-10 -0.67290075E-05 -0.18471238E-11
    1    4   -0.16777974E-10 -0.18247638E-10  0.12309130E-10  0.40419825E-10  0.12390028E-03  0.11526747E-11
    2    4    0.99711057E-10 -0.65804788E-10 -0.52479777E-10  0.50823440E-10 -0.25170401E-03 -0.60478812E-11
    3    4    0.93165380E-10 -0.83946989E-11 -0.10858957E-09 -0.49176786E-11 -0.67288056E-05  0.55378770E-12
    4    4    0.11256218E-03 -0.68014498E-11  0.14827556E-03 -0.87215378E-11  0.19531996E-08  0.12116297E-09
    5    4    0.14068420E-03  0.19580207E-10 -0.40874689E-03  0.84066562E-12 -0.10355988E-08  0.18301771E-09
    1    5   -0.97605185E-11  0.43930300E-12  0.30288767E-10  0.29285014E-11  0.95583803E-05  0.22783241E-10
    2    5   -0.12822433E-09 -0.12814545E-10  0.94512115E-10  0.38646935E-10  0.32506658E-06 -0.46191552E-11
    3    5   -0.86290455E-10  0.20620514E-10  0.90683269E-10 -0.30797882E-10  0.95584466E-05 -0.31948402E-10
    4    5    0.11479550E-04  0.36106382E-10  0.10399650E-03 -0.41404598E-10 -0.98595444E-09 -0.69729408E-10
    5    5   -0.11256215E-03  0.85175270E-11 -0.14827552E-03  0.12186149E-10  0.21238091E-08 -0.19921984E-09

    4    0    0
    1    1    0.15174455E-09 -0.65380510E-16  0.26282614E-09 -0.37747483E-16 -0.54086098E-11  0.88870151E-25
    2    1   -0.13559911E-03 -0.16019442E-11  0.96478371E-04 -0.42324315E-12  0.73572743E-12 -0.18765300E-11
    3    1   -0.98031437E-03  0.20561893E-11  0.44669138E-03  0.90147291E-13  0.31834102E-11  0.27506550E-11
    4    1   -0.82426481E-10  0.51437100E-10  0.35437876E-10  0.60366697E-10  0.94297096E-04  0.10566471E-10
    5    1   -0.24626718E-10  0.78938384E-10 -0.30633820E-10 -0.10812312E-11  0.51460314E-04 -0.90099408E-11
    1    2    0.17316761E-03 -0.99849984E-12 -0.31407819E-04  0.62193783E-12  0.73572595E-12  0.18765318E-11
    2    2   -0.10166180E-09 -0.65380531E-16 -0.17608660E-09  0.37747464E-16  0.33237071E-11  0.15215949E-24
    3    2   -0.92319534E-04  0.15930309E-12  0.14174433E-03  0.12735327E-11 -0.32393227E-11  0.12730047E-11
    4    2   -0.14950211E-09  0.72921637E-10  0.11085917E-09  0.28280637E-10  0.32529723E-06 -0.14275417E-11
    5    2    0.24670215E-10  0.12189813E-09 -0.11365444E-09 -0.45820859E-10 -0.25170426E-03  0.34808918E-12
    1    3    0.83763492E-03  0.95013822E-12 -0.69381943E-03 -0.18226155E-11  0.31834219E-11 -0.27506485E-11
    2    3    0.12988811E-03 -0.80681485E-12 -0.76673649E-04 -0.39690311E-12 -0.32393291E-11 -0.12729841E-11
    3    3   -0.48961734E-10 -0.13076110E-15 -0.84815408E-10  0.19699292E-22  0.57399588E-11  0.89536697E-25
    4    3   -0.79975353E-10 -0.31091911E-10  0.15722109E-09  0.25136826E-10  0.94297102E-04 -0.32659231E-10
    5    3    0.15694616E-10  0.33191025E-10 -0.14023616E-09 -0.56020195E-10  0.94296940E-04  0.27727987E-10
    1    4    0.73784718E-10  0.97546313E-12 -0.50405848E-10 -0.27035422E-10  0.94297096E-04 -0.10566495E-10
    2    4    0.16396559E-09  0.28935571E-10 -0.85807694E-10 -0.47905465E-10  0.32529723E-06  0.14275195E-11
    3    4    0.14124471E-09 -0.34594679E-10 -0.51099459E-10  0.19069853E-10  0.94297102E-04  0.32659209E-10
    4    4    0.59849561E-04 -0.85626241E-16  0.10366248E-03  0.26808789E-17  0.13603394E-08  0.49934544E-24
    5    4    0.54849262E-03  0.50577149E-10 -0.12805355E-04 -0.26547092E-10 -0.18765519E-08  0.30997580E-09
    1    5    0.17663887E-11  0.49388542E-10 -0.89614325E-11 -0.52263059E-10  0.51460314E-04  0.90099059E-11
    2    5   -0.82493670E-10  0.10555697E-09  0.13501279E-10 -0.74124577E-10 -0.25170426E-03 -0.34808224E-12
    3    5   -0.89710314E-10  0.54229280E-10  0.12037212E-10 -0.19580868E-10  0.94296940E-04 -0.27728011E-10
    4    5   -0.43785790E-03  0.56137424E-10  0.20443032E-03 -0.16916459E-10 -0.18765519E-08 -0.30997577E-09
    5    5   -0.59849554E-04 -0.17589590E-15 -0.10366247E-03 -0.26808789E-17  0.12243639E-08  0.35729591E-24

    5   -3    0
    1    1   -0.64842973E-10  0.76012590E-12  0.24426179E-10  0.64159875E-12  0.54865976E-11  0.21657081E-11
    2    1    0.28098963E-04 -0.10026513E-11 -0.94183720E-05 -0.99576306E-13 -0.43445873E-12 -0.63366576E-11
    3    1   -0.70794119E-05  0.91414766E-12 -0.29363809E-04  0.21687022E-11 -0.21241990E-11  0.71122118E-11
    4    1   -0.48035267E-10  0.88013835E-10  0.19527691E-10 -0.25556378E-10  0.24476916E-04  0.13400642E-10
    5    1   -0.63445484E-11  0.81543123E-10 -0.87958117E-10  0.63960245E-10  0.12390021E-03 -0.23097207E-10
    1    2    0.28098964E-04  0.42290147E-12  0.94183716E-05  0.46777879E-12  0.14772936E-11 -0.45555246E-11
    2    2   -0.65071945E-10 -0.15108757E-11 -0.24673494E-10  0.36638091E-12 -0.29923034E-11  0.37293681E-11
    3    2   -0.70794120E-05  0.10244066E-11  0.29363809E-04 -0.28253410E-11 -0.52031600E-11 -0.17462080E-11
    4    2    0.29790501E-10  0.14030011E-09 -0.16354995E-09 -0.31826407E-10  0.24476885E-04 -0.78759833E-11
    5    2   -0.14023091E-09  0.63769573E-10  0.16299841E-09  0.15263947E-10  0.12390023E-03  0.93346155E-11
    1    3   -0.56053763E-05  0.15461818E-11 -0.12471112E-04 -0.80741832E-12 -0.28590323E-11  0.77451495E-12
    2    3   -0.56053745E-05 -0.12742700E-11  0.12471114E-04  0.67575969E-12  0.24395292E-12  0.38061950E-11
    3    3    0.80648119E-12 -0.27040566E-12  0.18370544E-12 -0.12375691E-12  0.52274826E-11 -0.10224405E-11
    4    3    0.21685125E-10 -0.29355268E-10 -0.11822535E-09 -0.52152900E-10 -0.51495179E-04  0.17492132E-10
    5    3   -0.19929289E-10  0.19756324E-10  0.14011320E-09  0.45683912E-10 -0.74080242E-04 -0.29082192E-11
    1    4   -0.16286067E-11  0.40787853E-11 -0.33021568E-10  0.21523219E-10  0.14514613E-04  0.61633251E-11
    2    4   -0.99965060E-11  0.96457316E-11  0.56504627E-10 -0.64094070E-10  0.14514598E-04 -0.10155221E-10
    3    4    0.15220421E-10  0.49264092E-11  0.14009996E-09 -0.45332541E-10 -0.74080494E-04 -0.11480104E-10
    4    4   -0.19675981E-04  0.76171057E-12  0.63390255E-11  0.20345132E-11 -0.20060197E-08 -0.14109618E-09
    5    4   -0.18995936E-03  0.14734002E-10 -0.24123882E-10 -0.49548507E-10  0.98152034E-09 -0.86712684E-10
    1    5   -0.23713439E-11  0.10586706E-10  0.49387246E-10  0.50138422E-10 -0.51495241E-04 -0.20654910E-10
    2    5    0.86796344E-11 -0.31241491E-11 -0.10744481E-09 -0.13760865E-10 -0.51495272E-04  0.15847643E-10
    3    5   -0.22030254E-10  0.86103987E-11 -0.18118944E-09  0.41728438E-10 -0.51495333E-04  0.15431939E-10
    4    5   -0.83502148E-04 -0.29558481E-10 -0.20547733E-10  0.52316572E-10  0.94228235E-09  0.11447966E-09
    5    5    0.19675971E-04  0.53039257E-12  0.89908780E-11 -0.24768096E-11 -0.20048207E-08  0.44578437E-10

    5   -2    0
    1    1    0.25526494E-10  0.94519531E-12  0.88419366E-10  0.10571275E-11  0.61634476E-11  0.63813680E-11
    2    1    0.31545597E-04 -0.15966411E-11 -0.10519831E-04  0.66103059E-12 -0.12639919E-11 -0.75721876E-11
    3    1   -0.79054558E-05 -0.23769909E-12 -0.25757506E-04  0.61543260E-12 -0.59702280E-12  0.27266959E-11
    4    1    0.85184778E-10 -0.49588819E-10  0.31322582E-10 -0.49133486E-10  0.24476807E-04  0.93872658E-11
    5    1    0.15033848E-10 -0.94315378E-10  0.81185983E-11  0.19094202E-12 -0.68370446E-05 -0.48823430E-11
    1    2    0.11781055E-04  0.17700663E-11  0.57475050E-06  0.59577289E-13 -0.52162916E-11 -0.49700547E-11
    2    2   -0.14462834E-10 -0.59450973E-12 -0.26681271E-10  0.24147320E-12  0.33950951E-11  0.54218642E-11
    3    2   -0.36716117E-05  0.10054200E-11  0.13045864E-04 -0.11539431E-11 -0.27491000E-11 -0.10083419E-11
    4    2    0.14438971E-09 -0.49278063E-10 -0.17940384E-09  0.99504463E-11 -0.51495243E-04  0.43144012E-11
    5    2   -0.41057732E-10 -0.13910345E-09  0.11004553E-09  0.69039606E-11  0.14514537E-04 -0.10458594E-11
    1    3   -0.10689777E-04  0.35166829E-12 -0.16339125E-04 -0.19286024E-11 -0.17811306E-11  0.26462289E-11
    2    3   -0.13537830E-04 -0.58025484E-12  0.18843992E-04  0.50634160E-12 -0.12797934E-11  0.22295499E-11
    3    3    0.44846367E-10 -0.20296872E-12  0.50355415E-10  0.20123530E-12  0.19856412E-11 -0.22680334E-11
    4    3    0.37271185E-10  0.46939383E-10 -0.16005432E-09 -0.21853178E-10  0.24476853E-04  0.82608967E-11
    5    3    0.17836743E-10  0.73579243E-11  0.95171989E-10  0.33229216E-10  0.14514533E-04 -0.25644687E-10
    1    4   -0.28880560E-11 -0.51775755E-10 -0.26642323E-11  0.16953281E-10  0.14514557E-04  0.16553281E-10
    2    4   -0.94308211E-10 -0.43743039E-10  0.91980822E-10  0.20298599E-10 -0.74080421E-04 -0.26189244E-10
    3    4   -0.46695685E-10  0.10669936E-10  0.11421342E-09 -0.93001108E-11  0.14514553E-04 -0.40296367E-11
    4    4    0.98379913E-05  0.17124134E-11  0.17039881E-04  0.12120199E-10 -0.10330437E-08  0.11373045E-09
    5    4   -0.65696044E-05 -0.19002847E-10  0.90052470E-05 -0.17306734E-11  0.15556046E-08  0.56918784E-10
    1    5   -0.28203823E-10 -0.33031611E-10 -0.16883550E-11 -0.16218528E-10 -0.34648698E-04  0.33357589E-11
    2    5    0.57006219E-10 -0.44935355E-10 -0.73425643E-10  0.42854340E-10  0.10083003E-03 -0.21746911E-11
    3    5    0.37200384E-10 -0.58863141E-11 -0.11758057E-09  0.68989803E-11  0.24476976E-04  0.28368406E-11
    4    5   -0.17222227E-03 -0.44970340E-11  0.36932509E-03  0.17171062E-10  0.16570409E-08  0.26204092E-09
    5    5   -0.98379901E-05  0.12675652E-10 -0.17039913E-04  0.98532302E-11 -0.99581270E-09 -0.27911675E-11
