 written on  3Sep2026 at 08:14:27 
   2.1354903421575360       -1.2329259238968218        0.0000000000000000     
   2.1354903421575360        1.2329259238968218        0.0000000000000000     
   0.0000000000000000        0.0000000000000000        15.875316257699998     
           5
          55
    2    1    2    2    1    1    1    1    2    1    1    1    1    1    1
    1    2    1    1    1    1    1    1    2    1    1    1    1    1    1
    1    2    1    1    1    1    1    1    2    1    1    1    1    1    1
    1    2    1    1    1    1    2    2    1    2

   -4    1    0
    1    1   -0.81364740E-04  0.55994098E-12
    2    1   -0.93159410E-04 -0.55143390E-12
    3    1    0.18474472E-03 -0.78576471E-13
    4    1   -0.33569568E-11  0.20103447E-10
    5    1    0.47025514E-10 -0.18731111E-10
    1    2    0.67128900E-03  0.23438196E-12
    2    2    0.89677372E-04 -0.39543369E-12
    3    2    0.67134710E-03 -0.65962980E-12
    4    2    0.26559111E-10  0.54539627E-10
    5    2    0.30655307E-10 -0.65852463E-11
    1    3    0.18472343E-03  0.73344109E-12
    2    3   -0.93152650E-04  0.44801662E-12
    3    3   -0.81390674E-04 -0.17594259E-12
    4    3   -0.77135975E-10 -0.50863797E-10
    5    3    0.52636133E-10  0.44660859E-10
    1    4   -0.35670513E-10  0.18062362E-10
    2    4   -0.14306659E-10  0.49993237E-11
    3    4    0.17426976E-10 -0.89776296E-10
    4    4    0.12011311E-02 -0.63974000E-10
    5    4    0.97044079E-03  0.19807527E-10
    1    5   -0.67171488E-11  0.18121218E-10
    2    5   -0.12456267E-11  0.28313352E-10
    3    5   -0.57154117E-11  0.14729625E-10
    4    5   -0.77885398E-03 -0.18027968E-10
    5    5    0.12011311E-02 -0.60830539E-10

   -4    2    0
    1    1   -0.30897050E-03  0.98321351E-12
    2    1    0.99667656E-04 -0.77438056E-14
    3    1    0.99666422E-04 -0.12691376E-11
    4    1    0.29773423E-10  0.22666193E-10
    5    1   -0.19260519E-10 -0.35725562E-10
    1    2    0.42630291E-03 -0.15869250E-12
    2    2   -0.38449975E-04  0.25429658E-12
    3    2   -0.93165604E-04 -0.79661278E-12
    4    2    0.10476590E-10 -0.18493029E-10
    5    2   -0.38188052E-10 -0.27518294E-10
    1    3    0.42630270E-03  0.97102881E-12
    2    3   -0.93168923E-04 -0.15221158E-12
    3    3   -0.38449802E-04 -0.12284063E-11
    4    3    0.29060801E-10  0.98573351E-11
    5    3    0.14781277E-11  0.34707246E-10
    1    4    0.20293944E-10 -0.61453705E-10
    2    4    0.11141364E-10  0.14058010E-10
    3    4    0.22691095E-10  0.23021694E-10
    4    4    0.54068176E-03  0.66106356E-11
    5    4   -0.32715843E-02  0.10906241E-09
    1    5    0.35425131E-11  0.24331825E-10
    2    5   -0.18930638E-10 -0.38016336E-10
    3    5    0.83012245E-11 -0.43256214E-10
    4    5   -0.77885216E-03  0.28640174E-10
    5    5    0.54068178E-03  0.25422164E-11

   -4    3    0
    1    1   -0.81376382E-04  0.66022188E-12
    2    1    0.18473207E-03  0.53670957E-12
    3    1   -0.93157838E-04 -0.84807161E-12
    4    1   -0.16206630E-10 -0.46353319E-10
    5    1   -0.14138014E-10 -0.21082007E-11
    1    2    0.18473312E-03 -0.23651914E-12
    2    2   -0.81377039E-04  0.74859563E-12
    3    2   -0.93156094E-04 -0.28646530E-12
    4    2   -0.20312154E-10  0.72392300E-11
    5    2    0.28692850E-10 -0.17516061E-10
    1    3    0.67131057E-03 -0.19324820E-13
    2    3    0.67131101E-03 -0.34577896E-12
    3    3    0.89681819E-04 -0.13763435E-11
    4    3   -0.47263887E-10 -0.30289583E-10
    5    3   -0.44036317E-10 -0.39715245E-10
    1    4   -0.41697355E-10  0.26694415E-10
    2    4    0.32252172E-10  0.16465386E-10
    3    4    0.10913485E-10  0.31265726E-10
    4    4    0.12011340E-02 -0.27743967E-10
    5    4   -0.32715845E-02 -0.91709307E-10
    1    5    0.31337159E-10 -0.95885839E-11
    2    5   -0.49125299E-10  0.13666675E-10
    3    5   -0.61487283E-11  0.44380524E-10
    4    5    0.41055566E-02  0.53773735E-10
    5    5    0.12011340E-02 -0.73585339E-10

   -3   -1    0
    1    1   -0.81390875E-04 -0.56023242E-12
    2    1    0.67134599E-03 -0.23384072E-12
    3    1    0.18474337E-03 -0.73319129E-12
    4    1   -0.35670365E-10 -0.18062468E-10
    5    1   -0.67172858E-11 -0.18121285E-10
    1    2   -0.93152001E-04  0.55130900E-12
    2    2    0.89677372E-04  0.39476755E-12
    3    2   -0.93160059E-04 -0.44832194E-12
    4    2   -0.14306743E-10 -0.49992727E-11
    5    2   -0.12455623E-11 -0.28313296E-10
    1    3    0.18472477E-03  0.78638908E-13
    2    3    0.67129011E-03  0.66005134E-12
    3    3   -0.81364538E-04  0.17554014E-12
    4    3    0.17427191E-10  0.89776287E-10
    5    3   -0.57154749E-11 -0.14729681E-10
    1    4   -0.33570076E-11 -0.20103414E-10
    2    4    0.26559188E-10 -0.54539507E-10
    3    4   -0.77135943E-10  0.50863740E-10
    4    4    0.12011311E-02  0.63973753E-10
    5    4   -0.77884665E-03  0.18027857E-10
    1    5    0.47025274E-10  0.18731054E-10
    2    5    0.30654948E-10  0.65847051E-11
    3    5    0.52635870E-10 -0.44660617E-10
    4    5    0.97031713E-03 -0.19807236E-10
    5    5    0.12011311E-02  0.60830355E-10

   -3    0    0
    1    1    0.98386707E-02 -0.98812625E-12
    2    1    0.67127947E-03 -0.35091374E-12
    3    1   -0.70789577E-02 -0.23263173E-12
    4    1    0.26819540E-10 -0.37225418E-10
    5    1    0.88482782E-11 -0.11842387E-11
    1    2   -0.24757001E-02 -0.48247517E-12
    2    2   -0.90572197E-03  0.34020009E-12
    3    2    0.67127382E-03  0.19379864E-12
    4    2    0.24592641E-10 -0.20206121E-10
    5    2    0.11870444E-10  0.45779098E-10
    1    3   -0.20460969E-01 -0.74053264E-12
    2    3   -0.24757060E-02  0.14520052E-11
    3    3    0.98386633E-02  0.64118155E-12
    4    3   -0.47498239E-10 -0.32687541E-10
    5    3    0.13332615E-10 -0.59311231E-10
    1    4   -0.20224849E-10 -0.44018304E-10
    2    4   -0.16011534E-10 -0.65965523E-11
    3    4   -0.95062525E-11 -0.44901156E-10
    4    4   -0.24563378E-02  0.87316793E-10
    5    4    0.41055729E-02 -0.50557367E-10
    1    5   -0.13211572E-10  0.43187344E-10
    2    5   -0.32688864E-10  0.94692069E-10
    3    5   -0.65341214E-10  0.12845794E-09
    4    5   -0.12308749E-02 -0.14761831E-09
    5    5   -0.24563378E-02  0.36357081E-10

   -3    1    0
    1    1   -0.15184301E-02 -0.66535666E-12
    2    1    0.42631007E-03  0.36448622E-12
    3    1    0.18472075E-03 -0.63682393E-12
    4    1    0.13514537E-10 -0.10825039E-10
    5    1   -0.10045194E-10  0.27719227E-10
    1    2    0.75895133E-02 -0.97209740E-12
    2    2    0.32814002E-03  0.15543122E-14
    3    2   -0.24757462E-02 -0.77826634E-12
    4    2    0.77221232E-10  0.89293420E-10
    5    2   -0.42934885E-10 -0.36213936E-10
    1    3    0.22989509E-02  0.14273999E-11
    2    3   -0.14871570E-02  0.16241869E-11
    3    3    0.68781602E-03  0.66491257E-12
    4    3   -0.98254042E-10  0.64049262E-10
    5    3    0.16063295E-09  0.35803374E-10
    1    4    0.58659895E-10  0.35030463E-10
    2    4    0.14181724E-10 -0.83334152E-10
    3    4   -0.20551161E-10 -0.35912715E-10
    4    4    0.17680110E-02  0.96301453E-10
    5    4    0.97031821E-03 -0.71878600E-10
    1    5   -0.15486771E-10 -0.14280759E-09
    2    5   -0.10160931E-10 -0.73470954E-11
    3    5    0.13731898E-09 -0.81635823E-10
    4    5   -0.15575277E-01  0.24902674E-09
    5    5    0.17680110E-02  0.10646261E-09

   -3    2    0
    1    1   -0.15184414E-02  0.11060042E-11
    2    1    0.18473161E-03  0.54531379E-12
    3    1    0.42630900E-03 -0.10543094E-11
    4    1    0.48236171E-10  0.14107376E-10
    5    1   -0.37025416E-10 -0.78453750E-11
    1    2    0.22989585E-02 -0.10292600E-11
    2    2    0.68781051E-03 -0.10930701E-11
    3    2   -0.14871569E-02 -0.11138174E-11
    4    2   -0.10466257E-10 -0.87041501E-10
    5    2   -0.41915028E-10  0.55693436E-10
    1    3    0.75895659E-02  0.26000382E-11
    2    3   -0.24756947E-02 -0.11445705E-12
    3    3    0.32811929E-03 -0.20011770E-13
    4    3   -0.63353657E-11 -0.15667893E-10
    5    3    0.24462726E-10 -0.32894447E-10
    1    4   -0.14607355E-10  0.62866194E-10
    2    4    0.25527214E-10  0.26034044E-10
    3    4   -0.78675325E-10  0.28618898E-10
    4    4    0.17680053E-02 -0.14546142E-10
    5    4    0.31209495E-02 -0.11660603E-09
    1    5    0.95274901E-10  0.81123869E-10
    2    5   -0.78874831E-10  0.88773630E-10
    3    5   -0.56515199E-10 -0.27685648E-11
    4    5   -0.12307636E-02 -0.79414496E-10
    5    5    0.17680052E-02 -0.19380095E-10

   -3    3    0
    1    1    0.98389306E-02  0.49209518E-12
    2    1   -0.70789754E-02  0.57689891E-13
    3    1    0.67129917E-03  0.53600180E-12
    4    1   -0.62197014E-11 -0.61743058E-11
    5    1   -0.50153842E-11  0.21561219E-10
    1    2   -0.20460891E-01 -0.55278329E-12
    2    2    0.98389307E-02 -0.15120895E-11
    3    2   -0.24756545E-02 -0.52759186E-12
    4    2    0.48923026E-10 -0.15952823E-11
    5    2    0.20814633E-10  0.11776019E-10
    1    3   -0.24756545E-02  0.80808277E-12
    2    3    0.67129916E-03 -0.24325680E-12
    3    3   -0.90546213E-03  0.10737409E-11
    4    3    0.16672019E-12  0.14942792E-10
    5    3    0.60275872E-10  0.73592413E-10
    1    4   -0.50678985E-10 -0.59858696E-10
    2    4    0.73568861E-10 -0.47250358E-10
    3    4   -0.17300506E-10 -0.46400228E-10
    4    4   -0.24562716E-02  0.17707408E-09
    5    4    0.97036723E-03 -0.66240652E-10
    1    5    0.69126312E-10 -0.63205682E-10
    2    5   -0.39843244E-10  0.18602810E-10
    3    5    0.69669130E-10 -0.18937760E-10
    4    5    0.97036739E-03 -0.21922643E-09
    5    5   -0.24562716E-02  0.18464784E-09

   -3    4    0
    1    1   -0.81377044E-04 -0.66133210E-12
    2    1    0.18473208E-03  0.23635260E-12
    3    1    0.67131102E-03  0.19088897E-13
    4    1   -0.41697344E-10 -0.26694401E-10
    5    1    0.31337155E-10  0.95885814E-11
    1    2    0.18473312E-03 -0.53686222E-12
    2    2   -0.81376377E-04 -0.74948381E-12
    3    2    0.67131056E-03  0.34558467E-12
    4    2    0.32252176E-10 -0.16465391E-10
    5    2   -0.49125314E-10 -0.13666663E-10
    1    3   -0.93156092E-04  0.84800222E-12
    2    3   -0.93157840E-04  0.28636815E-12
    3    3    0.89681819E-04  0.13753720E-11
    4    3    0.10913480E-10 -0.31265726E-10
    5    3   -0.61487220E-11 -0.44380525E-10
    1    4   -0.16206621E-10  0.46353328E-10
    2    4   -0.20312152E-10 -0.72392110E-11
    3    4   -0.47263882E-10  0.30289584E-10
    4    4    0.12011340E-02  0.27743766E-10
    5    4    0.41055566E-02 -0.53774152E-10
    1    5   -0.14138009E-10  0.21082057E-11
    2    5    0.28692840E-10  0.17516041E-10
    3    5   -0.44036320E-10  0.39715242E-10
    4    5   -0.32715845E-02  0.91709251E-10
    5    5    0.12011340E-02  0.73585096E-10

   -2   -2    0
    1    1   -0.38450655E-04 -0.12215090E-11
    2    1   -0.93165100E-04 -0.55426497E-12
    3    1    0.99666486E-04 -0.13299223E-11
    4    1   -0.10605002E-10 -0.23882697E-10
    5    1   -0.83437403E-11 -0.26342525E-10
    1    2   -0.93165099E-04  0.82753249E-12
    2    2   -0.38450655E-04  0.93286490E-12
    3    2    0.99666487E-04  0.20435043E-12
    4    2   -0.33571447E-10 -0.13802860E-10
    5    2    0.12754786E-10  0.99130472E-11
    1    3    0.42630165E-03  0.33539186E-12
    2    3    0.42630165E-03  0.93102902E-12
    3    3   -0.30896882E-03  0.28423097E-12
    4    3    0.87181045E-10  0.51031593E-10
    5    3   -0.29113945E-10  0.96813482E-11
    1    4    0.12014948E-10 -0.17668848E-10
    2    4    0.83951667E-11  0.19167525E-10
    3    4   -0.51119409E-11  0.54877565E-10
    4    4    0.54068242E-03 -0.66957686E-10
    5    4    0.47159028E-03  0.12719464E-09
    1    5    0.38507956E-10 -0.24560281E-10
    2    5   -0.17247780E-10 -0.96289737E-10
    3    5    0.33026147E-10 -0.10066792E-09
    4    5    0.31209492E-02  0.13580569E-09
    5    5    0.54068232E-03 -0.54146528E-10

   -2   -1    0
    1    1    0.68781743E-03 -0.18016422E-11
    2    1   -0.24757502E-02  0.59584282E-13
    3    1    0.18472141E-03 -0.11568667E-11
    4    1   -0.29278495E-10 -0.27850493E-10
    5    1    0.51905142E-10  0.31605222E-10
    1    2   -0.14871586E-02 -0.22776225E-12
    2    2    0.32813875E-03  0.16967816E-11
    3    2    0.42630848E-03  0.23561241E-12
    4    2    0.19062345E-10  0.24400259E-10
    5    2    0.11509291E-10 -0.47899776E-11
    1    3    0.22989540E-02 -0.48883120E-12
    2    3    0.75895248E-02  0.16183027E-11
    3    3   -0.15184291E-02  0.94979580E-13
    4    3   -0.98066251E-10  0.53096185E-10
    5    3   -0.69563745E-10 -0.12689365E-09
    1    4   -0.10543016E-09 -0.36530403E-10
    2    4    0.30049564E-10  0.42757952E-10
    3    4    0.31415799E-10  0.66381973E-10
    4    4    0.17680122E-02 -0.19562255E-10
    5    4   -0.77885419E-03  0.37777930E-10
    1    5    0.19177431E-09  0.26741778E-09
    2    5   -0.77336745E-10  0.54794521E-10
    3    5   -0.29540076E-09  0.14155139E-09
    4    5   -0.13889022E-01 -0.24675656E-09
    5    5    0.17680122E-02 -0.30194739E-10

   -2    0    0
    1    1    0.52447508E-01 -0.17354451E-11
    2    1    0.75894764E-02 -0.24646951E-13
    3    1   -0.20461090E-01  0.43354209E-12
    4    1    0.11527182E-09 -0.37185072E-10
    5    1   -0.82930860E-10  0.41389585E-10
    1    2   -0.22752562E-01 -0.10939027E-11
    2    2   -0.70823722E-02  0.53151927E-12
    3    2    0.75894532E-02 -0.15638879E-12
    4    2   -0.60312762E-10  0.81591176E-10
    5    2   -0.65811003E-10 -0.54682067E-10
    1    3   -0.14657339E+00 -0.65880634E-12
    2    3   -0.22752597E-01  0.26718489E-11
    3    3    0.52447478E-01  0.11786683E-11
    4    3    0.27462747E-09  0.29554208E-09
    5    3    0.46442233E-10 -0.28483876E-10
    1    4    0.56309554E-10 -0.37960329E-09
    2    4    0.42620576E-11  0.79475108E-10
    3    4    0.19316535E-09 -0.81609186E-10
    4    4   -0.46582361E-02  0.77965703E-10
    5    4   -0.12308754E-02 -0.37629483E-10
    1    5    0.48690373E-10  0.72237857E-09
    2    5   -0.83279692E-11 -0.50329089E-09
    3    5    0.44797345E-10 -0.11457649E-09
    4    5    0.15148064E-01  0.18792154E-09
    5    5   -0.46582361E-02  0.10424583E-09

   -2    1    0
    1    1   -0.16111253E-01 -0.38588577E-12
    2    1    0.22989842E-02 -0.64667716E-12
    3    1    0.22989625E-02 -0.86895768E-12
    4    1    0.77638581E-10  0.55817290E-10
    5    1   -0.51431908E-11 -0.11705698E-10
    1    2    0.81430341E-01  0.12904955E-11
    2    2    0.76323907E-02 -0.10918488E-11
    3    2   -0.22752580E-01 -0.19051705E-11
    4    2   -0.23321991E-09 -0.60385443E-10
    5    2   -0.60648375E-10 -0.20894727E-09
    1    3    0.81430381E-01  0.43672149E-11
    2    3   -0.22752545E-01  0.20466753E-11
    3    3    0.76323872E-02  0.14643842E-11
    4    3   -0.64794080E-09 -0.60442431E-10
    5    3    0.40084691E-10 -0.15028293E-09
    1    4   -0.65532303E-09  0.20872239E-09
    2    4    0.15373732E-09 -0.77535641E-10
    3    4   -0.12624394E-09  0.19756788E-09
    4    4    0.43311168E-01 -0.54027086E-09
    5    4   -0.13889022E-01  0.14273815E-09
    1    5    0.11169604E-08 -0.33856076E-09
    2    5   -0.29064232E-09  0.71835449E-09
    3    5    0.32593917E-09 -0.36696173E-09
    4    5    0.15148114E-01  0.24584974E-09
    5    5    0.43311168E-01 -0.76912573E-09

   -2    2    0
    1    1    0.52447802E-01  0.15923994E-11
    2    1   -0.20461016E-01 -0.15281561E-11
    3    1    0.75895279E-02 -0.50209836E-13
    4    1    0.53887819E-10  0.65530631E-10
    5    1   -0.70065215E-10 -0.13542891E-09
    1    2   -0.14657333E+00  0.69357366E-12
    2    2    0.52447802E-01 -0.31426008E-11
    3    2   -0.22752564E-01 -0.15930798E-11
    4    2    0.12626439E-09 -0.98045292E-10
    5    2   -0.19955136E-10  0.14219134E-09
    1    3   -0.22752563E-01  0.29044475E-11
    2    3    0.75895279E-02  0.16434076E-12
    3    3   -0.70820621E-02  0.15267206E-11
    4    3    0.85259671E-10 -0.28942428E-10
    5    3   -0.16897770E-10  0.45222625E-10
    1    4   -0.25656328E-09 -0.30086346E-09
    2    4    0.95349648E-10 -0.14555317E-09
    3    4    0.13213961E-09  0.18848415E-09
    4    4   -0.46581601E-02 -0.15704888E-10
    5    4   -0.13888959E-01  0.33490344E-09
    1    5    0.12055889E-09 -0.23785335E-10
    2    5   -0.20627769E-09 -0.94272734E-10
    3    5   -0.91548866E-10 -0.18344723E-09
    4    5   -0.13888960E-01 -0.30261345E-09
    5    5   -0.46581602E-02 -0.12190131E-11

   -2    3    0
    1    1    0.68781051E-03 -0.71354034E-12
    2    1    0.18473160E-03 -0.17367774E-11
    3    1   -0.24756946E-02  0.15177651E-11
    4    1   -0.68193003E-10 -0.33811018E-10
    5    1   -0.12682727E-10  0.47320738E-10
    1    2    0.22989584E-02 -0.13418433E-12
    2    2   -0.15184414E-02 -0.19592106E-11
    3    2    0.75895658E-02 -0.55896954E-12
    4    2   -0.67433914E-10  0.12638745E-09
    5    2    0.91794876E-10 -0.83951619E-10
    1    3   -0.14871568E-02  0.99516229E-12
    2    3    0.42630900E-03 -0.37997383E-13
    3    3    0.32811928E-03  0.26863234E-11
    4    3   -0.92284488E-10 -0.45925553E-10
    5    3   -0.54506539E-11 -0.30882434E-10
    1    4   -0.67433807E-10  0.91877253E-10
    2    4    0.34983705E-10 -0.88176260E-11
    3    4    0.13592096E-10  0.42480856E-10
    4    4    0.17680059E-02  0.10921400E-09
    5    4   -0.12307638E-02 -0.19976788E-09
    1    5    0.52196863E-10 -0.14641291E-10
    2    5    0.34953932E-10  0.56144655E-10
    3    5   -0.37778183E-11  0.51809696E-10
    4    5    0.31209490E-02  0.23181596E-09
    5    5    0.17680058E-02  0.14966332E-09

   -2    4    0
    1    1   -0.38449977E-04 -0.11414758E-11
    2    1    0.99667656E-04 -0.10179357E-11
    3    1   -0.93168921E-04 -0.26754987E-12
    4    1   -0.53589078E-11  0.45593671E-10
    5    1    0.47066252E-10 -0.67565057E-11
    1    2    0.42630290E-03  0.16345258E-12
    2    2   -0.30897049E-03 -0.57565064E-12
    3    2    0.42630270E-03  0.15112356E-11
    4    2    0.27736440E-10  0.23333371E-11
    5    2   -0.25037959E-10 -0.22022450E-10
    1    3   -0.93165601E-04  0.10832030E-11
    2    3    0.99666423E-04  0.17767732E-12
    3    3   -0.38449803E-04  0.16607826E-11
    4    3    0.47242589E-11 -0.18088575E-10
    5    3    0.28864187E-10  0.48959588E-10
    1    4    0.15009179E-10 -0.23240300E-10
    2    4   -0.37638306E-10 -0.35051804E-10
    3    4    0.25944511E-10 -0.49568744E-10
    4    4    0.54068217E-03 -0.29776787E-09
    5    4   -0.77885247E-03  0.10027354E-09
    1    5   -0.58535704E-10  0.29044239E-10
    2    5    0.11721609E-10  0.48091909E-11
    3    5    0.19761255E-11 -0.21685649E-10
    4    5   -0.32715848E-02  0.16556272E-09
    5    5    0.54068221E-03 -0.27250048E-09

   -1   -3    0
    1    1    0.89677370E-04 -0.55475069E-12
    2    1   -0.93152003E-04 -0.61514682E-12
    3    1   -0.93160057E-04 -0.42335579E-12
    4    1    0.48073836E-11  0.33669200E-10
    5    1   -0.10141670E-10 -0.34060959E-10
    1    2    0.67134598E-03  0.26017383E-12
    2    2   -0.81390877E-04 -0.13948565E-12
    3    2    0.18474338E-03  0.64982741E-12
    4    2    0.36450461E-10 -0.49130360E-10
    5    2   -0.74179962E-10  0.17039373E-10
    1    3    0.67129011E-03  0.92929873E-12
    2    3    0.18472478E-03  0.43040171E-12
    3    3   -0.81364543E-04  0.67103267E-12
    4    3    0.17386877E-10  0.73683694E-11
    5    3   -0.15619699E-11 -0.19094601E-10
    1    4    0.29164526E-10  0.20659433E-10
    2    4   -0.19113056E-10 -0.62371263E-11
    3    4   -0.24913005E-10  0.47561838E-10
    4    4    0.12011314E-02 -0.68687053E-10
    5    4   -0.77884713E-03  0.23017005E-09
    1    5    0.27352490E-10 -0.38165277E-10
    2    5    0.51560307E-10 -0.52777484E-10
    3    5    0.46263905E-10  0.59222901E-11
    4    5    0.97031699E-03  0.14707551E-09
    5    5    0.12011314E-02 -0.85742500E-10

   -1   -2    0
    1    1    0.32813876E-03 -0.92095775E-12
    2    1   -0.14871586E-02  0.62167632E-12
    3    1    0.42630848E-03 -0.14030170E-11
    4    1    0.41128076E-10 -0.91438623E-10
    5    1   -0.20061407E-10  0.34854226E-10
    1    2   -0.24757502E-02  0.30665748E-12
    2    2    0.68781741E-03  0.45291548E-12
    3    2    0.18472142E-03 -0.38716026E-12
    4    2   -0.23781833E-10 -0.60451409E-11
    5    2    0.27674352E-10  0.37552995E-10
    1    3    0.75895248E-02  0.20921875E-11
    2    3    0.22989540E-02  0.11412121E-11
    3    3   -0.15184291E-02  0.49513171E-12
    4    3   -0.14104437E-09 -0.25533680E-09
    5    3   -0.37505465E-10  0.46532071E-10
    1    4    0.52044250E-10  0.65527928E-12
    2    4   -0.26681701E-10  0.10413808E-09
    3    4   -0.34291168E-10 -0.29851310E-10
    4    4    0.17680122E-02 -0.35760124E-10
    5    4   -0.77885436E-03  0.78999651E-10
    1    5   -0.12975395E-09  0.12031456E-09
    2    5   -0.42291792E-10 -0.33556757E-09
    3    5   -0.14499795E-09  0.32166316E-09
    4    5   -0.13889022E-01 -0.30144789E-09
    5    5    0.17680122E-02 -0.86887129E-11

   -1   -1    0
    1    1    0.76323906E-02  0.17524870E-12
    2    1   -0.22752618E-01  0.14733492E-11
    3    1    0.22989668E-02 -0.94725616E-12
    4    1    0.27842681E-09 -0.26421601E-10
    5    1   -0.31779667E-10  0.33672940E-10
    1    2   -0.22752618E-01 -0.47155335E-12
    2    2    0.76323905E-02  0.24091840E-13
    3    2    0.22989668E-02 -0.56511740E-12
    4    2   -0.17417882E-09  0.45374698E-09
    5    2    0.77637346E-10 -0.61272051E-10
    1    3    0.81430548E-01  0.43938325E-11
    2    3    0.81430548E-01  0.13289370E-12
    3    3   -0.16111239E-01 -0.16719959E-12
    4    3   -0.13474076E-09  0.23180052E-09
    5    3    0.19396246E-09  0.58841540E-10
    1    4   -0.37697433E-09 -0.19637572E-09
    2    4   -0.14239527E-10  0.23774978E-09
    3    4    0.21365922E-09 -0.32734930E-09
    4    4    0.43311171E-01  0.70146082E-09
    5    4   -0.15575280E-01 -0.28942602E-09
    1    5    0.13898703E-08 -0.15386426E-10
    2    5    0.33425046E-10 -0.21299583E-08
    3    5   -0.19767078E-09  0.56565455E-09
    4    5   -0.23455044E+00 -0.90531752E-09
    5    5    0.43311171E-01  0.57994814E-09

   -1    0    0
    1    1    0.57418872E+00 -0.54636851E-12
    2    1    0.81430781E-01 -0.60798588E-12
    3    1   -0.14657329E+00 -0.41455728E-12
    4    1    0.11764103E-08 -0.11099105E-08
    5    1   -0.72000034E-09  0.31825471E-09
    1    2   -0.55584912E+00 -0.76297302E-12
    2    2   -0.11725207E+00 -0.81906704E-12
    3    2    0.81430425E-01  0.20031199E-12
    4    2    0.92215203E-11  0.21040152E-09
    5    2    0.65744416E-09  0.69179424E-10
    1    3   -0.21537000E+01  0.31385658E-11
    2    3   -0.55584925E+00 -0.14064652E-11
    3    3    0.57418831E+00  0.13367918E-11
    4    3    0.29594043E-08  0.70453106E-09
    5    3    0.60972862E-09 -0.12102884E-08
    1    4    0.28046330E-09 -0.26515000E-08
    2    4    0.14110213E-08  0.20054124E-09
    3    4   -0.10332517E-09 -0.20924354E-09
    4    4    0.21101057E+00  0.55732009E-10
    5    4    0.15148065E-01 -0.20125382E-09
    1    5   -0.13957210E-08  0.22215659E-09
    2    5   -0.77888857E-08  0.60909835E-08
    3    5   -0.42725954E-08  0.30682939E-08
    4    5   -0.29263504E+01 -0.64607879E-09
    5    5    0.21101057E+00 -0.30371545E-09

   -1    1    0
    1    1    0.57418850E+00  0.34251278E-11
    2    1   -0.14657329E+00 -0.27153453E-11
    3    1    0.81430739E-01 -0.32218186E-11
    4    1    0.11083258E-08  0.46101284E-09
    5    1   -0.11029521E-08  0.32118757E-10
    1    2   -0.21537003E+01  0.35253987E-11
    2    2    0.57418850E+00 -0.52071160E-11
    3    2   -0.55584952E+00 -0.61892852E-12
    4    2    0.41471308E-08 -0.43619272E-08
    5    2    0.45059969E-09  0.15914180E-08
    1    3   -0.55584952E+00  0.86056232E-11
    2    3    0.81430739E-01  0.79665441E-12
    3    3   -0.11725227E+00  0.17852916E-11
    4    3    0.26745562E-09  0.10788551E-08
    5    3    0.16482494E-08  0.76873843E-09
    1    4   -0.13147649E-08 -0.10129829E-08
    2    4    0.15880157E-08 -0.16779318E-08
    3    4   -0.22179633E-09  0.17232109E-09
    4    4    0.21101054E+00  0.10177359E-09
    5    4   -0.23455046E+00  0.10938074E-08
    1    5    0.17441876E-08 -0.16164914E-08
    2    5   -0.98293020E-09  0.11089488E-08
    3    5    0.63993937E-09 -0.12047599E-08
    4    5   -0.23455046E+00 -0.10682230E-08
    5    5    0.21101054E+00 -0.26367828E-09

   -1    2    0
    1    1    0.76323907E-02  0.34233727E-12
    2    1    0.22989841E-02 -0.24781011E-11
    3    1   -0.22752545E-01 -0.45019544E-13
    4    1    0.26006266E-09 -0.15420913E-09
    5    1   -0.51905822E-09  0.14570038E-09
    1    2    0.81430341E-01  0.80602192E-13
    2    2   -0.16111253E-01 -0.97385988E-12
    3    2    0.81430381E-01 -0.27233077E-11
    4    2   -0.11712197E-09 -0.89989964E-09
    5    2    0.25293023E-09  0.11098911E-09
    1    3   -0.22752579E-01  0.26241093E-11
    2    3    0.22989625E-02  0.68990647E-12
    3    3    0.76323871E-02  0.61661787E-12
    4    3    0.23640070E-10  0.70623649E-11
    5    3    0.14408082E-09 -0.17634439E-09
    1    4   -0.31642574E-09  0.54173342E-09
    2    4    0.26282281E-09  0.94355093E-10
    3    4   -0.20280956E-09  0.41827369E-09
    4    4    0.43311169E-01  0.61206599E-09
    5    4    0.15148115E-01 -0.55645599E-10
    1    5   -0.53410583E-10  0.20237908E-10
    2    5   -0.14250586E-09 -0.28537784E-10
    3    5   -0.17325303E-09 -0.61545788E-10
    4    5   -0.13889023E-01 -0.12542350E-09
    5    5    0.43311169E-01  0.55595708E-09

   -1    3    0
    1    1    0.32814001E-03 -0.12460588E-11
    2    1    0.42631006E-03 -0.21948832E-11
    3    1   -0.14871569E-02 -0.18501867E-12
    4    1   -0.13834502E-10 -0.23630582E-10
    5    1    0.54479560E-11  0.88776771E-10
    1    2    0.75895133E-02  0.64401262E-12
    2    2   -0.15184300E-02 -0.52208238E-12
    3    2    0.22989509E-02  0.10493967E-11
    4    2    0.90384258E-10 -0.15676968E-10
    5    2    0.29450788E-11 -0.65632236E-10
    1    3   -0.24757462E-02  0.13891249E-11
    2    3    0.18472075E-03 -0.42132964E-13
    3    3    0.68781601E-03  0.18043345E-11
    4    3    0.63838647E-11  0.74923456E-10
    5    3    0.84359145E-10  0.41011035E-10
    1    4    0.18704900E-11 -0.43734818E-10
    2    4    0.27338761E-10 -0.39693436E-10
    3    4    0.24566765E-10  0.19980012E-10
    4    4    0.17680116E-02 -0.34010045E-10
    5    4   -0.15575278E-01 -0.37922893E-09
    1    5   -0.77218309E-11 -0.74382133E-11
    2    5   -0.14819421E-10  0.31462087E-10
    3    5    0.30694946E-10 -0.67882850E-10
    4    5    0.97031817E-03 -0.67112385E-10
    5    5    0.17680116E-02 -0.66449207E-11

   -1    4    0
    1    1    0.89677370E-04 -0.55529192E-12
    2    1   -0.93159413E-04 -0.61518152E-12
    3    1   -0.93152648E-04 -0.42355008E-12
    4    1    0.48073813E-11  0.33669251E-10
    5    1   -0.10141721E-10 -0.34060964E-10
    1    2    0.67128899E-03  0.26013219E-12
    2    2   -0.81364741E-04 -0.14005463E-12
    3    2    0.18472343E-03  0.64917516E-12
    4    2    0.36450627E-10 -0.49130641E-10
    5    2   -0.74179957E-10  0.17039450E-10
    1    3    0.67134710E-03  0.92927099E-12
    2    3    0.18474473E-03  0.43022997E-12
    3    3   -0.81390679E-04  0.67061634E-12
    4    3    0.17386776E-10  0.73683576E-11
    5    3   -0.15619357E-11 -0.19094538E-10
    1    4    0.29164468E-10  0.20659554E-10
    2    4   -0.19113031E-10 -0.62372075E-11
    3    4   -0.24913042E-10  0.47561906E-10
    4    4    0.12011314E-02 -0.68687226E-10
    5    4   -0.77885447E-03  0.23016922E-09
    1    5    0.27352508E-10 -0.38165344E-10
    2    5    0.51560567E-10 -0.52777544E-10
    3    5    0.46264098E-10  0.59220855E-11
    4    5    0.97044065E-03  0.14707565E-09
    5    5    0.12011314E-02 -0.85742635E-10

    0   -3    0
    1    1   -0.90572196E-03  0.44747539E-12
    2    1   -0.24757001E-02 -0.41740222E-12
    3    1    0.67127382E-03 -0.38018937E-12
    4    1    0.99088572E-11  0.12875841E-10
    5    1    0.55084826E-10 -0.34366151E-10
    1    2    0.67127946E-03  0.91160413E-12
    2    2    0.98386707E-02 -0.17835733E-12
    3    2   -0.70789577E-02 -0.38463741E-12
    4    2    0.48138057E-10  0.33750654E-10
    5    2   -0.41889795E-10  0.45417082E-10
    1    3   -0.24757060E-02  0.87077567E-12
    2    3   -0.20460969E-01  0.56797622E-12
    3    3    0.98386632E-02 -0.30278557E-12
    4    3   -0.85967324E-11 -0.41530703E-10
    5    3   -0.98106330E-11 -0.26798698E-10
    1    4   -0.82508680E-10 -0.11720470E-10
    2    4    0.14675254E-10  0.12070976E-09
    3    4   -0.96759934E-13 -0.62232451E-10
    4    4   -0.24563380E-02 -0.14000892E-09
    5    4    0.41055729E-02 -0.83069836E-11
    1    5    0.18586214E-11  0.55302080E-10
    2    5   -0.12719031E-10 -0.22183824E-09
    3    5   -0.81586052E-10  0.10972518E-09
    4    5   -0.12308746E-02  0.91883889E-10
    5    5   -0.24563379E-02 -0.12851225E-09

    0   -2    0
    1    1   -0.70823721E-02  0.14238610E-12
    2    1   -0.22752562E-01 -0.16018575E-11
    3    1    0.75894532E-02 -0.73088757E-12
    4    1   -0.10011422E-09  0.31141599E-10
    5    1   -0.62165788E-10  0.10824353E-10
    1    2    0.75894764E-02  0.17053303E-11
    2    2    0.52447508E-01 -0.15860646E-11
    3    2   -0.20461090E-01 -0.13402057E-11
    4    2    0.65890989E-10  0.22019670E-09
    5    2   -0.96740392E-10 -0.91925590E-10
    1    3   -0.22752597E-01  0.31532277E-11
    2    3   -0.14657339E+00  0.10695472E-11
    3    3    0.52447478E-01  0.14222512E-11
    4    3    0.49742386E-09  0.16145822E-10
    5    3    0.82107030E-10  0.20965257E-09
    1    4    0.45798709E-10 -0.11322863E-09
    2    4    0.30311020E-09  0.78921099E-09
    3    4    0.47508606E-10 -0.16705488E-09
    4    4   -0.46582374E-02  0.98646043E-10
    5    4   -0.12308750E-02 -0.46084248E-11
    1    5    0.26024372E-09 -0.69528912E-10
    2    5   -0.10963489E-08 -0.19472265E-08
    3    5    0.84061690E-10  0.17713136E-10
    4    5    0.15148067E-01  0.57187782E-10
    5    5   -0.46582372E-02  0.99339599E-10

    0   -1    0
    1    1   -0.11725207E+00 -0.94110830E-12
    2    1   -0.55584912E+00 -0.47098991E-11
    3    1    0.81430425E-01 -0.98500375E-12
    4    1    0.61656833E-09 -0.19616152E-08
    5    1    0.45889901E-09  0.39349842E-09
    1    2    0.81430780E-01  0.27486902E-11
    2    2    0.57418872E+00  0.40847881E-12
    3    2   -0.14657329E+00 -0.26386809E-11
    4    2    0.88726075E-10  0.22222802E-08
    5    2   -0.26436742E-10 -0.91763732E-09
    1    3   -0.55584925E+00  0.46511406E-12
    2    3   -0.21537000E+01  0.10949991E-11
    3    3    0.57418831E+00  0.54689586E-12
    4    3    0.50776906E-08 -0.11616663E-08
    5    3   -0.86152685E-09  0.20715206E-09
    1    4    0.56672462E-09  0.57720436E-09
    2    4    0.56410031E-08  0.71356401E-08
    3    4   -0.39734319E-09 -0.17004409E-08
    4    4    0.21101056E+00 -0.64096027E-10
    5    4    0.15148067E-01 -0.20090199E-09
    1    5   -0.94179966E-08 -0.11496784E-08
    2    5   -0.86824518E-08 -0.10830044E-07
    3    5   -0.48419193E-08  0.46455972E-08
    4    5   -0.29263504E+01 -0.77518333E-09
    5    5    0.21101056E+00 -0.85054581E-10

    0    0    0
    1    1   -0.15085312E+02 -0.13973002E-16
    2    1   -0.21536991E+01 -0.66436682E-11
    3    1   -0.21537001E+01  0.32807784E-12
    4    1    0.29069070E-07  0.42626199E-08
    5    1   -0.99613207E-08  0.27695455E-08
    1    2   -0.21536991E+01  0.66436682E-11
    2    2   -0.15085312E+02 -0.12451221E-15
    3    2   -0.21537001E+01  0.40227544E-11
    4    2    0.27334574E-07  0.10583396E-07
    5    2   -0.60395859E-08 -0.66095458E-08
    1    3   -0.21537001E+01 -0.32807784E-12
    2    3   -0.21537001E+01 -0.40227544E-11
    3    3   -0.15085313E+02  0.35638646E-16
    4    3    0.24769723E-07  0.96577802E-08
    5    3   -0.77694238E-08  0.27508375E-08
    1    4    0.29069070E-07 -0.42626199E-08
    2    4    0.27334574E-07 -0.10583396E-07
    3    4    0.24769723E-07 -0.96577802E-08
    4    4   -0.38697616E+01 -0.13877321E-16
    5    4   -0.29263504E+01  0.93922846E-09
    1    5   -0.99613207E-08 -0.27695455E-08
    2    5   -0.60395859E-08  0.66095458E-08
    3    5   -0.77694238E-08 -0.27508375E-08
    4    5   -0.29263504E+01 -0.93922846E-09
    5    5   -0.38697616E+01  0.16391412E-16

    0    1    0
    1    1   -0.11725207E+00  0.94110830E-12
    2    1    0.81430780E-01 -0.27486902E-11
    3    1   -0.55584925E+00 -0.46511406E-12
    4    1    0.56672462E-09 -0.57720436E-09
    5    1   -0.94179966E-08  0.11496784E-08
    1    2   -0.55584912E+00  0.47098991E-11
    2    2    0.57418872E+00 -0.40847881E-12
    3    2   -0.21537000E+01 -0.10949991E-11
    4    2    0.56410031E-08 -0.71356401E-08
    5    2   -0.86824518E-08  0.10830044E-07
    1    3    0.81430425E-01  0.98500375E-12
    2    3   -0.14657329E+00  0.26386809E-11
    3    3    0.57418831E+00 -0.54689586E-12
    4    3   -0.39734319E-09  0.17004409E-08
    5    3   -0.48419193E-08 -0.46455972E-08
    1    4    0.61656833E-09  0.19616152E-08
    2    4    0.88726075E-10 -0.22222802E-08
    3    4    0.50776906E-08  0.11616663E-08
    4    4    0.21101056E+00  0.64096013E-10
    5    4   -0.29263504E+01  0.77518333E-09
    1    5    0.45889901E-09 -0.39349842E-09
    2    5   -0.26436742E-10  0.91763732E-09
    3    5   -0.86152685E-09 -0.20715206E-09
    4    5    0.15148067E-01  0.20090199E-09
    5    5    0.21101056E+00  0.85054526E-10

    0    2    0
    1    1   -0.70823721E-02 -0.14233059E-12
    2    1    0.75894764E-02 -0.17053303E-11
    3    1   -0.22752597E-01 -0.31532277E-11
    4    1    0.45798709E-10  0.11322863E-09
    5    1    0.26024372E-09  0.69528912E-10
    1    2   -0.22752562E-01  0.16018575E-11
    2    2    0.52447508E-01  0.15861756E-11
    3    2   -0.14657339E+00 -0.10695472E-11
    4    2    0.30311020E-09 -0.78921099E-09
    5    2   -0.10963489E-08  0.19472265E-08
    1    3    0.75894532E-02  0.73088757E-12
    2    3   -0.20461090E-01  0.13402057E-11
    3    3    0.52447478E-01 -0.14222512E-11
    4    3    0.47508606E-10  0.16705488E-09
    5    3    0.84061690E-10 -0.17713136E-10
    1    4   -0.10011422E-09 -0.31141599E-10
    2    4    0.65890989E-10 -0.22019670E-09
    3    4    0.49742386E-09 -0.16145822E-10
    4    4   -0.46582374E-02 -0.98646036E-10
    5    4    0.15148067E-01 -0.57187782E-10
    1    5   -0.62165788E-10 -0.10824353E-10
    2    5   -0.96740392E-10  0.91925590E-10
    3    5    0.82107030E-10 -0.20965257E-09
    4    5   -0.12308750E-02  0.46084248E-11
    5    5   -0.46582372E-02 -0.99339627E-10

    0    3    0
    1    1   -0.90572196E-03 -0.44747539E-12
    2    1    0.67127946E-03 -0.91160413E-12
    3    1   -0.24757060E-02 -0.87077567E-12
    4    1   -0.82508680E-10  0.11720470E-10
    5    1    0.18586214E-11 -0.55302080E-10
    1    2   -0.24757001E-02  0.41740222E-12
    2    2    0.98386707E-02  0.17841284E-12
    3    2   -0.20460969E-01 -0.56797622E-12
    4    2    0.14675254E-10 -0.12070976E-09
    5    2   -0.12719031E-10  0.22183824E-09
    1    3    0.67127382E-03  0.38018937E-12
    2    3   -0.70789577E-02  0.38463741E-12
    3    3    0.98386632E-02  0.30278557E-12
    4    3   -0.96759934E-13  0.62232451E-10
    5    3   -0.81586052E-10 -0.10972518E-09
    1    4    0.99088572E-11 -0.12875841E-10
    2    4    0.48138057E-10 -0.33750654E-10
    3    4   -0.85967324E-11  0.41530703E-10
    4    4   -0.24563380E-02  0.14000892E-09
    5    4   -0.12308746E-02 -0.91883889E-10
    1    5    0.55084826E-10  0.34366151E-10
    2    5   -0.41889795E-10 -0.45417082E-10
    3    5   -0.98106330E-11  0.26798698E-10
    4    5    0.41055729E-02  0.83069836E-11
    5    5   -0.24563379E-02  0.12851223E-09

    1   -4    0
    1    1    0.89677370E-04  0.55519478E-12
    2    1    0.67128899E-03 -0.26013219E-12
    3    1    0.67134710E-03 -0.92927099E-12
    4    1    0.29164468E-10 -0.20659554E-10
    5    1    0.27352508E-10  0.38165344E-10
    1    2   -0.93159413E-04  0.61518152E-12
    2    2   -0.81364741E-04  0.14011015E-12
    3    2    0.18474473E-03 -0.43022997E-12
    4    2   -0.19113031E-10  0.62372075E-11
    5    2    0.51560567E-10  0.52777544E-10
    1    3   -0.93152648E-04  0.42355008E-12
    2    3    0.18472343E-03 -0.64917516E-12
    3    3   -0.81390679E-04 -0.67058858E-12
    4    3   -0.24913042E-10 -0.47561906E-10
    5    3    0.46264098E-10 -0.59220855E-11
    1    4    0.48073813E-11 -0.33669251E-10
    2    4    0.36450627E-10  0.49130641E-10
    3    4    0.17386776E-10 -0.73683576E-11
    4    4    0.12011314E-02  0.68687202E-10
    5    4    0.97044065E-03 -0.14707565E-09
    1    5   -0.10141721E-10  0.34060964E-10
    2    5   -0.74179957E-10 -0.17039450E-10
    3    5   -0.15619357E-11  0.19094538E-10
    4    5   -0.77885447E-03 -0.23016922E-09
    5    5    0.12011314E-02  0.85742666E-10

    1   -3    0
    1    1    0.32814001E-03  0.12460033E-11
    2    1    0.75895133E-02 -0.64401262E-12
    3    1   -0.24757462E-02 -0.13891249E-11
    4    1    0.18704900E-11  0.43734818E-10
    5    1   -0.77218309E-11  0.74382133E-11
    1    2    0.42631006E-03  0.21948832E-11
    2    2   -0.15184300E-02  0.52213789E-12
    3    2    0.18472075E-03  0.42132964E-13
    4    2    0.27338761E-10  0.39693436E-10
    5    2   -0.14819421E-10 -0.31462087E-10
    1    3   -0.14871569E-02  0.18501867E-12
    2    3    0.22989509E-02 -0.10493967E-11
    3    3    0.68781601E-03 -0.18043345E-11
    4    3    0.24566765E-10 -0.19980012E-10
    5    3    0.30694946E-10  0.67882850E-10
    1    4   -0.13834502E-10  0.23630582E-10
    2    4    0.90384258E-10  0.15676968E-10
    3    4    0.63838647E-11 -0.74923456E-10
    4    4    0.17680116E-02  0.34010017E-10
    5    4    0.97031817E-03  0.67112385E-10
    1    5    0.54479560E-11 -0.88776771E-10
    2    5    0.29450788E-11  0.65632236E-10
    3    5    0.84359145E-10 -0.41011035E-10
    4    5   -0.15575278E-01  0.37922893E-09
    5    5    0.17680116E-02  0.66448791E-11

    1   -2    0
    1    1    0.76323907E-02 -0.34230951E-12
    2    1    0.81430341E-01 -0.80602192E-13
    3    1   -0.22752579E-01 -0.26241093E-11
    4    1   -0.31642574E-09 -0.54173342E-09
    5    1   -0.53410583E-10 -0.20237908E-10
    1    2    0.22989841E-02  0.24781011E-11
    2    2   -0.16111253E-01  0.97385988E-12
    3    2    0.22989625E-02 -0.68990647E-12
    4    2    0.26282281E-09 -0.94355093E-10
    5    2   -0.14250586E-09  0.28537784E-10
    1    3   -0.22752545E-01  0.45019544E-13
    2    3    0.81430381E-01  0.27233077E-11
    3    3    0.76323871E-02 -0.61650685E-12
    4    3   -0.20280956E-09 -0.41827369E-09
    5    3   -0.17325303E-09  0.61545788E-10
    1    4    0.26006266E-09  0.15420913E-09
    2    4   -0.11712197E-09  0.89989964E-09
    3    4    0.23640070E-10 -0.70623649E-11
    4    4    0.43311169E-01 -0.61206600E-09
    5    4   -0.13889023E-01  0.12542350E-09
    1    5   -0.51905822E-09 -0.14570038E-09
    2    5    0.25293023E-09 -0.11098911E-09
    3    5    0.14408082E-09  0.17634439E-09
    4    5    0.15148115E-01  0.55645599E-10
    5    5    0.43311169E-01 -0.55595708E-09

    1   -1    0
    1    1    0.57418850E+00 -0.34251148E-11
    2    1   -0.21537003E+01 -0.35253987E-11
    3    1   -0.55584952E+00 -0.86056232E-11
    4    1   -0.13147649E-08  0.10129829E-08
    5    1    0.17441876E-08  0.16164914E-08
    1    2   -0.14657329E+00  0.27153453E-11
    2    2    0.57418850E+00  0.52073311E-11
    3    2    0.81430739E-01 -0.79665441E-12
    4    2    0.15880157E-08  0.16779318E-08
    5    2   -0.98293020E-09 -0.11089488E-08
    1    3    0.81430739E-01  0.32218186E-11
    2    3   -0.55584952E+00  0.61892852E-12
    3    3   -0.11725227E+00 -0.17852967E-11
    4    3   -0.22179633E-09 -0.17232109E-09
    5    3    0.63993937E-09  0.12047599E-08
    1    4    0.11083258E-08 -0.46101284E-09
    2    4    0.41471308E-08  0.43619272E-08
    3    4    0.26745562E-09 -0.10788551E-08
    4    4    0.21101054E+00 -0.10177360E-09
    5    4   -0.23455046E+00  0.10682230E-08
    1    5   -0.11029521E-08 -0.32118757E-10
    2    5    0.45059969E-09 -0.15914180E-08
    3    5    0.16482494E-08 -0.76873843E-09
    4    5   -0.23455046E+00 -0.10938074E-08
    5    5    0.21101054E+00  0.26367822E-09

    1    0    0
    1    1    0.57418872E+00  0.54725668E-12
    2    1   -0.55584912E+00  0.76297302E-12
    3    1   -0.21537000E+01 -0.31385658E-11
    4    1    0.28046330E-09  0.26515000E-08
    5    1   -0.13957210E-08 -0.22215659E-09
    1    2    0.81430781E-01  0.60798588E-12
    2    2   -0.11725207E+00  0.81906704E-12
    3    2   -0.55584925E+00  0.14064652E-11
    4    2    0.14110213E-08 -0.20054124E-09
    5    2   -0.77888857E-08 -0.60909835E-08
    1    3   -0.14657329E+00  0.41455728E-12
    2    3    0.81430425E-01 -0.20031199E-12
    3    3    0.57418831E+00 -0.13359036E-11
    4    3   -0.10332517E-09  0.20924354E-09
    5    3   -0.42725954E-08 -0.30682939E-08
    1    4    0.11764103E-08  0.11099105E-08
    2    4    0.92215203E-11 -0.21040152E-09
    3    4    0.29594043E-08 -0.70453106E-09
    4    4    0.21101057E+00 -0.55732023E-10
    5    4   -0.29263504E+01  0.64607879E-09
    1    5   -0.72000034E-09 -0.31825471E-09
    2    5    0.65744416E-09 -0.69179424E-10
    3    5    0.60972862E-09  0.12102884E-08
    4    5    0.15148065E-01  0.20125382E-09
    5    5    0.21101057E+00  0.30371545E-09

    1    1    0
    1    1    0.76323906E-02 -0.17519319E-12
    2    1   -0.22752618E-01  0.47155335E-12
    3    1    0.81430548E-01 -0.43938325E-11
    4    1   -0.37697433E-09  0.19637572E-09
    5    1    0.13898703E-08  0.15386426E-10
    1    2   -0.22752618E-01 -0.14733492E-11
    2    2    0.76323905E-02 -0.24091840E-13
    3    2    0.81430548E-01 -0.13289370E-12
    4    2   -0.14239527E-10 -0.23774978E-09
    5    2    0.33425046E-10  0.21299583E-08
    1    3    0.22989668E-02  0.94725616E-12
    2    3    0.22989668E-02  0.56511740E-12
    3    3   -0.16111239E-01  0.16719959E-12
    4    3    0.21365922E-09  0.32734930E-09
    5    3   -0.19767078E-09 -0.56565455E-09
    1    4    0.27842681E-09  0.26421601E-10
    2    4   -0.17417882E-09 -0.45374698E-09
    3    4   -0.13474076E-09 -0.23180052E-09
    4    4    0.43311171E-01 -0.70146081E-09
    5    4   -0.23455044E+00  0.90531752E-09
    1    5   -0.31779667E-10 -0.33672940E-10
    2    5    0.77637346E-10  0.61272051E-10
    3    5    0.19396246E-09 -0.58841540E-10
    4    5   -0.15575280E-01  0.28942602E-09
    5    5    0.43311171E-01 -0.57994808E-09

    1    2    0
    1    1    0.32813876E-03  0.92093000E-12
    2    1   -0.24757502E-02 -0.30665748E-12
    3    1    0.75895248E-02 -0.20921875E-11
    4    1    0.52044250E-10 -0.65527928E-12
    5    1   -0.12975395E-09 -0.12031456E-09
    1    2   -0.14871586E-02 -0.62167632E-12
    2    2    0.68781741E-03 -0.45291548E-12
    3    2    0.22989540E-02 -0.11412121E-11
    4    2   -0.26681701E-10 -0.10413808E-09
    5    2   -0.42291792E-10  0.33556757E-09
    1    3    0.42630848E-03  0.14030170E-11
    2    3    0.18472142E-03  0.38716026E-12
    3    3   -0.15184291E-02 -0.49504845E-12
    4    3   -0.34291168E-10  0.29851310E-10
    5    3   -0.14499795E-09 -0.32166316E-09
    1    4    0.41128076E-10  0.91438623E-10
    2    4   -0.23781833E-10  0.60451409E-11
    3    4   -0.14104437E-09  0.25533680E-09
    4    4    0.17680122E-02  0.35760110E-10
    5    4   -0.13889022E-01  0.30144789E-09
    1    5   -0.20061407E-10 -0.34854226E-10
    2    5    0.27674352E-10 -0.37552995E-10
    3    5   -0.37505465E-10 -0.46532071E-10
    4    5   -0.77885436E-03 -0.78999651E-10
    5    5    0.17680122E-02  0.86886782E-11

    1    3    0
    1    1    0.89677370E-04  0.55466742E-12
    2    1    0.67134598E-03 -0.26017383E-12
    3    1    0.67129011E-03 -0.92929873E-12
    4    1    0.29164526E-10 -0.20659433E-10
    5    1    0.27352490E-10  0.38165277E-10
    1    2   -0.93152003E-04  0.61514682E-12
    2    2   -0.81390877E-04  0.13959667E-12
    3    2    0.18472478E-03 -0.43040171E-12
    4    2   -0.19113056E-10  0.62371263E-11
    5    2    0.51560307E-10  0.52777484E-10
    1    3   -0.93160057E-04  0.42335579E-12
    2    3    0.18474338E-03 -0.64982741E-12
    3    3   -0.81364543E-04 -0.67100492E-12
    4    3   -0.24913005E-10 -0.47561838E-10
    5    3    0.46263905E-10 -0.59222901E-11
    1    4    0.48073836E-11 -0.33669200E-10
    2    4    0.36450461E-10  0.49130360E-10
    3    4    0.17386877E-10 -0.73683694E-11
    4    4    0.12011314E-02  0.68687028E-10
    5    4    0.97031699E-03 -0.14707551E-09
    1    5   -0.10141670E-10  0.34060959E-10
    2    5   -0.74179962E-10 -0.17039373E-10
    3    5   -0.15619699E-11  0.19094601E-10
    4    5   -0.77884713E-03 -0.23017005E-09
    5    5    0.12011314E-02  0.85742503E-10

    2   -4    0
    1    1   -0.38449977E-04  0.11415868E-11
    2    1    0.42630290E-03 -0.16345258E-12
    3    1   -0.93165601E-04 -0.10832030E-11
    4    1    0.15009179E-10  0.23240300E-10
    5    1   -0.58535704E-10 -0.29044239E-10
    1    2    0.99667656E-04  0.10179357E-11
    2    2   -0.30897049E-03  0.57553962E-12
    3    2    0.99666423E-04 -0.17767732E-12
    4    2   -0.37638306E-10  0.35051804E-10
    5    2    0.11721609E-10 -0.48091909E-11
    1    3   -0.93168921E-04  0.26754987E-12
    2    3    0.42630270E-03 -0.15112356E-11
    3    3   -0.38449803E-04 -0.16607826E-11
    4    3    0.25944511E-10  0.49568744E-10
    5    3    0.19761255E-11  0.21685649E-10
    1    4   -0.53589078E-11 -0.45593671E-10
    2    4    0.27736440E-10 -0.23333371E-11
    3    4    0.47242589E-11  0.18088575E-10
    4    4    0.54068217E-03  0.29776782E-09
    5    4   -0.32715848E-02 -0.16556272E-09
    1    5    0.47066252E-10  0.67565057E-11
    2    5   -0.25037959E-10  0.22022450E-10
    3    5    0.28864187E-10 -0.48959588E-10
    4    5   -0.77885247E-03 -0.10027354E-09
    5    5    0.54068221E-03  0.27250048E-09

    2   -3    0
    1    1    0.68781051E-03  0.71354034E-12
    2    1    0.22989584E-02  0.13418433E-12
    3    1   -0.14871568E-02 -0.99516229E-12
    4    1   -0.67433807E-10 -0.91877253E-10
    5    1    0.52196863E-10  0.14641291E-10
    1    2    0.18473160E-03  0.17367774E-11
    2    2   -0.15184414E-02  0.19593493E-11
    3    2    0.42630900E-03  0.37997383E-13
    4    2    0.34983705E-10  0.88176260E-11
    5    2    0.34953932E-10 -0.56144655E-10
    1    3   -0.24756946E-02 -0.15177651E-11
    2    3    0.75895658E-02  0.55896954E-12
    3    3    0.32811928E-03 -0.26864344E-11
    4    3    0.13592096E-10 -0.42480856E-10
    5    3   -0.37778183E-11 -0.51809696E-10
    1    4   -0.68193003E-10  0.33811018E-10
    2    4   -0.67433914E-10 -0.12638745E-09
    3    4   -0.92284488E-10  0.45925553E-10
    4    4    0.17680059E-02 -0.10921404E-09
    5    4    0.31209490E-02 -0.23181596E-09
    1    5   -0.12682727E-10 -0.47320738E-10
    2    5    0.91794876E-10  0.83951619E-10
    3    5   -0.54506539E-11  0.30882434E-10
    4    5   -0.12307638E-02  0.19976788E-09
    5    5    0.17680058E-02 -0.14966333E-09

    2   -2    0
    1    1    0.52447802E-01 -0.15923863E-11
    2    1   -0.14657333E+00 -0.69357366E-12
    3    1   -0.22752563E-01 -0.29044475E-11
    4    1   -0.25656328E-09  0.30086346E-09
    5    1    0.12055889E-09  0.23785335E-10
    1    2   -0.20461016E-01  0.15281561E-11
    2    2    0.52447802E-01  0.31425938E-11
    3    2    0.75895279E-02 -0.16434076E-12
    4    2    0.95349648E-10  0.14555317E-09
    5    2   -0.20627769E-09  0.94272734E-10
    1    3    0.75895279E-02  0.50209836E-13
    2    3   -0.22752564E-01  0.15930798E-11
    3    3   -0.70820621E-02 -0.15268368E-11
    4    3    0.13213961E-09 -0.18848415E-09
    5    3   -0.91548866E-10  0.18344723E-09
    1    4    0.53887819E-10 -0.65530631E-10
    2    4    0.12626439E-09  0.98045292E-10
    3    4    0.85259671E-10  0.28942428E-10
    4    4   -0.46581601E-02  0.15704890E-10
    5    4   -0.13888960E-01  0.30261345E-09
    1    5   -0.70065215E-10  0.13542891E-09
    2    5   -0.19955136E-10 -0.14219134E-09
    3    5   -0.16897770E-10 -0.45222625E-10
    4    5   -0.13888959E-01 -0.33490344E-09
    5    5   -0.46581602E-02  0.12190089E-11

    2   -1    0
    1    1   -0.16111253E-01  0.38583026E-12
    2    1    0.81430341E-01 -0.12904955E-11
    3    1    0.81430381E-01 -0.43672149E-11
    4    1   -0.65532303E-09 -0.20872239E-09
    5    1    0.11169604E-08  0.33856076E-09
    1    2    0.22989842E-02  0.64667716E-12
    2    2    0.76323907E-02  0.10918488E-11
    3    2   -0.22752545E-01 -0.20466753E-11
    4    2    0.15373732E-09  0.77535641E-10
    5    2   -0.29064232E-09 -0.71835449E-09
    1    3    0.22989625E-02  0.86895768E-12
    2    3   -0.22752580E-01  0.19051705E-11
    3    3    0.76323872E-02 -0.14643564E-11
    4    3   -0.12624394E-09 -0.19756788E-09
    5    3    0.32593917E-09  0.36696173E-09
    1    4    0.77638581E-10 -0.55817290E-10
    2    4   -0.23321991E-09  0.60385443E-10
    3    4   -0.64794080E-09  0.60442431E-10
    4    4    0.43311168E-01  0.54027081E-09
    5    4    0.15148114E-01 -0.24584974E-09
    1    5   -0.51431908E-11  0.11705698E-10
    2    5   -0.60648375E-10  0.20894727E-09
    3    5    0.40084691E-10  0.15028293E-09
    4    5   -0.13889022E-01 -0.14273815E-09
    5    5    0.43311168E-01  0.76912581E-09

    2    0    0
    1    1    0.52447508E-01  0.17354451E-11
    2    1   -0.22752562E-01  0.10939027E-11
    3    1   -0.14657339E+00  0.65880634E-12
    4    1    0.56309554E-10  0.37960329E-09
    5    1    0.48690373E-10 -0.72237857E-09
    1    2    0.75894764E-02  0.24646951E-13
    2    2   -0.70823722E-02 -0.53151927E-12
    3    2   -0.22752597E-01 -0.26718489E-11
    4    2    0.42620576E-11 -0.79475108E-10
    5    2   -0.83279692E-11  0.50329089E-09
    1    3   -0.20461090E-01 -0.43354209E-12
    2    3    0.75894532E-02  0.15638879E-12
    3    3    0.52447478E-01 -0.11786683E-11
    4    3    0.19316535E-09  0.81609186E-10
    5    3    0.44797345E-10  0.11457649E-09
    1    4    0.11527182E-09  0.37185072E-10
    2    4   -0.60312762E-10 -0.81591176E-10
    3    4    0.27462747E-09 -0.29554208E-09
    4    4   -0.46582361E-02 -0.77965703E-10
    5    4    0.15148064E-01 -0.18792154E-09
    1    5   -0.82930860E-10 -0.41389585E-10
    2    5   -0.65811003E-10  0.54682067E-10
    3    5    0.46442233E-10  0.28483876E-10
    4    5   -0.12308754E-02  0.37629483E-10
    5    5   -0.46582361E-02 -0.10424572E-09

    2    1    0
    1    1    0.68781743E-03  0.18017809E-11
    2    1   -0.14871586E-02  0.22776225E-12
    3    1    0.22989540E-02  0.48883120E-12
    4    1   -0.10543016E-09  0.36530403E-10
    5    1    0.19177431E-09 -0.26741778E-09
    1    2   -0.24757502E-02 -0.59584282E-13
    2    2    0.32813875E-03 -0.16967816E-11
    3    2    0.75895248E-02 -0.16183027E-11
    4    2    0.30049564E-10 -0.42757952E-10
    5    2   -0.77336745E-10 -0.54794521E-10
    1    3    0.18472141E-03  0.11568667E-11
    2    3    0.42630848E-03 -0.23561241E-12
    3    3   -0.15184291E-02 -0.94757535E-13
    4    3    0.31415799E-10 -0.66381973E-10
    5    3   -0.29540076E-09 -0.14155139E-09
    1    4   -0.29278495E-10  0.27850493E-10
    2    4    0.19062345E-10 -0.24400259E-10
    3    4   -0.98066251E-10 -0.53096185E-10
    4    4    0.17680122E-02  0.19562275E-10
    5    4   -0.13889022E-01  0.24675656E-09
    1    5    0.51905142E-10 -0.31605222E-10
    2    5    0.11509291E-10  0.47899776E-11
    3    5   -0.69563745E-10  0.12689365E-09
    4    5   -0.77885419E-03 -0.37777930E-10
    5    5    0.17680122E-02  0.30194746E-10

    2    2    0
    1    1   -0.38450655E-04  0.12215090E-11
    2    1   -0.93165099E-04 -0.82753249E-12
    3    1    0.42630165E-03 -0.33539186E-12
    4    1    0.12014948E-10  0.17668848E-10
    5    1    0.38507956E-10  0.24560281E-10
    1    2   -0.93165100E-04  0.55426497E-12
    2    2   -0.38450655E-04 -0.93280939E-12
    3    2    0.42630165E-03 -0.93102902E-12
    4    2    0.83951667E-11 -0.19167525E-10
    5    2   -0.17247780E-10  0.96289737E-10
    1    3    0.99666486E-04  0.13299223E-11
    2    3    0.99666487E-04 -0.20435043E-12
    3    3   -0.30896882E-03 -0.28423097E-12
    4    3   -0.51119409E-11 -0.54877565E-10
    5    3    0.33026147E-10  0.10066792E-09
    1    4   -0.10605002E-10  0.23882697E-10
    2    4   -0.33571447E-10  0.13802860E-10
    3    4    0.87181045E-10 -0.51031593E-10
    4    4    0.54068242E-03  0.66957728E-10
    5    4    0.31209492E-02 -0.13580569E-09
    1    5   -0.83437403E-11  0.26342525E-10
    2    5    0.12754786E-10 -0.99130472E-11
    3    5   -0.29113945E-10 -0.96813482E-11
    4    5    0.47159028E-03 -0.12719464E-09
    5    5    0.54068232E-03  0.54146507E-10

    3   -4    0
    1    1   -0.81377044E-04  0.66122108E-12
    2    1    0.18473312E-03  0.53686222E-12
    3    1   -0.93156092E-04 -0.84800222E-12
    4    1   -0.16206621E-10 -0.46353328E-10
    5    1   -0.14138009E-10 -0.21082057E-11
    1    2    0.18473208E-03 -0.23635260E-12
    2    2   -0.81376377E-04  0.74942830E-12
    3    2   -0.93157840E-04 -0.28636815E-12
    4    2   -0.20312152E-10  0.72392110E-11
    5    2    0.28692840E-10 -0.17516041E-10
    1    3    0.67131102E-03 -0.19088897E-13
    2    3    0.67131056E-03 -0.34558467E-12
    3    3    0.89681819E-04 -0.13754553E-11
    4    3   -0.47263882E-10 -0.30289584E-10
    5    3   -0.44036320E-10 -0.39715242E-10
    1    4   -0.41697344E-10  0.26694401E-10
    2    4    0.32252176E-10  0.16465391E-10
    3    4    0.10913480E-10  0.31265726E-10
    4    4    0.12011340E-02 -0.27743786E-10
    5    4   -0.32715845E-02 -0.91709251E-10
    1    5    0.31337155E-10 -0.95885814E-11
    2    5   -0.49125314E-10  0.13666663E-10
    3    5   -0.61487220E-11  0.44380525E-10
    4    5    0.41055566E-02  0.53774152E-10
    5    5    0.12011340E-02 -0.73585124E-10

    3   -3    0
    1    1    0.98389306E-02 -0.49205434E-12
    2    1   -0.20460891E-01  0.55278329E-12
    3    1   -0.24756545E-02 -0.80808277E-12
    4    1   -0.50678985E-10  0.59858696E-10
    5    1    0.69126312E-10  0.63205682E-10
    1    2   -0.70789754E-02 -0.57689891E-13
    2    2    0.98389307E-02  0.15121380E-11
    3    2    0.67129916E-03  0.24325680E-12
    4    2    0.73568861E-10  0.47250358E-10
    5    2   -0.39843244E-10 -0.18602810E-10
    1    3    0.67129917E-03 -0.53600180E-12
    2    3   -0.24756545E-02  0.52759186E-12
    3    3   -0.90546213E-03 -0.10736350E-11
    4    3   -0.17300506E-10  0.46400228E-10
    5    3    0.69669130E-10  0.18937760E-10
    1    4   -0.62197014E-11  0.61743058E-11
    2    4    0.48923026E-10  0.15952823E-11
    3    4    0.16672019E-12 -0.14942792E-10
    4    4   -0.24562716E-02 -0.17707409E-09
    5    4    0.97036739E-03  0.21922643E-09
    1    5   -0.50153842E-11 -0.21561219E-10
    2    5    0.20814633E-10 -0.11776019E-10
    3    5    0.60275872E-10 -0.73592413E-10
    4    5    0.97036723E-03  0.66240652E-10
    5    5   -0.24562716E-02 -0.18464785E-09

    3   -2    0
    1    1   -0.15184414E-02 -0.11057821E-11
    2    1    0.22989585E-02  0.10292600E-11
    3    1    0.75895659E-02 -0.26000382E-11
    4    1   -0.14607355E-10 -0.62866194E-10
    5    1    0.95274901E-10 -0.81123869E-10
    1    2    0.18473161E-03 -0.54531379E-12
    2    2    0.68781051E-03  0.10930146E-11
    3    2   -0.24756947E-02  0.11445705E-12
    4    2    0.25527214E-10 -0.26034044E-10
    5    2   -0.78874831E-10 -0.88773630E-10
    1    3    0.42630900E-03  0.10543094E-11
    2    3   -0.14871569E-02  0.11138174E-11
    3    3    0.32811929E-03  0.20122792E-13
    4    3   -0.78675325E-10 -0.28618898E-10
    5    3   -0.56515199E-10  0.27685648E-11
    1    4    0.48236171E-10 -0.14107376E-10
    2    4   -0.10466257E-10  0.87041501E-10
    3    4   -0.63353657E-11  0.15667893E-10
    4    4    0.17680053E-02  0.14546156E-10
    5    4   -0.12307636E-02  0.79414496E-10
    1    5   -0.37025416E-10  0.78453750E-11
    2    5   -0.41915028E-10 -0.55693436E-10
    3    5    0.24462726E-10  0.32894447E-10
    4    5    0.31209495E-02  0.11660603E-09
    5    5    0.17680052E-02  0.19380095E-10

    3   -1    0
    1    1   -0.15184301E-02  0.66535666E-12
    2    1    0.75895133E-02  0.97209740E-12
    3    1    0.22989509E-02 -0.14273999E-11
    4    1    0.58659895E-10 -0.35030463E-10
    5    1   -0.15486771E-10  0.14280759E-09
    1    2    0.42631007E-03 -0.36448622E-12
    2    2    0.32814002E-03 -0.15543122E-14
    3    2   -0.14871570E-02 -0.16241869E-11
    4    2    0.14181724E-10  0.83334152E-10
    5    2   -0.10160931E-10  0.73470954E-11
    1    3    0.18472075E-03  0.63682393E-12
    2    3   -0.24757462E-02  0.77826634E-12
    3    3    0.68781602E-03 -0.66513461E-12
    4    3   -0.20551161E-10  0.35912715E-10
    5    3    0.13731898E-09  0.81635823E-10
    1    4    0.13514537E-10  0.10825039E-10
    2    4    0.77221232E-10 -0.89293420E-10
    3    4   -0.98254042E-10 -0.64049262E-10
    4    4    0.17680110E-02 -0.96301453E-10
    5    4   -0.15575277E-01 -0.24902674E-09
    1    5   -0.10045194E-10 -0.27719227E-10
    2    5   -0.42934885E-10  0.36213936E-10
    3    5    0.16063295E-09 -0.35803374E-10
    4    5    0.97031821E-03  0.71878600E-10
    5    5    0.17680110E-02 -0.10646260E-09

    3    0    0
    1    1    0.98386707E-02  0.98815400E-12
    2    1   -0.24757001E-02  0.48247517E-12
    3    1   -0.20460969E-01  0.74053264E-12
    4    1   -0.20224849E-10  0.44018304E-10
    5    1   -0.13211572E-10 -0.43187344E-10
    1    2    0.67127947E-03  0.35091374E-12
    2    2   -0.90572197E-03 -0.34020009E-12
    3    2   -0.24757060E-02 -0.14520052E-11
    4    2   -0.16011534E-10  0.65965523E-11
    5    2   -0.32688864E-10 -0.94692069E-10
    1    3   -0.70789577E-02  0.23263173E-12
    2    3    0.67127382E-03 -0.19379864E-12
    3    3    0.98386633E-02 -0.64140360E-12
    4    3   -0.95062525E-11  0.44901156E-10
    5    3   -0.65341214E-10 -0.12845794E-09
    1    4    0.26819540E-10  0.37225418E-10
    2    4    0.24592641E-10  0.20206121E-10
    3    4   -0.47498239E-10  0.32687541E-10
    4    4   -0.24563378E-02 -0.87316772E-10
    5    4   -0.12308749E-02  0.14761831E-09
    1    5    0.88482782E-11  0.11842387E-11
    2    5    0.11870444E-10 -0.45779098E-10
    3    5    0.13332615E-10  0.59311231E-10
    4    5    0.41055729E-02  0.50557367E-10
    5    5   -0.24563378E-02 -0.36357074E-10

    3    1    0
    1    1   -0.81390875E-04  0.56023242E-12
    2    1   -0.93152001E-04 -0.55130900E-12
    3    1    0.18472477E-03 -0.78638908E-13
    4    1   -0.33570076E-11  0.20103414E-10
    5    1    0.47025274E-10 -0.18731054E-10
    1    2    0.67134599E-03  0.23384072E-12
    2    2    0.89677372E-04 -0.39487857E-12
    3    2    0.67129011E-03 -0.66005134E-12
    4    2    0.26559188E-10  0.54539507E-10
    5    2    0.30654948E-10 -0.65847051E-11
    1    3    0.18474337E-03  0.73319129E-12
    2    3   -0.93160059E-04  0.44832194E-12
    3    3   -0.81364538E-04 -0.17531809E-12
    4    3   -0.77135943E-10 -0.50863740E-10
    5    3    0.52635870E-10  0.44660617E-10
    1    4   -0.35670365E-10  0.18062468E-10
    2    4   -0.14306743E-10  0.49992727E-11
    3    4    0.17427191E-10 -0.89776287E-10
    4    4    0.12011311E-02 -0.63973823E-10
    5    4    0.97031713E-03  0.19807236E-10
    1    5   -0.67172858E-11  0.18121285E-10
    2    5   -0.12455623E-11  0.28313296E-10
    3    5   -0.57154749E-11  0.14729681E-10
    4    5   -0.77884665E-03 -0.18027857E-10
    5    5    0.12011311E-02 -0.60830348E-10

    4   -3    0
    1    1   -0.81376382E-04 -0.66022188E-12
    2    1    0.18473312E-03  0.23651914E-12
    3    1    0.67131057E-03  0.19324820E-13
    4    1   -0.41697355E-10 -0.26694415E-10
    5    1    0.31337159E-10  0.95885839E-11
    1    2    0.18473207E-03 -0.53670957E-12
    2    2   -0.81377039E-04 -0.74870665E-12
    3    2    0.67131101E-03  0.34577896E-12
    4    2    0.32252172E-10 -0.16465386E-10
    5    2   -0.49125299E-10 -0.13666675E-10
    1    3   -0.93157838E-04  0.84807161E-12
    2    3   -0.93156094E-04  0.28646530E-12
    3    3    0.89681819E-04  0.13763157E-11
    4    3    0.10913485E-10 -0.31265726E-10
    5    3   -0.61487283E-11 -0.44380524E-10
    1    4   -0.16206630E-10  0.46353319E-10
    2    4   -0.20312154E-10 -0.72392300E-11
    3    4   -0.47263887E-10  0.30289583E-10
    4    4    0.12011340E-02  0.27743967E-10
    5    4    0.41055566E-02 -0.53773735E-10
    1    5   -0.14138014E-10  0.21082007E-11
    2    5    0.28692850E-10  0.17516061E-10
    3    5   -0.44036317E-10  0.39715245E-10
    4    5   -0.32715845E-02  0.91709307E-10
    5    5    0.12011340E-02  0.73585298E-10

    4   -2    0
    1    1   -0.30897050E-03 -0.98304698E-12
    2    1    0.42630291E-03  0.15869250E-12
    3    1    0.42630270E-03 -0.97102881E-12
    4    1    0.20293944E-10  0.61453705E-10
    5    1    0.35425131E-11 -0.24331825E-10
    1    2    0.99667656E-04  0.77438056E-14
    2    2   -0.38449975E-04 -0.25429658E-12
    3    2   -0.93168923E-04  0.15221158E-12
    4    2    0.11141364E-10 -0.14058010E-10
    5    2   -0.18930638E-10  0.38016336E-10
    1    3    0.99666422E-04  0.12691376E-11
    2    3   -0.93165604E-04  0.79661278E-12
    3    3   -0.38449802E-04  0.12286838E-11
    4    3    0.22691095E-10 -0.23021694E-10
    5    3    0.83012245E-11  0.43256214E-10
    1    4    0.29773423E-10 -0.22666193E-10
    2    4    0.10476590E-10  0.18493029E-10
    3    4    0.29060801E-10 -0.98573351E-11
    4    4    0.54068176E-03 -0.66106426E-11
    5    4   -0.77885216E-03 -0.28640174E-10
    1    5   -0.19260519E-10  0.35725562E-10
    2    5   -0.38188052E-10  0.27518294E-10
    3    5    0.14781277E-11 -0.34707246E-10
    4    5   -0.32715843E-02 -0.10906241E-09
    5    5    0.54068178E-03 -0.25422164E-11

    4   -1    0
    1    1   -0.81364740E-04 -0.55994098E-12
    2    1    0.67128900E-03 -0.23438196E-12
    3    1    0.18472343E-03 -0.73344109E-12
    4    1   -0.35670513E-10 -0.18062362E-10
    5    1   -0.67171488E-11 -0.18121218E-10
    1    2   -0.93159410E-04  0.55143390E-12
    2    2    0.89677372E-04  0.39532266E-12
    3    2   -0.93152650E-04 -0.44801662E-12
    4    2   -0.14306659E-10 -0.49993237E-11
    5    2   -0.12456267E-11 -0.28313352E-10
    1    3    0.18474472E-03  0.78576471E-13
    2    3    0.67134710E-03  0.65962980E-12
    3    3   -0.81390674E-04  0.17616464E-12
    4    3    0.17426976E-10  0.89776296E-10
    5    3   -0.57154117E-11 -0.14729625E-10
    1    4   -0.33569568E-11 -0.20103447E-10
    2    4    0.26559111E-10 -0.54539627E-10
    3    4   -0.77135975E-10  0.50863797E-10
    4    4    0.12011311E-02  0.63973986E-10
    5    4   -0.77885398E-03  0.18027968E-10
    1    5    0.47025514E-10  0.18731111E-10
    2    5    0.30655307E-10  0.65852463E-11
    3    5    0.52636133E-10 -0.44660859E-10
    4    5    0.97044079E-03 -0.19807527E-10
    5    5    0.12011311E-02  0.60830518E-10

   -4    1    0
    1    1    0.77220621E-10  0.68457176E-13  0.14078640E-09  0.12215567E-11  0.52999723E-11  0.44454706E-11
    2    1   -0.52903392E-04 -0.81550244E-12  0.27448338E-04 -0.13699374E-11  0.99537696E-12 -0.37873963E-11
    3    1   -0.25473349E-04  0.12308612E-11 -0.52538269E-04 -0.87305272E-12 -0.63505476E-11 -0.71053038E-12
    4    1    0.32677010E-10  0.28218758E-10 -0.52536410E-10  0.61504295E-10  0.17319489E-03  0.49015158E-11
    5    1   -0.62266684E-11 -0.18497398E-11  0.61231858E-10 -0.29144729E-10 -0.52450337E-03  0.34377658E-10
    1    2   -0.21669354E-03 -0.92872547E-12  0.26814057E-03  0.53729547E-12 -0.17161318E-12 -0.22392818E-12
    2    2   -0.93793825E-10 -0.23246805E-12 -0.16398732E-09 -0.12356167E-12 -0.62623160E-11 -0.22421543E-11
    3    2    0.29940031E-03  0.12847277E-11  0.21439338E-04  0.15799144E-12  0.47362502E-11  0.37678908E-11
    4    2    0.35850528E-10  0.70659218E-10  0.51378618E-10  0.97816214E-10 -0.39704247E-03  0.28282605E-10
    5    2   -0.33329904E-10 -0.29618474E-10 -0.36917632E-10 -0.77607943E-10  0.42640656E-03 -0.65732669E-10
    1    3    0.25353057E-04  0.67255061E-12 -0.52220785E-04 -0.23504037E-11 -0.40217348E-11 -0.23712010E-11
    2    3    0.32787909E-04 -0.17105891E-12 -0.26246049E-04  0.10406098E-11 -0.24514987E-11  0.49549461E-11
    3    3    0.35045766E-10 -0.13429258E-11  0.76127559E-10 -0.95693852E-12  0.64120268E-11 -0.29860603E-11
    4    3    0.12425356E-10  0.33320165E-10  0.15112755E-10 -0.29725464E-11  0.17319464E-03 -0.30030837E-10
    5    3    0.63940964E-10  0.38581345E-10  0.10526044E-11  0.20227748E-10  0.40295911E-04  0.28703911E-10
    1    4    0.31627855E-10 -0.37890271E-10 -0.82538579E-12  0.12368315E-10  0.40294767E-04  0.32754486E-10
    2    4   -0.67091036E-11  0.14869324E-11  0.18172559E-10  0.12605294E-10 -0.15347602E-03 -0.10964999E-10
    3    4    0.17495314E-10 -0.64448219E-10 -0.84341478E-11  0.47094314E-10  0.40296180E-04 -0.37250041E-10
    4    4    0.30658997E-03 -0.86557161E-11  0.53102757E-03 -0.44423282E-11  0.85573325E-10 -0.37768487E-10
    5    4    0.14968019E-03  0.72127682E-11 -0.63660457E-03  0.10760101E-09 -0.20880282E-09 -0.63056554E-11
    1    5   -0.12177956E-10 -0.22327266E-11  0.22077166E-11 -0.41472586E-11 -0.12616540E-03  0.30184309E-10
    2    5    0.11332891E-11  0.23023860E-10 -0.20467921E-10 -0.17980996E-10 -0.23289203E-04 -0.26851132E-10
    3    5    0.70136447E-10 -0.37041263E-10 -0.49143573E-10  0.37827338E-10  0.17319479E-03 -0.54526723E-12
    4    5   -0.41581944E-03  0.55314330E-10  0.31156188E-03 -0.95808361E-11  0.11788790E-09  0.93309598E-10
    5    5   -0.30659000E-03  0.12250726E-10 -0.53102761E-03  0.27478232E-10 -0.52890484E-10  0.15266882E-09

   -4    2    0
    1    1   -0.22658500E-08 -0.10826192E-12  0.39773961E-08  0.67478922E-12 -0.67486699E-11  0.68691891E-11
    2    1   -0.31618081E-04 -0.16669095E-11 -0.88715364E-06 -0.85164432E-12  0.98968848E-11 -0.51914504E-11
    3    1    0.17544658E-04  0.17922986E-11  0.21304068E-04 -0.40234211E-12 -0.11782919E-11 -0.54760862E-12
    4    1   -0.10710169E-10 -0.23231278E-10  0.60359250E-10 -0.11871104E-10  0.59069754E-05  0.15266707E-10
    5    1   -0.32288074E-10 -0.10592919E-10 -0.52479484E-10 -0.67959630E-10  0.18770858E-03 -0.18228629E-10
    1    2   -0.10674382E-04 -0.15133538E-11  0.11533531E-03  0.26297351E-12  0.55804619E-11 -0.68562815E-11
    2    2   -0.26234661E-09 -0.78774063E-12  0.23969317E-09 -0.63222037E-12 -0.45352887E-11 -0.32591831E-11
    3    2    0.25907547E-04  0.17149719E-11 -0.44631551E-04 -0.15382620E-11 -0.45320027E-12  0.44526083E-11
    4    2   -0.60790204E-10 -0.55207294E-10 -0.87735682E-10 -0.33727669E-10 -0.23289308E-04  0.11354085E-10
    5    2    0.43520385E-10 -0.26108367E-10  0.75148766E-10  0.48621123E-10 -0.15347610E-03  0.16348706E-12
    1    3   -0.50052414E-04  0.29140789E-12  0.27845196E-04 -0.25278293E-11 -0.23986581E-11 -0.39275128E-11
    2    3    0.25849082E-04 -0.44682995E-12 -0.29262737E-04  0.29236831E-11 -0.36729310E-11  0.49277741E-11
    3    3   -0.10726768E-09 -0.16786694E-11  0.33917546E-09 -0.74289099E-12  0.58760466E-11 -0.96410162E-12
    4    3   -0.29757927E-10  0.42338529E-10  0.27092542E-10 -0.40071596E-10 -0.23289436E-04 -0.38861224E-10
    5    3   -0.41787960E-11 -0.40554348E-10 -0.48865162E-10  0.11639172E-11  0.18770861E-03  0.23960174E-10
    1    4    0.19825582E-10  0.29705741E-10 -0.20710378E-10 -0.32073297E-10 -0.39608718E-03 -0.37230047E-10
    2    4   -0.95489723E-11 -0.66948957E-11  0.19395778E-10  0.13020485E-10  0.18770933E-03  0.31002982E-10
    3    4   -0.73304422E-10  0.66178530E-10  0.30140815E-10 -0.30723839E-10  0.18770915E-03 -0.86712222E-11
    4    4    0.68522214E-04 -0.29438571E-10 -0.11868422E-03 -0.13357425E-10 -0.20067512E-09 -0.21579711E-09
    5    4    0.41253607E-03  0.23185981E-10  0.56741257E-03 -0.37284830E-10  0.14532240E-09 -0.17477812E-10
    1    5    0.17960686E-12 -0.14898338E-11  0.18613551E-10  0.87574297E-11 -0.12616542E-03  0.62389024E-11
    2    5    0.12806872E-10 -0.49879918E-10 -0.21618731E-10 -0.20801504E-10  0.17319485E-03  0.23394249E-10
    3    5   -0.17465246E-10  0.31020842E-10  0.19409504E-11  0.32537592E-11 -0.23289225E-04 -0.26443572E-10
    4    5   -0.14261442E-03  0.68291698E-10  0.42495580E-03  0.12986309E-10 -0.88813459E-10  0.97495966E-10
    5    5   -0.68522228E-04 -0.76053799E-11  0.11868424E-03 -0.12885540E-10  0.53954014E-10  0.20835758E-10

   -4    3    0
    1    1   -0.67200722E-10 -0.40007364E-12  0.13100247E-10 -0.55361098E-13 -0.11683293E-10  0.62806613E-11
    2    1    0.23359733E-04 -0.97911657E-12 -0.31800651E-06 -0.30960935E-13  0.13101468E-10 -0.47468989E-11
    3    1    0.10014941E-04  0.21731535E-11  0.53694952E-04  0.56598717E-12  0.66426122E-12  0.37661810E-12
    4    1    0.68435630E-10  0.27175976E-10 -0.60769433E-10  0.35463380E-10  0.17319486E-03  0.10039283E-10
    5    1    0.31870022E-10  0.19223233E-10  0.30696629E-10  0.29626098E-10  0.18770850E-03 -0.11116236E-10
    1    2    0.23359804E-04 -0.29345076E-12  0.31816424E-06  0.42064160E-12  0.87279365E-11 -0.51551388E-12
    2    2   -0.67106304E-10 -0.21565868E-12 -0.13601835E-10 -0.67860095E-12 -0.70103317E-11 -0.25491168E-11
    3    2    0.10015027E-04 -0.21154712E-12 -0.53694849E-04 -0.25510364E-11 -0.72545667E-12 -0.12574415E-11
    4    2    0.30876918E-10  0.10311992E-09 -0.19043979E-10  0.78837417E-10  0.17319492E-03  0.23973030E-10
    5    2    0.28722727E-10  0.45921375E-10  0.36545680E-10 -0.31946495E-10  0.18770882E-03 -0.11019140E-10
    1    3   -0.10206617E-03 -0.29402701E-12  0.24669728E-03  0.90253488E-13  0.20080068E-11 -0.70229715E-12
    2    3   -0.10206613E-03 -0.11470490E-11 -0.24669730E-03 -0.42311369E-12 -0.69493549E-11  0.30502706E-11
    3    3    0.67399869E-10 -0.95678066E-12  0.34954678E-14 -0.10640534E-12  0.11264488E-11 -0.33706043E-12
    4    3   -0.70031161E-10 -0.28601671E-10  0.15813599E-11 -0.93799769E-11 -0.39704269E-03 -0.30086845E-10
    5    3    0.53187623E-10 -0.23994646E-10 -0.84826980E-12  0.24880326E-11 -0.15347587E-03  0.46921650E-10
    1    4    0.75661274E-11  0.32234248E-11 -0.54464251E-10  0.44797663E-10  0.40295437E-04  0.23227475E-10
    2    4   -0.12688551E-10  0.11990999E-10 -0.20974822E-10 -0.20976282E-10  0.40295467E-04 -0.33086606E-10
    3    4    0.13916939E-10 -0.51621631E-10  0.64171036E-11 -0.85571285E-11 -0.15347598E-03 -0.28022183E-11
    4    4   -0.61317846E-03 -0.30175534E-10  0.25525810E-11  0.93341394E-12  0.14327027E-09  0.11990797E-10
    5    4   -0.10433443E-02  0.66848815E-10 -0.30958412E-09 -0.27344258E-10 -0.16308188E-09  0.10338051E-09
    1    5   -0.20618330E-10  0.77325815E-11  0.57186923E-10  0.97598883E-11  0.18053197E-03 -0.17680997E-10
    2    5    0.31619688E-11  0.11205384E-10  0.39688010E-10  0.61986914E-10  0.18053188E-03  0.19011575E-10
    3    5    0.29120314E-10 -0.59520186E-11 -0.21369231E-10  0.34409506E-11 -0.39704274E-03  0.12196675E-10
    4    5    0.66551565E-03  0.17991822E-10 -0.98095540E-10  0.58994589E-10  0.10473368E-09 -0.91174951E-10
    5    5    0.61317840E-03 -0.58337415E-10 -0.75882304E-11  0.16691041E-11  0.15451355E-09  0.15154801E-09

   -3   -1    0
    1    1    0.77219062E-10 -0.68407736E-13  0.14078302E-09 -0.12215246E-11  0.52999827E-11 -0.44454684E-11
    2    1    0.32201947E-03 -0.71805598E-12 -0.12443357E-03  0.62328932E-12 -0.17164662E-12  0.22394441E-12
    3    1   -0.98185419E-04  0.63046191E-12 -0.65288288E-04 -0.10342150E-12 -0.40217373E-11  0.23711807E-11
    4    1   -0.13929226E-10 -0.23016798E-10  0.39645554E-10  0.43129215E-10  0.40296142E-04 -0.32754475E-10
    5    1    0.30660741E-11 -0.63781984E-11 -0.16836639E-10 -0.15645060E-11 -0.12616594E-03 -0.30184334E-10
    1    2    0.51605450E-04  0.49520501E-13 -0.12050469E-06 -0.72404517E-12  0.99541497E-12  0.37874005E-11
    2    2   -0.93798521E-10  0.23248350E-12 -0.16398505E-09  0.12353850E-12 -0.62623121E-11  0.22421545E-11
    3    2   -0.14563877E-04 -0.89743457E-12  0.55962672E-04 -0.31631546E-12 -0.24514940E-11 -0.49549289E-11
    4    2    0.52013997E-10 -0.32038441E-10  0.84741972E-10 -0.42598273E-10 -0.15347602E-03  0.10964984E-10
    5    2   -0.42579706E-10  0.40626967E-10 -0.72708158E-10  0.92441349E-11 -0.23288950E-04  0.26851151E-10
    1    3   -0.20320814E-04  0.49516988E-12 -0.89627787E-04  0.43459707E-12 -0.63505498E-11  0.71054375E-12
    2    3   -0.16857122E-03 -0.56992058E-12  0.19206218E-03 -0.38613152E-11  0.47362276E-11 -0.37678877E-11
    3    3    0.35048089E-10  0.13430086E-11  0.76131820E-10  0.95693679E-12  0.64120256E-11  0.29860629E-11
    4    3   -0.12948808E-10 -0.81934666E-10  0.14633073E-10 -0.12380913E-10  0.40294806E-04  0.37250029E-10
    5    3   -0.91315161E-10 -0.61405952E-10  0.63665793E-12 -0.10327783E-10  0.17319494E-03  0.54528490E-12
    1    4   -0.33802613E-10  0.35743839E-11  0.33612331E-10  0.17262842E-10  0.17319473E-03 -0.49015191E-11
    2    4    0.39175948E-11 -0.20186055E-10  0.10565951E-10 -0.16550063E-10 -0.39704247E-03 -0.28282577E-10
    3    4    0.31002679E-11  0.16205033E-10 -0.54158201E-11 -0.17257068E-10  0.17319480E-03  0.30030853E-10
    4    4    0.30658856E-03  0.86557064E-11  0.53102838E-03  0.44423243E-11  0.85573359E-10  0.37768488E-10
    5    4    0.34393508E-03  0.21732176E-10 -0.40809818E-03 -0.54713637E-10  0.11788788E-09 -0.93309571E-10
    1    5    0.17073034E-10  0.24523514E-11 -0.27703714E-10 -0.20225126E-10 -0.52450397E-03 -0.34377617E-10
    2    5    0.44473115E-11  0.29062036E-10 -0.86072124E-11 -0.40029076E-11  0.42641558E-03  0.65732651E-10
    3    5   -0.18779193E-10  0.34438565E-11  0.44602371E-10 -0.10519671E-10  0.40294537E-04 -0.28703899E-10
    4    5   -0.20193464E-03 -0.56053552E-10  0.10284900E-02  0.13674912E-10 -0.20880277E-09  0.63056334E-11
    5    5   -0.30658860E-03 -0.12250646E-10 -0.53102842E-03 -0.27478231E-10 -0.52890461E-10 -0.15266880E-09

   -3    0    0
    1    1    0.22778817E-07 -0.42832491E-14  0.95891060E-08 -0.71860920E-14  0.53833216E-11  0.17326261E-11
    2    1   -0.29880165E-03 -0.10252283E-11  0.11544796E-03  0.12123658E-12  0.27357259E-11 -0.25474406E-11
    3    1   -0.15103440E-04  0.12750229E-11 -0.61753376E-05  0.94713517E-13 -0.67287514E-11 -0.36903724E-11
    4    1   -0.34622062E-11  0.17731311E-10  0.18717340E-10 -0.69685617E-10  0.18053916E-03 -0.13963421E-10
    5    1    0.15076268E-10  0.20069823E-10 -0.56975342E-10  0.53398437E-10  0.18052584E-03  0.49848619E-10
    1    2    0.59197520E-03  0.49578641E-12  0.20375214E-03 -0.39486665E-12 -0.39469683E-12 -0.11611244E-11
    2    2    0.13422861E-07  0.61449618E-13 -0.55316572E-08  0.10654767E-12 -0.52222462E-11 -0.27610446E-12
    3    2   -0.34056242E-03  0.45779148E-12  0.53590665E-04 -0.23555963E-12  0.50770074E-11 -0.32483320E-11
    4    2   -0.14796023E-10  0.29010518E-10 -0.43312243E-10 -0.23775121E-10  0.42641563E-03 -0.35215142E-11
    5    2    0.10247479E-10 -0.18717258E-10  0.36608565E-10  0.31492390E-10 -0.39704262E-03 -0.46685208E-10
    1    3    0.35858677E-02  0.38615091E-12 -0.30267885E-02 -0.19514655E-11 -0.10885451E-10 -0.28378272E-11
    2    3    0.34647194E-03 -0.18854352E-12 -0.12320842E-03 -0.13389250E-11  0.25479238E-11  0.64222258E-11
    3    3    0.25513797E-07  0.14198018E-12  0.96409692E-08  0.24635936E-12  0.15535440E-11  0.24825361E-11
    4    3    0.10470492E-10  0.36518365E-10 -0.16145071E-10  0.19634473E-10 -0.78611694E-03  0.25144762E-10
    5    3    0.56079581E-10  0.49582355E-10  0.11528891E-10  0.32629952E-10  0.18053644E-03 -0.18911026E-10
    1    4    0.53599485E-11  0.13331976E-10  0.80119361E-11  0.27290999E-11 -0.78611653E-03  0.13585813E-10
    2    4   -0.48131447E-10  0.10699009E-10 -0.17783830E-10  0.65978224E-11  0.42641537E-03 -0.48205955E-10
    3    4    0.67269397E-10  0.29613747E-10 -0.76003647E-10 -0.14088153E-10  0.18053893E-03  0.13151137E-10
    4    4   -0.53471120E-03  0.29180249E-10 -0.92617803E-03  0.50541450E-10 -0.10878680E-09  0.76936285E-10
    5    4    0.20708849E-03 -0.18619746E-10  0.52257859E-03  0.78724070E-10 -0.87383057E-10 -0.26522239E-10
    1    5    0.10057634E-10  0.17178680E-11 -0.23497961E-10  0.63166203E-11  0.19828427E-02  0.43521847E-10
    2    5    0.27293284E-10 -0.25789183E-10  0.29055468E-10 -0.14230878E-10 -0.31500118E-03 -0.23369053E-10
    3    5   -0.15534127E-11 -0.53801291E-10  0.21533997E-11  0.70867973E-10 -0.78611493E-03 -0.20126560E-10
    4    5    0.15981443E-02  0.19718147E-10 -0.14336867E-02 -0.80981247E-11  0.12489416E-09 -0.62663207E-10
    5    5    0.53477286E-03  0.37017727E-10  0.92619164E-03  0.64117362E-10  0.10485206E-09  0.48270443E-10

   -3    1    0
    1    1    0.14170654E-08  0.39789222E-12 -0.14447625E-08  0.99643644E-12  0.27656857E-11  0.10489164E-10
    2    1   -0.10616807E-03 -0.11964177E-11  0.12521861E-04 -0.95302069E-12  0.21778752E-11 -0.43143042E-11
    3    1    0.75733839E-04  0.90948722E-12  0.82496362E-04  0.13095850E-12 -0.84646948E-11 -0.57443706E-11
    4    1   -0.30036394E-10 -0.16415606E-10 -0.28482893E-10 -0.24669394E-10 -0.12616494E-03 -0.62305109E-12
    5    1    0.10090644E-10 -0.19344050E-10  0.47507155E-10  0.35385696E-10  0.40294623E-04 -0.86586759E-11
    1    2    0.15074719E-03 -0.79853432E-12  0.12814638E-02  0.76855151E-12  0.84382839E-11  0.15207574E-11
    2    2    0.10440102E-08 -0.56261168E-12 -0.17552629E-08 -0.56629047E-12 -0.36224078E-11  0.16385208E-11
    3    2    0.11953202E-03  0.25561090E-11 -0.61454046E-03 -0.60881798E-12 -0.28803831E-11  0.80258779E-12
    4    2    0.41456788E-10 -0.91892129E-10  0.10270312E-09 -0.14051161E-10 -0.31500037E-03  0.77653582E-11
    5    2   -0.47834731E-10 -0.27053750E-10 -0.98202386E-10 -0.58372406E-10  0.42641572E-03 -0.92195975E-11
    1    3   -0.20940850E-03 -0.24852241E-12 -0.35592016E-03 -0.21143275E-11 -0.35485977E-11 -0.78931817E-11
    2    3    0.15666265E-03  0.47163902E-12 -0.48671900E-04  0.15332335E-11  0.31635748E-11  0.38676125E-11
    3    3   -0.14719328E-08 -0.10931030E-11  0.22171746E-08 -0.51487200E-12  0.93758223E-11  0.58362540E-12
    4    3    0.40146921E-10  0.71641973E-11  0.14090988E-10  0.21604741E-10  0.16357230E-03  0.36559375E-11
    5    3   -0.98342734E-10 -0.59949302E-10  0.24130776E-10 -0.32427199E-10 -0.52450402E-03  0.72772443E-11
    1    4   -0.16588458E-10 -0.56149983E-10  0.16709498E-10  0.14486958E-10  0.64379110E-03 -0.48816776E-10
    2    4    0.32364656E-11  0.85067096E-11 -0.78673361E-12 -0.21009402E-11  0.10008048E-03  0.19374354E-10
    3    4   -0.17957461E-11  0.56068924E-10  0.15988297E-10 -0.51498512E-10 -0.52450405E-03  0.35525271E-10
    4    4    0.77767064E-04 -0.73168568E-11  0.11320536E-03 -0.10318016E-10  0.11096760E-09  0.12652909E-09
    5    4   -0.78080338E-03  0.11955512E-10 -0.23527412E-03 -0.33864597E-10  0.14553415E-09 -0.68938630E-10
    1    5   -0.23512710E-12  0.80988783E-10 -0.66792911E-11 -0.56523688E-10  0.42616937E-03 -0.15783958E-10
    2    5    0.11907462E-10 -0.26896290E-10 -0.23976175E-10  0.36499257E-10  0.16357308E-03  0.15034527E-10
    3    5   -0.62178402E-10  0.27464756E-10  0.69843727E-10 -0.57532059E-10  0.16357370E-03 -0.57580590E-10
    4    5   -0.69963635E-03  0.49574734E-10  0.30029103E-03 -0.36001308E-10 -0.26533400E-09 -0.34221346E-10
    5    5   -0.77767078E-04  0.96498035E-11 -0.11320536E-03  0.46697299E-11 -0.43320421E-10 -0.30358404E-09

   -3    2    0
    1    1    0.99544187E-09  0.16813504E-12 -0.18050238E-08  0.28130796E-12 -0.96615909E-11  0.86520324E-11
    2    1   -0.10563439E-03 -0.15733590E-11 -0.52387083E-04 -0.54318074E-12  0.96652562E-11 -0.46774835E-11
    3    1    0.32335888E-04  0.48016072E-12  0.13126292E-03  0.40667347E-12 -0.71434585E-12 -0.17165471E-11
    4    1    0.18030126E-10 -0.88917968E-13  0.42444144E-10  0.64146016E-11 -0.12616487E-03 -0.56366695E-12
    5    1    0.16200570E-10  0.40661514E-10 -0.49311453E-10  0.33553245E-10 -0.39608960E-03 -0.50094980E-11
    1    2    0.43793722E-03 -0.87461586E-12  0.35631734E-03  0.12198860E-11  0.10939777E-10 -0.49978453E-11
    2    2   -0.14441959E-08 -0.17265261E-11  0.22984791E-08 -0.90991245E-12 -0.59983453E-11 -0.12726280E-11
    3    2   -0.42328327E-04  0.32342896E-11 -0.27937404E-03 -0.22463079E-11 -0.21953740E-11  0.58078019E-12
    4    2   -0.27414660E-11  0.73561049E-10 -0.18469650E-10  0.21691135E-11  0.16357210E-03 -0.71242272E-11
    5    2    0.37869015E-11  0.38811533E-10 -0.22547177E-10  0.29803415E-10  0.10008005E-03 -0.53767078E-11
    1    3   -0.90241744E-03 -0.15176169E-11  0.20776120E-03  0.10362844E-11  0.16798361E-11 -0.29045247E-11
    2    3    0.38241957E-03  0.11083071E-11 -0.29331394E-03 -0.17218757E-13 -0.31824465E-11  0.68537970E-11
    3    3    0.79544575E-09 -0.11464883E-11 -0.18397010E-08 -0.28319101E-12  0.64806712E-13 -0.79040974E-12
    4    3   -0.87243068E-11 -0.10183557E-09 -0.10008790E-11 -0.17423275E-10 -0.31499964E-03  0.25684880E-10
    5    3   -0.74395615E-11  0.55172680E-10 -0.74173546E-12  0.46844379E-10  0.10007990E-03  0.66512483E-11
    1    4   -0.21778348E-10 -0.21165275E-10  0.53615920E-11  0.15533386E-10  0.64379110E-03 -0.12727698E-10
    2    4   -0.20572462E-10 -0.63386109E-11  0.34597737E-10  0.32566621E-10 -0.52450371E-03 -0.21400229E-10
    3    4    0.39275504E-10  0.11806599E-10 -0.56583165E-10 -0.11941240E-10  0.10008024E-03  0.59013695E-10
    4    4   -0.13692176E-03  0.69891616E-10 -0.10745441E-04  0.17948294E-10  0.77849862E-10  0.96929616E-10
    5    4    0.78155783E-03  0.69542187E-10 -0.10565242E-02 -0.37819199E-10 -0.14138835E-09 -0.11590906E-10
    1    5    0.89653561E-11  0.20085742E-11  0.33191845E-10  0.57413543E-10  0.19828387E-02  0.27204004E-10
    2    5    0.15460088E-10  0.34062833E-11 -0.43882778E-10 -0.61916487E-11 -0.78611828E-03 -0.45059144E-11
    3    5   -0.93218476E-11 -0.21514667E-10 -0.12817867E-10  0.24564532E-10 -0.31500037E-03 -0.32071563E-10
    4    5    0.93250778E-03 -0.14787978E-10 -0.18445427E-02 -0.42802402E-10  0.50985718E-10 -0.90329469E-10
    5    5    0.13692176E-03  0.25654534E-10  0.10745436E-04  0.91177517E-11  0.21327708E-09  0.17314082E-09

   -3    3    0
    1    1    0.44166485E-10 -0.41891794E-13 -0.60217730E-08 -0.30110864E-16 -0.17657856E-10  0.15690239E-11
    2    1   -0.12906029E-04 -0.25150411E-11 -0.99932677E-05 -0.11491476E-11  0.15050194E-10 -0.62615128E-11
    3    1    0.53249190E-04  0.11433080E-11  0.34109498E-03  0.11021156E-11  0.40028150E-11  0.15666128E-12
    4    1   -0.65632777E-10 -0.46803993E-13  0.22121299E-10 -0.61584549E-10  0.18053435E-03  0.31009372E-11
    5    1   -0.17310141E-10 -0.35359143E-10  0.10875362E-10  0.25477402E-10  0.40294950E-04 -0.19644858E-10
    1    2    0.91689563E-03 -0.22249168E-12 -0.44444930E-02  0.66402580E-12  0.15209628E-10  0.51366478E-11
    2    2    0.43621527E-10 -0.98143884E-12  0.60217731E-08 -0.64996471E-16 -0.11767415E-10  0.79358017E-12
    3    2   -0.69910540E-04  0.10995560E-11 -0.47226317E-03 -0.33186727E-11 -0.56891795E-11 -0.17087530E-11
    4    2    0.20313913E-10 -0.56668159E-10  0.53082176E-10 -0.12372525E-10 -0.78612001E-03 -0.25857546E-10
    5    2   -0.35334841E-10 -0.11308027E-09 -0.10130253E-10 -0.57859553E-10 -0.52450374E-03  0.16182198E-10
    1    3   -0.38169067E-03 -0.14854791E-11 -0.35836792E-03  0.19984806E-11 -0.14743764E-11 -0.63412269E-11
    2    3    0.11457375E-03  0.20481354E-12  0.32360242E-03 -0.23314501E-11 -0.17760012E-11  0.15174997E-11
    3    3   -0.12036157E-09 -0.13335158E-12 -0.43368087E-16 -0.95758090E-16  0.54959967E-11 -0.11451969E-11
    4    3    0.94506413E-10  0.99568690E-10 -0.42665564E-10  0.25579281E-10  0.42641156E-03  0.34089644E-10
    5    3   -0.29942681E-10  0.11411755E-10  0.45959049E-10 -0.67255946E-11  0.42641185E-03 -0.23953961E-11
    1    4   -0.18257346E-11 -0.71217427E-11 -0.23475066E-10 -0.80732553E-11 -0.78611995E-03 -0.84539115E-11
    2    4   -0.13292672E-10  0.14367342E-10  0.36597801E-10 -0.63947635E-10  0.18053435E-03 -0.10387385E-10
    3    4    0.13634422E-10 -0.14384625E-10 -0.11387421E-10 -0.35340618E-10  0.42641159E-03  0.12674627E-12
    4    4    0.10694633E-02  0.42327038E-10  0.13704315E-15 -0.19101929E-15 -0.14152339E-09  0.13428579E-09
    5    4    0.77433790E-03 -0.32967248E-10  0.40132980E-03  0.19401986E-10  0.12412285E-09 -0.18763886E-09
    1    5   -0.28066861E-10  0.34108556E-11 -0.65898595E-11 -0.69856933E-10 -0.52450379E-03 -0.20842622E-11
    2    5   -0.40487967E-11  0.23515274E-10 -0.26096769E-10  0.33629603E-10  0.40294994E-04  0.25752465E-10
    3    5    0.17989428E-10 -0.15804449E-10  0.48715382E-10  0.10309291E-10  0.42641182E-03 -0.78162749E-11
    4    5   -0.29629298E-03 -0.43546292E-10  0.60515731E-03  0.74029293E-10 -0.48742464E-10  0.48606994E-10
    5    5   -0.10694634E-02 -0.10661974E-10 -0.10234869E-15 -0.40447311E-16 -0.23106486E-09 -0.12442577E-09

   -3    4    0
    1    1   -0.67200938E-10  0.40014433E-12  0.13100161E-10  0.55386251E-13 -0.11683294E-10 -0.62806601E-11
    2    1    0.10931058E-03 -0.19136650E-11  0.24339574E-04 -0.54583071E-12  0.87279570E-11  0.51551715E-12
    3    1   -0.49418484E-04  0.15998520E-11 -0.31649248E-03  0.82770834E-12  0.20080028E-11  0.70229928E-12
    4    1   -0.21471700E-10 -0.38985315E-10  0.64629072E-10  0.51723630E-10  0.40295369E-04 -0.23227459E-10
    5    1    0.45622712E-10  0.30037053E-10 -0.71888030E-10  0.14793477E-10  0.18053188E-03  0.17681014E-10
    1    2    0.10931058E-03  0.10490057E-11 -0.24339365E-04 -0.44855601E-12  0.13101458E-10  0.47468892E-11
    2    2   -0.67105988E-10  0.21572893E-12 -0.13601973E-10  0.67855932E-12 -0.70103308E-11  0.25491165E-11
    3    2   -0.49418476E-04 -0.14696990E-11  0.31649245E-03 -0.11643734E-11 -0.69493713E-11 -0.30502697E-11
    4    2    0.17960293E-10 -0.51108033E-11  0.26007141E-10 -0.26292332E-10  0.40295534E-04  0.33086627E-10
    5    2   -0.14346296E-10  0.95930351E-10 -0.47175833E-10  0.72104308E-10  0.18053198E-03 -0.19011567E-10
    1    3   -0.30703491E-04 -0.57631859E-12 -0.56083030E-04  0.57376049E-12  0.66427044E-12 -0.37658884E-12
    2    3   -0.30703260E-04 -0.13031720E-11  0.56083129E-04 -0.35304944E-11 -0.72541617E-12  0.12574477E-11
    3    3    0.67399974E-10  0.95689906E-12  0.26428512E-14  0.10640967E-12  0.11264490E-11  0.33706020E-12
    4    3   -0.21333083E-10 -0.84626978E-10 -0.73597744E-11 -0.41819078E-11 -0.15347598E-03  0.28022229E-11
    5    3   -0.78678134E-10 -0.64096465E-10  0.27528542E-10  0.88058060E-11 -0.39704274E-03 -0.12196662E-10
    1    4    0.27578463E-10  0.63900190E-11  0.52450026E-10  0.36417245E-10  0.17319500E-03 -0.10039277E-10
    2    4   -0.28817440E-12 -0.40638657E-10  0.26040553E-10  0.74473340E-10  0.17319477E-03 -0.23973021E-10
    3    4   -0.26567039E-10  0.11102938E-10 -0.60977729E-13 -0.93146211E-11 -0.39704269E-03  0.30086860E-10
    4    4   -0.61317846E-03  0.30175616E-10 -0.22052672E-13 -0.93341264E-12  0.14327026E-09 -0.11990802E-10
    5    4   -0.35206828E-03 -0.22358081E-10 -0.12476038E-09  0.72905668E-10  0.10473364E-09  0.91174931E-10
    1    5    0.44237633E-11 -0.10868828E-10 -0.32640649E-10  0.32257625E-10  0.18770871E-03  0.11116228E-10
    2    5    0.22070785E-10 -0.72998212E-11 -0.36159939E-10 -0.37178660E-10  0.18770860E-03  0.11019139E-10
    3    5    0.16029248E-10  0.13404089E-10  0.10291869E-11  0.60396089E-11 -0.15347587E-03 -0.46921639E-10
    4    5    0.11758308E-03 -0.77066007E-11  0.15546010E-10 -0.46484901E-10 -0.16308197E-09 -0.10338051E-09
    5    5    0.61317840E-03  0.58337626E-10 -0.50146961E-11 -0.16690989E-11  0.15451356E-09 -0.15154800E-09

   -2   -2    0
    1    1    0.34064989E-09  0.49837500E-12  0.12972511E-09 -0.96409079E-12 -0.25074252E-11 -0.24059683E-11
    2    1    0.51508578E-04 -0.17339805E-11 -0.18174835E-04 -0.85984551E-14  0.49246250E-11  0.26474313E-11
    3    1   -0.16581487E-04  0.10732824E-11 -0.26940962E-04  0.21473893E-12 -0.12304075E-13  0.18505223E-11
    4    1   -0.11708914E-10 -0.19093784E-10 -0.27015460E-10 -0.12984609E-10  0.18770938E-03 -0.13976649E-10
    5    1    0.13492290E-10 -0.15236256E-10 -0.10179753E-10  0.51664011E-10  0.59103867E-05 -0.25772099E-10
    1    2    0.51508575E-04 -0.87668100E-12  0.18174836E-04 -0.11763316E-11  0.60111828E-11  0.54439541E-11
    2    2    0.34028112E-09  0.23684460E-12 -0.13007942E-09 -0.33637746E-12 -0.37397850E-11  0.21273959E-11
    3    2   -0.16581484E-04 -0.12692757E-11  0.26940961E-04  0.97667543E-12 -0.79140526E-11 -0.87197386E-11
    4    2   -0.12544250E-10 -0.55730370E-12 -0.60580793E-10  0.55827487E-10  0.18770944E-03  0.16611077E-10
    5    2    0.34091289E-10  0.36416360E-10  0.81926131E-10  0.28986407E-10  0.59103192E-05  0.12522644E-10
    1    3   -0.42433997E-04  0.65572856E-12 -0.60578521E-04  0.16487587E-11  0.64628747E-12 -0.11651822E-11
    2    3   -0.42433996E-04  0.14110029E-12  0.60578523E-04 -0.31915047E-11  0.48735088E-12 -0.44233624E-11
    3    3    0.45656039E-08  0.89750386E-12 -0.11069973E-11  0.86210422E-12  0.52138697E-11  0.12635405E-11
    4    3   -0.94300954E-10 -0.21664199E-10  0.89460507E-11  0.30348827E-11 -0.39608715E-03  0.16900066E-10
    5    3   -0.29449322E-11 -0.71371942E-10 -0.36047527E-11 -0.30023391E-10  0.59107254E-05 -0.22456308E-10
    1    4   -0.97280994E-11 -0.12682081E-10 -0.23540074E-10 -0.89914670E-11 -0.23289469E-04  0.55721710E-11
    2    4    0.87192697E-11  0.32080531E-10  0.86573137E-11 -0.41686773E-10 -0.23289464E-04  0.37965798E-10
    3    4   -0.47015157E-11 -0.18640747E-10  0.14963401E-11  0.24036739E-10  0.59070497E-05 -0.24098248E-10
    4    4   -0.13704465E-03 -0.58735065E-11 -0.32163822E-10 -0.33056317E-10 -0.15641434E-10  0.42366685E-10
    5    4   -0.98829433E-04 -0.97066866E-11  0.16704335E-09 -0.79517092E-10  0.15737358E-09  0.19956544E-10
    1    5    0.66358284E-11  0.22621586E-10  0.21783675E-10  0.88552534E-11  0.10008035E-03 -0.52976094E-10
    2    5   -0.35263592E-11 -0.15341834E-11  0.95749173E-11  0.28020195E-10  0.10008033E-03 -0.28717334E-11
    3    5   -0.16077040E-10  0.41171306E-10  0.90504709E-11 -0.10081154E-10 -0.39608967E-03  0.46756542E-10
    4    5    0.79086789E-03 -0.39064752E-10 -0.75019001E-10  0.53875126E-11 -0.15379902E-09  0.74654584E-10
    5    5    0.13704466E-03 -0.40238659E-11  0.41801038E-10 -0.39227957E-10 -0.78092502E-11 -0.17896844E-09

   -2   -1    0
    1    1    0.27402397E-08  0.86701262E-13  0.21306659E-09 -0.11334475E-11  0.45660801E-11  0.54655094E-12
    2    1    0.37403630E-03 -0.26682055E-11 -0.29667424E-03  0.81113980E-12 -0.16634733E-11  0.33852545E-11
    3    1    0.11403900E-04  0.88126240E-12  0.20390146E-04  0.77688919E-12 -0.30945964E-11 -0.68461079E-13
    4    1    0.52541942E-10  0.14342287E-10 -0.44118853E-10  0.10889671E-09 -0.52450419E-03 -0.16356878E-10
    5    1   -0.96621082E-11  0.28359922E-10  0.36701121E-10 -0.11899676E-09  0.17319493E-03  0.40655808E-10
    1    2    0.22078225E-03  0.16362857E-11  0.17634582E-03 -0.22117720E-11  0.25028120E-11  0.26866422E-11
    2    2   -0.21056490E-08 -0.30580932E-13 -0.21059682E-09 -0.14024537E-12 -0.68551951E-11 -0.55353169E-12
    3    2   -0.10521943E-03 -0.82849709E-12 -0.48424054E-04  0.67398017E-12 -0.41427368E-12 -0.42009858E-11
    4    2    0.50867143E-11  0.21328706E-10  0.22470488E-10 -0.15645934E-10  0.10008021E-03 -0.18516936E-10
    5    2   -0.25149696E-10 -0.13093913E-10 -0.61317325E-10  0.16216515E-11 -0.23289268E-04 -0.10724565E-10
    1    3   -0.98895713E-04 -0.63727073E-13 -0.52410636E-03 -0.81534822E-12 -0.15488410E-11  0.32323551E-11
    2    3   -0.38453962E-03  0.71722467E-12  0.68021369E-03 -0.20167092E-11  0.72406258E-11 -0.33823497E-11
    3    3   -0.19991328E-08  0.61164268E-12  0.39620730E-09  0.62996136E-12 -0.18498817E-12  0.47980454E-11
    4    3    0.57354357E-11 -0.62843418E-11  0.35439146E-10  0.12077351E-10  0.64379083E-03  0.22513058E-10
    5    3    0.82993781E-10  0.11861662E-09 -0.49597640E-10  0.75760823E-11 -0.12616530E-03 -0.38796859E-10
    1    4    0.91221729E-11  0.17590536E-11  0.83419005E-12 -0.28597749E-11  0.16357233E-03  0.20778160E-10
    2    4    0.59701442E-11 -0.27269468E-10  0.16021680E-10  0.18863082E-10 -0.31499999E-03  0.70663201E-11
    3    4    0.79239370E-11 -0.77312038E-10 -0.11807935E-10  0.33198374E-10 -0.12616493E-03 -0.26252004E-10
    4    4    0.59155101E-04  0.31721594E-11  0.12395059E-03  0.19696586E-10  0.65878135E-10 -0.68399895E-10
    5    4   -0.51817447E-03 -0.73182849E-10  0.23520821E-03  0.36996480E-10 -0.10287381E-09  0.35477912E-10
    1    5    0.11618994E-10 -0.37569086E-10 -0.21461027E-10  0.24921518E-10  0.50521254E-03  0.42672446E-10
    2    5   -0.17297898E-11  0.16414283E-10 -0.17017783E-10  0.65091129E-11 -0.93323007E-03 -0.52515141E-10
    3    5    0.65516982E-10 -0.34789586E-10 -0.20102066E-10 -0.31789818E-11  0.64379187E-03  0.24829890E-10
    4    5   -0.99142076E-03 -0.63300733E-10 -0.86683220E-03  0.23362742E-10  0.27313123E-09  0.88421421E-11
    5    5   -0.59155099E-04  0.76030965E-11 -0.12395060E-03  0.27949183E-10 -0.95628900E-10  0.22645252E-09

   -2    0    0
    1    1    0.42133377E-07 -0.12572365E-12  0.82375586E-08 -0.21787346E-12 -0.82108678E-11  0.49292397E-11
    2    1   -0.82002290E-03 -0.23190578E-11 -0.19057705E-03 -0.87065439E-12  0.68934141E-11 -0.65095462E-11
    3    1    0.43074914E-02  0.82677430E-12 -0.14281901E-02  0.80282016E-12  0.82774941E-11 -0.58608882E-11
    4    1   -0.14567974E-11 -0.10909356E-10  0.16706027E-10 -0.32228478E-10  0.19828466E-02 -0.35363015E-11
    5    1   -0.24464071E-10 -0.15781869E-10 -0.18432961E-10 -0.19559680E-10 -0.78611574E-03  0.95944943E-12
    1    2    0.19140077E-02  0.14336389E-11  0.19324996E-02 -0.11613026E-11  0.33500602E-11  0.14926066E-11
    2    2    0.16389640E-08 -0.13997059E-12  0.72164812E-08 -0.24263271E-12 -0.11022140E-10 -0.47092730E-12
    3    2   -0.10344038E-02  0.86241782E-12 -0.77128220E-03  0.80231104E-12 -0.28134199E-11  0.13652209E-11
    4    2   -0.35396208E-10 -0.67879107E-10 -0.10951689E-09 -0.33194346E-10 -0.93322574E-03  0.45196524E-11
    5    2    0.68535105E-10  0.19354476E-10  0.10995783E-09  0.93348668E-10 -0.31500169E-03  0.23309183E-10
    1    3    0.94794835E-02 -0.63343846E-12 -0.10545161E-01 -0.13075464E-11 -0.11236495E-10 -0.11209632E-10
    2    3    0.13135285E-02  0.12882681E-11  0.30581776E-03 -0.48455275E-12 -0.21685372E-11  0.51148024E-11
    3    3   -0.31552237E-08 -0.17768773E-13  0.40131077E-07 -0.30723687E-13  0.67889930E-11  0.65989359E-11
    4    3   -0.10814470E-09  0.12286619E-10 -0.12282436E-10  0.10314330E-10 -0.27266099E-02 -0.15827292E-10
    5    3    0.40594583E-10 -0.45249208E-10 -0.27460838E-10 -0.44248427E-10  0.19828432E-02 -0.16272626E-10
    1    4   -0.60256717E-11  0.40358953E-10  0.18386259E-10  0.33768762E-10 -0.27266086E-02 -0.33196251E-10
    2    4   -0.12250411E-10  0.12165447E-10 -0.12684285E-10 -0.19078155E-10 -0.93322659E-03  0.65578392E-10
    3    4   -0.55371362E-10  0.33873009E-10  0.28994005E-10 -0.35680658E-10  0.19828456E-02 -0.21830498E-10
    4    4    0.45286492E-03 -0.44314269E-10  0.78438021E-03 -0.76754488E-10 -0.13074810E-09 -0.18178724E-09
    5    4    0.22281334E-02 -0.59456959E-10 -0.62702277E-03 -0.96401310E-11  0.97791120E-10  0.99172764E-10
    1    5    0.11368195E-10 -0.81409700E-11  0.25141421E-10 -0.10257457E-09  0.60893724E-02 -0.23673178E-10
    2    5    0.33521241E-10  0.53062215E-11 -0.14568509E-10  0.85500205E-10  0.92519324E-04  0.16125284E-10
    3    5   -0.31993022E-10  0.27488302E-10  0.43644001E-10 -0.82316258E-10 -0.27266000E-02 -0.10007500E-10
    4    5    0.16457767E-02  0.38235808E-10 -0.10246156E-02  0.36046148E-10 -0.29797399E-09  0.41624700E-10
    5    5   -0.45282453E-03 -0.43334133E-10 -0.78432477E-03 -0.75056411E-10  0.18101529E-09 -0.18648237E-09

   -2    1    0
    1    1   -0.11617584E-07 -0.41575684E-13  0.24042968E-07  0.11924923E-12 -0.41680033E-10  0.11040537E-10
    2    1   -0.59827336E-03 -0.17064418E-11 -0.33105324E-03 -0.13263282E-11  0.80395091E-11 -0.10317174E-10
    3    1    0.50765330E-03  0.17640394E-11  0.53626157E-03  0.60414155E-12  0.87463999E-13  0.15501822E-11
    4    1    0.60992782E-10  0.32520530E-10 -0.51254127E-10  0.13008231E-10  0.42616513E-03 -0.23435179E-10
    5    1   -0.61824830E-11  0.11390933E-11  0.53454780E-10 -0.20608472E-11  0.64379185E-03 -0.23726568E-11
    1    2    0.45399837E-02 -0.26471040E-12  0.56608699E-02  0.27050389E-12  0.17839770E-10  0.25097750E-10
    2    2    0.15907043E-07 -0.12965371E-11 -0.27490165E-07 -0.84643545E-12 -0.45552633E-11 -0.76231278E-11
    3    2   -0.71659819E-03  0.24229684E-11 -0.26238127E-02 -0.40049489E-12 -0.10890266E-10 -0.58440924E-11
    4    2    0.74909376E-10  0.15399921E-09  0.42650111E-10  0.17114686E-09  0.92523158E-04  0.33699911E-10
    5    2   -0.10813349E-10  0.68459383E-10 -0.16627648E-10 -0.13483965E-10 -0.93322963E-03 -0.19930064E-10
    1    3   -0.50024991E-02 -0.16206767E-11 -0.21325958E-02  0.42639649E-12  0.46202770E-10 -0.18144012E-10
    2    3    0.19245254E-02  0.22990895E-11 -0.24839072E-03  0.27935521E-12 -0.14327985E-10  0.23140111E-10
    3    3    0.14130683E-07 -0.92156578E-12 -0.28492034E-07 -0.40955347E-12  0.18754033E-11 -0.73012574E-11
    4    3   -0.47881282E-10 -0.10981700E-09  0.36216678E-10 -0.18097509E-10  0.92523566E-04  0.21474627E-10
    5    3    0.86956956E-10  0.19990862E-10 -0.32203468E-10 -0.33850272E-10  0.50521328E-03  0.15626174E-11
    1    4    0.93406781E-10 -0.24470658E-10 -0.15709836E-10  0.65026747E-10 -0.36517427E-02  0.88588442E-10
    2    4    0.34018942E-10  0.33304669E-10  0.25546427E-10 -0.23530564E-10  0.50520947E-03  0.16570475E-10
    3    4   -0.46595267E-11  0.22755949E-11 -0.23246180E-10  0.10453872E-09  0.50520860E-03 -0.17145686E-10
    4    4    0.20719164E-04 -0.29754547E-10 -0.35886951E-04 -0.17898885E-10  0.36230675E-09  0.11443675E-09
    5    4   -0.21211300E-03  0.10056320E-09  0.79978148E-03  0.22534115E-10 -0.23694936E-09  0.29183027E-09
    1    5   -0.14475165E-09  0.88217395E-10  0.17202695E-10  0.10814424E-10  0.60893774E-02 -0.18242657E-10
    2    5   -0.22170131E-10 -0.73689404E-10  0.92117149E-11  0.17586867E-11 -0.27266061E-02 -0.84841587E-10
    3    5    0.35047200E-10  0.30229580E-11 -0.62808698E-10 -0.15539788E-10  0.92519695E-04  0.69459371E-10
    4    5    0.87505960E-03  0.21570854E-10 -0.11139928E-02  0.27886906E-10  0.32560946E-09 -0.22664147E-09
    5    5   -0.20719151E-04 -0.41218623E-10  0.35886958E-04 -0.23311671E-10 -0.57640725E-10  0.19779781E-09

   -2    2    0
    1    1   -0.18847016E-09  0.24112656E-15 -0.26437454E-07 -0.12514580E-15 -0.29043567E-10  0.46690882E-11
    2    1   -0.50149765E-03 -0.13972172E-11 -0.37040280E-02 -0.70208426E-12  0.25214590E-10 -0.98890507E-11
    3    1    0.59410067E-03  0.84983870E-12  0.89833100E-03  0.13959848E-11  0.10975006E-10  0.48572151E-11
    4    1   -0.20034408E-10  0.13123883E-11  0.24040437E-10 -0.86473659E-11  0.19828420E-02  0.12712474E-10
    5    1   -0.43822795E-10 -0.19066533E-10 -0.15391973E-10 -0.40928384E-10  0.64379246E-03 -0.72081807E-11
    1    2    0.67947749E-02 -0.59659564E-12 -0.95532364E-02  0.12015004E-11  0.15049290E-10  0.11619388E-10
    2    2   -0.18940594E-09 -0.11783274E-11  0.26437454E-07 -0.32994903E-16 -0.19248382E-10  0.58303705E-11
    3    2   -0.11207546E-02  0.32410384E-11 -0.17838604E-02 -0.17316129E-11 -0.82624841E-11 -0.35759379E-11
    4    2   -0.10779254E-09 -0.14959630E-10 -0.43855089E-10 -0.15585324E-10 -0.27266138E-02 -0.41514691E-10
    5    2    0.37348771E-10 -0.61909859E-10  0.36068865E-10 -0.22737398E-10  0.50521392E-03  0.65564704E-11
    1    3   -0.20973830E-02 -0.14486842E-11 -0.22207432E-03  0.20906998E-11 -0.18511848E-10 -0.12831824E-10
    2    3    0.94276815E-03  0.21959410E-11  0.34083578E-03 -0.17558526E-11  0.33736720E-11  0.28560533E-11
    3    3    0.85092173E-10 -0.27688615E-12  0.14051260E-15 -0.96402343E-16  0.92360275E-12 -0.17116869E-11
    4    3    0.11435645E-10  0.54923004E-10  0.39004104E-10  0.37425656E-11 -0.93323090E-03  0.34211796E-10
    5    3    0.38276532E-10  0.68739227E-10 -0.45796868E-10 -0.10381131E-10 -0.93323396E-03 -0.22746591E-10
    1    4   -0.62031201E-10 -0.40674800E-10 -0.53769863E-10 -0.76004278E-10 -0.27266137E-02 -0.95516814E-11
    2    4    0.68377295E-11  0.46346442E-10  0.13173242E-10 -0.41203705E-11  0.19828420E-02  0.77347826E-10
    3    4    0.20724561E-10 -0.42711821E-10  0.81551874E-10  0.24765790E-10 -0.93323093E-03 -0.30335439E-10
    4    4   -0.90570269E-03 -0.25018525E-10 -0.60715322E-17 -0.19353237E-16 -0.40083737E-09 -0.16658867E-09
    5    4   -0.12685955E-02  0.46766513E-11  0.70356483E-03 -0.29846895E-10 -0.14516568E-10 -0.21960744E-09
    1    5    0.49851748E-11 -0.92749277E-11 -0.56244882E-11  0.52664695E-10  0.50521404E-03  0.26037761E-10
    2    5   -0.55600579E-11  0.22748244E-10 -0.32902008E-10 -0.53595059E-10  0.64379239E-03 -0.34931089E-10
    3    5   -0.10278876E-10  0.85505916E-11 -0.60112939E-10 -0.38522792E-10 -0.93323397E-03  0.28638335E-10
    4    5   -0.42097140E-03 -0.25936424E-10  0.13974044E-03  0.30399601E-10  0.13738139E-09  0.29590595E-09
    5    5    0.90570285E-03 -0.14954274E-10 -0.13877788E-16  0.13731675E-16 -0.72283543E-10  0.16634258E-09

   -2    3    0
    1    1   -0.14440503E-08  0.16647577E-12 -0.22988438E-08  0.70078492E-13 -0.13587870E-10  0.30943215E-11
    2    1   -0.58236858E-04 -0.19783141E-11  0.42103333E-05 -0.46771229E-12  0.64667998E-11 -0.42468737E-11
    3    1    0.18449053E-03  0.20555103E-11 -0.37856241E-03  0.10237616E-11  0.37199059E-11  0.33619998E-11
    4    1    0.28613392E-10 -0.30249689E-10 -0.45018333E-10  0.92193555E-11 -0.52450382E-03  0.19115547E-12
    5    1    0.58735943E-10  0.18876332E-10 -0.13724613E-10  0.45827348E-10 -0.78611823E-03 -0.10280366E-10
    1    2    0.71825049E-03 -0.42367173E-12 -0.17150765E-03  0.14528164E-11  0.12035610E-10  0.60895354E-11
    2    2    0.99451294E-09 -0.33222251E-12  0.18049044E-08  0.42423671E-12 -0.95738276E-11  0.10449934E-11
    3    2   -0.57505705E-03  0.28715530E-12  0.61486813E-03 -0.25132004E-11 -0.72875651E-11 -0.73213435E-11
    4    2   -0.56394678E-12 -0.38944075E-12 -0.36745685E-10  0.55103050E-10  0.64379103E-03  0.12501960E-10
    5    2    0.42020507E-10  0.80272525E-10  0.22532397E-10 -0.18093708E-10  0.19828388E-02  0.21672825E-10
    1    3   -0.30157355E-03 -0.10562845E-11 -0.65382903E-04  0.13074493E-11 -0.16749306E-11 -0.50781641E-11
    2    3    0.12462763E-03  0.83095808E-12  0.66150534E-04 -0.30200504E-11 -0.21433351E-11  0.47217293E-11
    3    3    0.79554403E-09 -0.37035479E-13  0.18396387E-08  0.12743799E-12  0.19013008E-11 -0.12114654E-11
    4    3   -0.90412575E-10 -0.39735729E-10  0.32448788E-10  0.11453947E-10  0.10008027E-03 -0.26914727E-10
    5    3    0.10013620E-10 -0.75885838E-10 -0.13954624E-10 -0.18716278E-10 -0.31500036E-03 -0.77669364E-11
    1    4   -0.16979362E-11  0.21676252E-10 -0.37057649E-10  0.21010572E-10  0.16357206E-03  0.25418585E-10
    2    4    0.26253777E-11 -0.28905700E-10 -0.67204898E-11 -0.27264321E-10 -0.12616489E-03 -0.52041739E-11
    3    4   -0.10605952E-10  0.47686184E-10  0.11219680E-10  0.22959600E-10 -0.31499960E-03 -0.99998738E-11
    4    4   -0.13692162E-03 -0.51611363E-10  0.10745402E-04  0.17005971E-10  0.26296747E-09 -0.10580451E-09
    5    4   -0.18603256E-03  0.26501992E-11 -0.19411079E-02 -0.69886837E-10  0.62928686E-10  0.16385748E-09
    1    5    0.32450588E-10 -0.19134750E-10  0.14464914E-10 -0.30702751E-11  0.10008008E-03 -0.48517360E-10
    2    5    0.79248025E-11 -0.91445162E-12  0.78353294E-10  0.60763414E-10 -0.39608952E-03  0.16528558E-10
    3    5   -0.13897277E-11 -0.29862178E-10  0.27025560E-11 -0.45069535E-11  0.10007989E-03  0.75145838E-11
    4    5   -0.14182689E-03  0.47412501E-10 -0.10194538E-02  0.47562092E-10 -0.17994967E-09 -0.16738421E-09
    5    5    0.13692172E-03 -0.96166716E-11 -0.10745431E-04 -0.13029508E-12  0.14626283E-09 -0.18336409E-09

   -2    4    0
    1    1   -0.26227806E-09  0.75352008E-12 -0.24075367E-09 -0.18080069E-12 -0.97362280E-11 -0.42116860E-11
    2    1    0.27217366E-04 -0.16253175E-11  0.45379408E-05 -0.92164639E-13  0.70409750E-11  0.36183415E-12
    3    1   -0.26808804E-05  0.13481182E-11 -0.59540692E-04 -0.14372741E-11  0.22635729E-11  0.42529195E-11
    4    1    0.33819955E-10  0.43777983E-10 -0.32538774E-11  0.37665380E-10  0.18770924E-03  0.21206312E-10
    5    1   -0.27250212E-10  0.17310472E-10  0.21570833E-11 -0.10390083E-09  0.17319501E-03  0.10494495E-10
    1    2    0.12984560E-03  0.43515541E-12  0.37627899E-04  0.70634002E-12  0.84545831E-11  0.70338267E-11
    2    2   -0.22665701E-08  0.46541860E-12 -0.39781576E-08  0.36531944E-13 -0.53815703E-11  0.25707854E-11
    3    2   -0.42240654E-04 -0.17337960E-11  0.98206015E-04  0.11321740E-11 -0.92673838E-11 -0.74896773E-11
    4    2   -0.24074973E-10 -0.12220651E-10 -0.31454616E-10 -0.69782728E-10 -0.39608716E-03  0.99665927E-11
    5    2   -0.81752788E-11 -0.98906671E-11  0.15107056E-11  0.27828374E-10 -0.12616548E-03 -0.43131517E-10
    1    3   -0.44235077E-04  0.32600855E-12 -0.41365922E-04  0.16913564E-11  0.48335821E-12 -0.31495396E-11
    2    3    0.72644250E-05 -0.34891740E-12  0.31479142E-04 -0.40477273E-11  0.42353020E-12  0.11857846E-11
    3    3   -0.10718815E-09  0.40500762E-12 -0.33935196E-09  0.38084726E-12  0.50736573E-11  0.67905984E-12
    4    3    0.10583597E-10  0.10587181E-10  0.38858578E-10  0.35520883E-10  0.18770914E-03  0.74673392E-11
    5    3    0.73635212E-10  0.10607349E-09 -0.42962355E-10 -0.23849141E-10 -0.23289233E-04  0.84304592E-11
    1    4    0.12127627E-10 -0.10129800E-10  0.26795980E-10 -0.44721189E-10 -0.23289300E-04  0.16164703E-10
    2    4   -0.19428031E-10 -0.11116395E-10 -0.39242041E-10 -0.25689936E-10  0.59068460E-05  0.18102784E-10
    3    4    0.10500743E-10 -0.59641685E-12  0.21804751E-10  0.25777302E-10 -0.23289414E-04  0.12168243E-10
    4    4    0.68522265E-04 -0.16642334E-11  0.11868422E-03 -0.59962877E-11 -0.77934268E-12 -0.34162031E-10
    5    4    0.77201143E-04  0.14302076E-10  0.64330571E-03  0.56355848E-10 -0.27637815E-09  0.11992372E-09
    1    5   -0.11093184E-10  0.22820610E-10 -0.20257216E-10  0.49841824E-10 -0.15347603E-03 -0.74693939E-11
    2    5    0.12908169E-10 -0.14515433E-10  0.30024126E-11 -0.52844310E-11  0.18770867E-03 -0.48227065E-10
    3    5   -0.29257159E-10  0.41697281E-11 -0.37445348E-10 -0.41675345E-10  0.18770857E-03  0.22170129E-10
    4    5   -0.13528482E-03 -0.95273374E-12  0.97712355E-03 -0.19449630E-11  0.20561134E-09  0.12162751E-10
    5    5   -0.68522251E-04 -0.48994090E-11 -0.11868421E-03  0.69304718E-11 -0.42979075E-10  0.17931936E-09

   -1   -3    0
    1    1   -0.93561744E-10  0.38255965E-12  0.16301930E-09 -0.30454892E-12 -0.80511433E-11 -0.43732715E-12
    2    1    0.51605453E-04 -0.22046793E-11  0.12050695E-06  0.16755274E-12  0.30917063E-11 -0.39450320E-11
    3    1   -0.14563877E-04  0.88297476E-12 -0.55962669E-04 -0.16551853E-12  0.35085662E-11  0.61850422E-11
    4    1    0.49584951E-11 -0.17022022E-10  0.57625505E-10  0.27645337E-11 -0.15347596E-03 -0.40641867E-10
    5    1   -0.25640806E-10 -0.27678339E-10 -0.12950876E-11  0.15295619E-10 -0.23288969E-04  0.16154612E-13
    1    2    0.32201947E-03  0.13753912E-11  0.12443357E-03  0.93321054E-12  0.53249188E-11  0.53900785E-11
    2    2    0.77177514E-10  0.42598323E-12 -0.14128900E-09 -0.65845750E-12 -0.42784775E-12 -0.70972936E-12
    3    2   -0.98185416E-04 -0.90478828E-12  0.65288287E-04  0.33826684E-12 -0.99855611E-11 -0.11681164E-10
    4    2    0.17226652E-10 -0.83026347E-11  0.16078765E-10 -0.29797665E-10  0.40296132E-04  0.28862559E-10
    5    2   -0.14409733E-10  0.17054540E-10 -0.30556103E-10  0.16019657E-10 -0.12616586E-03 -0.13368852E-10
    1    3   -0.16857122E-03  0.30407442E-12 -0.19206218E-03  0.61905933E-12  0.32372130E-11 -0.46264379E-11
    2    3   -0.20320816E-04 -0.14495051E-12  0.89627787E-04 -0.20454392E-11 -0.35393289E-11  0.72106882E-11
    3    3    0.35112600E-10  0.11264557E-12 -0.76613394E-10  0.30821266E-12  0.73723716E-11  0.11088982E-11
    4    3   -0.13656255E-10 -0.30817016E-10 -0.32753203E-11 -0.16825183E-10  0.40294762E-04  0.17580743E-10
    5    3   -0.82804451E-10 -0.67124514E-10  0.16057126E-10 -0.31536598E-11  0.17319496E-03 -0.89568365E-11
    1    4    0.28898488E-10  0.33664956E-11 -0.13378719E-10 -0.58181503E-11 -0.39704261E-03 -0.54304302E-11
    2    4   -0.20405155E-10  0.70948017E-10 -0.13528962E-10  0.44297844E-10  0.17319466E-03  0.19371991E-11
    3    4    0.39858166E-11  0.30181840E-10  0.12122063E-10  0.57973150E-10  0.17319485E-03 -0.46714068E-11
    4    4    0.30658859E-03  0.30941418E-10 -0.53102841E-03 -0.54961157E-10  0.44754169E-10 -0.55064907E-11
    5    4    0.34393508E-03  0.19411962E-10  0.40809818E-03  0.36556090E-10  0.21991373E-09 -0.88823489E-11
    1    5   -0.29231195E-10  0.61076273E-11 -0.25469073E-11  0.12145492E-10  0.42641567E-03 -0.16030458E-10
    2    5   -0.86058196E-12 -0.41950074E-10 -0.16492135E-10 -0.32123951E-10 -0.52450392E-03  0.18943733E-10
    3    5   -0.20067659E-10 -0.99842728E-12 -0.38289873E-10 -0.78085208E-11  0.40294476E-04  0.93151895E-11
    4    5   -0.20193456E-03 -0.21267360E-10 -0.10284899E-02 -0.23851750E-10 -0.14456626E-09  0.85783533E-10
    5    5   -0.30658858E-03  0.80687458E-11  0.53102840E-03 -0.14104022E-10 -0.13308154E-09 -0.11113432E-09

   -1   -2    0
    1    1   -0.21054466E-08  0.38045760E-12  0.21039976E-09 -0.81397129E-12 -0.20022284E-11 -0.37235655E-11
    2    1    0.22078225E-03 -0.16574292E-11 -0.17634582E-03  0.84012551E-12  0.20344767E-11 -0.84924252E-12
    3    1   -0.10521943E-03  0.18057768E-11  0.48424053E-04  0.64071556E-12  0.18905737E-11  0.18485675E-11
    4    1   -0.23791062E-11  0.49969896E-10 -0.34974477E-10 -0.13089128E-09  0.10008022E-03  0.62196962E-11
    5    1   -0.33348248E-11 -0.17031375E-11  0.81074425E-11  0.10042436E-09 -0.23289263E-04  0.20859256E-10
    1    2    0.37403630E-03  0.25644850E-11  0.29667424E-03 -0.11272164E-11  0.21032324E-11 -0.31751305E-12
    2    2    0.27400349E-08 -0.49841567E-13 -0.21244650E-09  0.16367945E-14 -0.10937720E-11 -0.13945101E-11
    3    2    0.11403900E-04 -0.12981576E-11 -0.20390148E-04  0.24411232E-13 -0.98754533E-11 -0.63632701E-11
    4    2    0.24273926E-11  0.27719292E-10 -0.15896752E-12  0.86864313E-10 -0.52450411E-03 -0.22930701E-10
    5    2    0.69264266E-11 -0.32977361E-10  0.49090799E-10 -0.10068261E-09  0.17319488E-03 -0.14502529E-10
    1    3   -0.38453962E-03  0.12861061E-12 -0.68021369E-03 -0.12203747E-11  0.31671061E-11  0.16072358E-11
    2    3   -0.98895718E-04  0.76374551E-12  0.52410636E-03 -0.30825006E-12 -0.41080042E-11 -0.65624438E-11
    3    3   -0.19983528E-08  0.33403835E-13 -0.39984637E-09  0.10009333E-11  0.20212012E-11  0.19452811E-11
    4    3    0.10911347E-09  0.79856632E-10 -0.48078128E-10  0.34329614E-10  0.64379079E-03 -0.58744265E-11
    5    3    0.29620040E-10 -0.35461456E-11  0.27568650E-10 -0.22369611E-11 -0.12616526E-03 -0.73716187E-11
    1    4   -0.27981323E-10 -0.18800286E-10 -0.95420740E-11 -0.65377112E-11 -0.31500005E-03  0.28118812E-10
    2    4    0.25963775E-10  0.65694055E-11  0.55554481E-11 -0.11685693E-10  0.16357229E-03 -0.11701949E-10
    3    4    0.49600093E-10 -0.22680610E-10  0.20723444E-10  0.51648482E-11 -0.12616488E-03 -0.36444124E-10
    4    4    0.59155117E-04 -0.10067817E-10 -0.12395065E-03  0.35522595E-10 -0.21199734E-09  0.46739703E-10
    5    4   -0.51817433E-03 -0.59008878E-10 -0.23520813E-03  0.14684968E-10 -0.55130008E-10 -0.75584516E-10
    1    5    0.39788780E-10 -0.26807655E-10  0.64247160E-11 -0.88924432E-11 -0.93323009E-03  0.19220109E-10
    2    5   -0.28599132E-10  0.46054706E-11  0.20923204E-12 -0.20361417E-10  0.50521253E-03 -0.12636117E-10
    3    5    0.24715865E-10 -0.56388758E-10  0.16064688E-10 -0.24790800E-10  0.64379183E-03  0.31279448E-10
    4    5   -0.99142066E-03 -0.61053315E-10  0.86683206E-03 -0.43273740E-10  0.39158429E-09  0.25141782E-10
    5    5   -0.59155117E-04 -0.17848190E-10  0.12395067E-03  0.71990356E-10 -0.20747530E-10  0.15565044E-09

   -1   -1    0
    1    1   -0.31717108E-07  0.67781284E-13  0.14235087E-08 -0.13854031E-11  0.15565427E-10  0.78745121E-11
    2    1    0.98450583E-03 -0.51804206E-12 -0.18625396E-02  0.72734479E-12 -0.12753552E-10  0.11091775E-10
    3    1   -0.89614581E-04  0.11956593E-11  0.55742176E-03 -0.51283923E-12 -0.74529415E-12 -0.63290505E-11
    4    1   -0.46439858E-10 -0.42383357E-10  0.26232417E-10 -0.66637086E-11  0.50521004E-03  0.56561700E-12
    5    1   -0.12420235E-10 -0.10296787E-10  0.47961829E-10  0.11299853E-10  0.16357322E-03 -0.87981385E-11
    1    2    0.98450582E-03  0.33963955E-11  0.18625396E-02 -0.13978054E-11 -0.14706662E-10 -0.15145426E-10
    2    2   -0.31717139E-07 -0.15445205E-13 -0.14240866E-08  0.44973360E-12  0.64237713E-11  0.49134606E-11
    3    2   -0.89614583E-04 -0.74851069E-12 -0.55742176E-03  0.13934157E-11 -0.34075867E-11  0.13040521E-11
    4    2    0.26445442E-10 -0.70026879E-10  0.11574238E-09  0.12516764E-10  0.50521001E-03  0.67605426E-12
    5    2   -0.29427472E-10  0.74738843E-11 -0.96128198E-10 -0.71893665E-10  0.16357322E-03  0.30669594E-10
    1    3   -0.47336246E-03  0.23141118E-12 -0.53509969E-02 -0.24079923E-11  0.20134789E-11  0.14512657E-10
    2    3   -0.47336248E-03  0.19587392E-11  0.53509969E-02  0.52238641E-12  0.13830134E-10 -0.39795951E-10
    3    3    0.26531747E-07  0.14505237E-12 -0.36561509E-11  0.13016697E-11  0.15529307E-10  0.20314124E-10
    4    3    0.52026401E-10 -0.52306543E-11 -0.53690770E-10  0.56932690E-11 -0.36517431E-02 -0.87097011E-10
    5    3   -0.13833814E-09 -0.74410028E-10  0.33933156E-10 -0.38850078E-11  0.42616940E-03  0.30528909E-10
    1    4   -0.23459547E-10  0.35940759E-10 -0.87182027E-11  0.40635844E-11  0.92523751E-04 -0.70591515E-10
    2    4   -0.24608251E-10 -0.24154089E-10  0.48230413E-10 -0.85130310E-10  0.92523802E-04 -0.13290458E-10
    3    4   -0.11769386E-10  0.72764469E-10 -0.13128346E-10  0.81557331E-11  0.42616525E-03  0.28401839E-10
    4    4   -0.41438586E-04  0.13676083E-12 -0.45909545E-10 -0.34716174E-10  0.20128091E-09 -0.10438565E-09
    5    4   -0.76877613E-03 -0.29436433E-10 -0.24078385E-10 -0.36332744E-10  0.26684618E-09 -0.18851868E-09
    1    5   -0.12342465E-10 -0.15282914E-10  0.23123194E-10 -0.43900076E-10  0.30698899E-02  0.79993306E-10
    2    5    0.39073877E-10  0.55448621E-10 -0.12535242E-09  0.37379252E-10  0.30698898E-02  0.12265078E-09
    3    5   -0.97716604E-10  0.25019471E-10  0.47507663E-10  0.23550271E-10 -0.36517396E-02 -0.10668154E-09
    4    5    0.73114492E-02  0.16235512E-09 -0.92676712E-11 -0.31485361E-10 -0.44497064E-09  0.24845442E-09
    5    5    0.41438588E-04  0.27639870E-12  0.10410082E-09 -0.46561904E-10 -0.33032173E-09 -0.23772133E-09

   -1    0    0
    1    1   -0.28454767E-07 -0.41897518E-12  0.35494725E-07 -0.72648224E-12 -0.87458684E-10  0.16577469E-10
    2    1   -0.48118215E-02 -0.46741575E-12 -0.40651730E-02 -0.36274718E-12  0.47452779E-10 -0.14991590E-10
    3    1    0.11670726E-01  0.14535486E-11  0.11078219E-02  0.66962893E-12  0.46413153E-10 -0.26094053E-10
    4    1    0.59757530E-11  0.51562331E-10  0.61653094E-10 -0.47521912E-10  0.60893741E-02 -0.31661325E-10
    5    1    0.31700270E-10  0.12140561E-10 -0.83201424E-10  0.10425714E-09 -0.27266026E-02  0.22769587E-10
    1    2    0.52000421E-02  0.57598745E-12  0.19104568E-01  0.36156841E-12 -0.89230901E-10 -0.13659469E-09
    2    2    0.35029941E-08 -0.13401912E-12 -0.33888873E-08 -0.23241966E-12  0.12915640E-10 -0.90706441E-11
    3    2   -0.26324828E-02  0.63240257E-12 -0.67621755E-02  0.50794033E-12  0.41100276E-11 -0.43527613E-12
    4    2    0.95228327E-11  0.12703484E-10 -0.15157694E-09 -0.71909369E-10  0.30698815E-02  0.56534431E-10
    5    2   -0.34473733E-10  0.42691109E-11  0.18567006E-10 -0.43643947E-10  0.92518060E-04 -0.20719807E-10
    1    3   -0.11446614E-01 -0.48427874E-12 -0.79620256E-01 -0.49987038E-12 -0.11486938E-09  0.80783755E-10
    2    3    0.13134201E-01  0.21574263E-11  0.68178836E-02 -0.65912326E-12 -0.11310545E-09  0.13083746E-09
    3    3    0.23527273E-07  0.26458957E-12 -0.53360257E-07  0.45846226E-12 -0.61232163E-10  0.31806292E-10
    4    3   -0.10253287E-09 -0.72381919E-10 -0.79913132E-10  0.12747111E-11 -0.22709813E-01  0.26007686E-10
    5    3    0.32569986E-10  0.73229565E-10  0.19958854E-09  0.63408146E-10  0.60893764E-02  0.22885223E-10
    1    4    0.33650140E-10  0.49070987E-10 -0.14598032E-10  0.15369406E-09 -0.22709767E-01 -0.24794034E-10
    2    4   -0.18609512E-09 -0.42187949E-10 -0.13888747E-09 -0.23763780E-10  0.30698790E-02 -0.12968396E-09
    3    4    0.36387069E-10  0.21094564E-10 -0.79935611E-10  0.99158965E-11  0.60893663E-02  0.52398588E-10
    4    4   -0.11603784E-01  0.47407094E-10 -0.20098348E-01  0.82111460E-10 -0.91052024E-10 -0.64939503E-10
    5    4    0.17192547E-02  0.37261670E-10 -0.57109867E-03  0.26336421E-10 -0.15010129E-09  0.75649528E-10
    1    5   -0.21911616E-10  0.20354368E-09 -0.26503447E-09  0.10461928E-09  0.21935656E+00  0.37393733E-10
    2    5    0.30996788E-09 -0.23804655E-09  0.51293159E-10 -0.93580815E-10 -0.22709802E-01  0.46297381E-10
    3    5   -0.43062076E-10 -0.30107950E-10 -0.13821536E-09  0.32736714E-09 -0.22709771E-01  0.30170815E-10
    4    5    0.15664517E-01 -0.44648496E-10 -0.13203193E-01 -0.37755810E-10  0.43925613E-09 -0.66363237E-09
    5    5    0.11603781E-01  0.28323763E-10  0.20098329E-01  0.49058486E-10  0.18913016E-09  0.51287897E-09

   -1    1    0
    1    1    0.53641902E-08  0.63844850E-12  0.45130420E-07 -0.22489495E-16 -0.10560317E-09  0.22601976E-10
    2    1   -0.46095201E-02 -0.19356489E-11 -0.60000787E-02 -0.10717277E-12  0.84218438E-10 -0.31667275E-10
    3    1    0.58665385E-02  0.31109365E-12  0.37282936E-02  0.89024925E-14  0.11169202E-10  0.21059505E-10
    4    1   -0.14738980E-09 -0.64598967E-10 -0.14014982E-10 -0.90739481E-11  0.60893695E-02 -0.24237394E-10
    5    1    0.30918054E-12 -0.39117049E-10  0.23918410E-10  0.33012026E-10 -0.36517414E-02  0.62525268E-10
    1    2    0.91173541E-01 -0.96471382E-12 -0.58469292E-02  0.94975026E-14 -0.10316234E-09  0.29695452E-09
    2    2    0.53647850E-08  0.61259157E-13 -0.45130421E-07  0.21182850E-15 -0.88035245E-10 -0.98060073E-11
    3    2   -0.13944973E-01  0.25294150E-11 -0.14055702E-01  0.21988986E-12 -0.54597692E-10  0.84071738E-11
    4    2    0.11753811E-09 -0.12669593E-09  0.13319118E-09 -0.62851547E-10 -0.22709794E-01 -0.46735140E-11
    5    2   -0.19037196E-09 -0.17520503E-09 -0.13765469E-09 -0.18017087E-09  0.30698890E-02 -0.28002466E-10
    1    3   -0.15012986E-01 -0.63629538E-12  0.86677954E-02  0.92955353E-12 -0.11161550E-09 -0.12095714E-09
    2    3    0.59254549E-02  0.24001630E-11 -0.15636702E-02 -0.14390032E-11  0.22655505E-10  0.17031831E-10
    3    3   -0.10280379E-07 -0.75092363E-12 -0.60715322E-16 -0.91544770E-16  0.39535425E-10  0.41708391E-11
    4    3    0.40176736E-09  0.26637271E-09 -0.14456030E-09 -0.71181137E-10  0.30698789E-02  0.72942834E-10
    5    3   -0.89638989E-10  0.34545764E-10  0.47661271E-11  0.83901502E-11  0.30698916E-02 -0.49571816E-10
    1    4    0.13520307E-09 -0.16941914E-09 -0.98010677E-10  0.30044866E-10 -0.22709795E-01 -0.46558502E-10
    2    4   -0.20181169E-10  0.10053338E-09  0.43294264E-10 -0.36446970E-10  0.60893695E-02  0.64863302E-10
    3    4    0.12157361E-09 -0.11968377E-09  0.62930735E-10 -0.82212886E-10  0.30698788E-02 -0.10149551E-09
    4    4    0.23207566E-01 -0.18091677E-10  0.21250363E-15  0.12927289E-15 -0.47787272E-09  0.64556291E-10
    5    4    0.30887720E-02 -0.84741618E-10 -0.48956439E-02  0.52163206E-10  0.43045806E-09 -0.41791221E-09
    1    5   -0.22340284E-09  0.13422059E-10  0.14460424E-09  0.37283899E-10  0.30698892E-02  0.10233962E-09
    2    5   -0.15323831E-10  0.63610175E-10  0.17954272E-10 -0.30531164E-10 -0.36517416E-02 -0.61483341E-10
    3    5    0.15376699E-09 -0.59207595E-10 -0.35410622E-12 -0.12937773E-10  0.30698917E-02  0.45837793E-10
    4    5    0.39340631E-03 -0.17955281E-10 -0.22713317E-03  0.11009985E-10  0.29038190E-09  0.33993927E-09
    5    5   -0.23207566E-01  0.56849457E-10  0.94022012E-15  0.28816376E-15 -0.93377424E-09  0.19778933E-10

   -1    2    0
    1    1    0.15908688E-07  0.32704308E-13  0.27489127E-07 -0.15594297E-13 -0.49969659E-12  0.84698396E-11
    2    1   -0.63958597E-03 -0.16283689E-11  0.31667482E-03  0.67751225E-12  0.12677662E-10 -0.57206273E-11
    3    1    0.18548063E-02  0.63866881E-12 -0.96675314E-03 -0.67840048E-13 -0.12573043E-10  0.39174692E-11
    4    1    0.37915982E-10 -0.23563892E-10  0.13246299E-10 -0.79437238E-11  0.50520956E-03  0.46235422E-11
    5    1    0.37670465E-10  0.48159856E-10 -0.25745254E-10  0.25884381E-10 -0.27266061E-02  0.12730282E-10
    1    2    0.61620829E-02 -0.10863776E-11 -0.32164043E-02  0.18684053E-11  0.21081400E-10  0.12449592E-10
    2    2   -0.11615739E-07  0.12063939E-11 -0.24044224E-07 -0.60506667E-12 -0.16382147E-10  0.69258586E-11
    3    2   -0.59264362E-02 -0.15941326E-12  0.21345906E-02 -0.13532025E-11  0.14510470E-10 -0.25918021E-10
    4    2   -0.47036684E-10 -0.43215788E-10 -0.12986162E-10 -0.31364284E-10 -0.36517429E-02 -0.74642542E-10
    5    2   -0.41095337E-11 -0.83154464E-11  0.25654272E-10 -0.73296175E-11  0.60893775E-02  0.41476359E-10
    1    3   -0.19634352E-02 -0.13339287E-11  0.89578569E-03  0.20441193E-11 -0.92117046E-11 -0.75679812E-11
    2    3    0.68373126E-03  0.12045141E-11 -0.24074758E-03 -0.19857234E-11 -0.13340975E-11  0.13685946E-10
    3    3    0.14131964E-07 -0.13909967E-12  0.28491239E-07  0.12451932E-12  0.61888891E-11  0.88206694E-12
    4    3   -0.17539468E-10 -0.21467646E-10  0.21478919E-10  0.17122392E-10  0.50520868E-03 -0.23032887E-10
    5    3   -0.10886566E-09 -0.93916123E-10  0.31440967E-10  0.41560258E-10  0.92519597E-04 -0.22269745E-10
    1    4    0.16840148E-09  0.37128643E-10 -0.93633854E-10 -0.21450127E-10  0.92522971E-04 -0.45865891E-10
    2    4    0.53576018E-11  0.40597670E-11  0.92566053E-11  0.88979562E-10  0.42616535E-03  0.24409122E-10
    3    4   -0.42788195E-10 -0.10084315E-10  0.16239303E-10  0.16831573E-10  0.92523506E-04 -0.18999156E-10
    4    4    0.20719289E-04 -0.80729299E-11  0.35886875E-04  0.42405714E-11  0.15500826E-09 -0.65759044E-10
    5    4    0.19829422E-03 -0.12729711E-10 -0.11562493E-02 -0.13360391E-10  0.29795858E-09  0.20603247E-10
    1    5   -0.16008072E-10 -0.23861945E-10  0.19594940E-10  0.37782074E-10 -0.93322956E-03  0.58974652E-11
    2    5   -0.14222505E-10 -0.30797524E-10 -0.22099461E-10 -0.20581233E-10  0.64379175E-03  0.46441454E-10
    3    5    0.35922959E-10  0.63531506E-10 -0.12896878E-10 -0.21547024E-10  0.50521332E-03 -0.23504507E-10
    4    5   -0.59044967E-04  0.13893563E-11  0.10065732E-02 -0.47346009E-11 -0.82965195E-10 -0.11150162E-09
    5    5   -0.20719179E-04  0.38442024E-10 -0.35886938E-04 -0.23097074E-10 -0.66153680E-10 -0.22084670E-09

   -1    3    0
    1    1    0.10445780E-08  0.30224564E-12  0.17543663E-08 -0.23948812E-12 -0.99562145E-11 -0.64046340E-12
    2    1   -0.34876366E-04 -0.19122873E-11  0.11457477E-03  0.12049028E-11  0.60747760E-11 -0.66838670E-11
    3    1    0.12682981E-03  0.13534520E-11 -0.24172855E-03 -0.10653966E-11  0.39108959E-11  0.65188519E-11
    4    1    0.37462054E-11  0.25062293E-10 -0.36380330E-10 -0.64063114E-10  0.10008053E-03  0.13633427E-10
    5    1   -0.78821310E-10 -0.68004536E-11  0.45179093E-10  0.50267962E-10  0.16357308E-03 -0.46581868E-11
    1    2    0.10750278E-02 -0.21657632E-12 -0.65342612E-04  0.30837450E-11  0.98375686E-11  0.11095392E-10
    2    2    0.14163200E-08  0.48105886E-12  0.14447514E-08 -0.42662361E-12 -0.28352604E-11 -0.13138534E-11
    3    2   -0.58583644E-03 -0.30972451E-13  0.35259843E-03 -0.17520295E-12 -0.86579018E-11 -0.13229213E-10
    4    2    0.25061434E-10  0.22838937E-11  0.19208858E-10  0.36105240E-10  0.64379096E-03 -0.23169226E-10
    5    2    0.12466938E-10 -0.14827370E-10  0.42744962E-10 -0.51396502E-10  0.42616959E-03  0.15646348E-10
    1    3   -0.43238638E-03 -0.80673791E-12 -0.81888039E-04  0.23167598E-11 -0.42803734E-11 -0.84532665E-11
    2    3    0.81383706E-04  0.38295560E-12 -0.16179983E-04 -0.31354510E-11 -0.51634886E-11  0.11386378E-10
    3    3   -0.14713974E-08 -0.21324956E-13 -0.22178028E-08  0.16594798E-12  0.93271653E-11 -0.78901096E-12
    4    3    0.10669155E-09  0.89759813E-10 -0.79206482E-10 -0.69589419E-11 -0.52450402E-03 -0.21533750E-10
    5    3    0.25358265E-10  0.51354279E-11  0.54140506E-11 -0.67676734E-12  0.16357361E-03  0.42908204E-10
    1    4   -0.33273069E-10  0.23014684E-10 -0.92564248E-11 -0.21524527E-10 -0.31500042E-03  0.30063341E-10
    2    4   -0.87859669E-11 -0.83264397E-11 -0.21050285E-10 -0.24325093E-10 -0.12616494E-03 -0.48463990E-10
    3    4    0.16272897E-10 -0.35686987E-10  0.12536996E-10  0.14027221E-10  0.16357226E-03  0.96756457E-12
    4    4    0.77767056E-04 -0.23341657E-10 -0.11320534E-03  0.26943075E-10 -0.85141961E-10  0.86972603E-10
    5    4   -0.71980782E-04  0.30964320E-10  0.60630326E-03  0.95995589E-11 -0.13943476E-09 -0.52729924E-10
    1    5   -0.55720401E-11 -0.34677272E-10  0.22933185E-10 -0.99704475E-11  0.42641577E-03 -0.59074127E-11
    2    5    0.44370605E-11  0.54674857E-11  0.12884239E-10  0.50676951E-12  0.40294630E-04  0.30332303E-10
    3    5   -0.87039554E-11  0.17833522E-10  0.45472679E-13 -0.31118420E-10 -0.52450401E-03  0.56253856E-11
    4    5    0.26547732E-04  0.15960179E-10 -0.42333227E-03  0.39482770E-10  0.16172636E-09  0.11656684E-10
    5    5   -0.77767060E-04 -0.63190115E-10  0.11320535E-03  0.58029213E-10 -0.11570169E-09  0.14476274E-09

   -1    4    0
    1    1   -0.93557087E-10  0.38259348E-12  0.16302150E-09 -0.30451943E-12 -0.80511449E-11 -0.43732697E-12
    2    1    0.51605351E-04 -0.22046860E-11  0.12057762E-06  0.16755376E-12  0.30917095E-11 -0.39450336E-11
    3    1   -0.14563977E-04  0.88298043E-12 -0.55962665E-04 -0.16552349E-12  0.35085638E-11  0.61850447E-11
    4    1    0.49584948E-11 -0.17022025E-10  0.57625501E-10  0.27645330E-11 -0.15347596E-03 -0.40641860E-10
    5    1   -0.25640801E-10 -0.27678337E-10 -0.12950898E-11  0.15295619E-10 -0.23289221E-04  0.16156347E-13
    1    2    0.32202328E-03  0.13753808E-11  0.12443221E-03  0.93320360E-12  0.53249207E-11  0.53900976E-11
    2    2    0.77179060E-10  0.42602156E-12 -0.14129235E-09 -0.65848203E-12 -0.42785341E-12 -0.70972924E-12
    3    2   -0.98186274E-04 -0.90479305E-12  0.65288177E-04  0.33828226E-12 -0.99855623E-11 -0.11681165E-10
    4    2    0.17226650E-10 -0.83026375E-11  0.16078766E-10 -0.29797666E-10  0.40294758E-04  0.28862559E-10
    5    2   -0.14409737E-10  0.17054531E-10 -0.30556100E-10  0.16019655E-10 -0.12616532E-03 -0.13368799E-10
    1    3   -0.16857147E-03  0.30408017E-12 -0.19205820E-03  0.61906708E-12  0.32372127E-11 -0.46264472E-11
    2    3   -0.20321027E-04 -0.14495203E-12  0.89627063E-04 -0.20454438E-11 -0.35393245E-11  0.72106869E-11
    3    3    0.35110270E-10  0.11272580E-12 -0.76609129E-10  0.30821309E-12  0.73723748E-11  0.11088957E-11
    4    3   -0.13656240E-10 -0.30817004E-10 -0.32753165E-11 -0.16825184E-10  0.40296136E-04  0.17580760E-10
    5    3   -0.82804454E-10 -0.67124517E-10  0.16057119E-10 -0.31536588E-11  0.17319480E-03 -0.89568428E-11
    1    4    0.28898506E-10  0.33664855E-11 -0.13378728E-10 -0.58181566E-11 -0.39704261E-03 -0.54304207E-11
    2    4   -0.20405145E-10  0.70948025E-10 -0.13528957E-10  0.44297856E-10  0.17319482E-03  0.19372171E-11
    3    4    0.39858188E-11  0.30181829E-10  0.12122071E-10  0.57973146E-10  0.17319469E-03 -0.46714158E-11
    4    4    0.30658999E-03  0.30941450E-10 -0.53102760E-03 -0.54961148E-10  0.44754146E-10 -0.55064840E-11
    5    4    0.34393519E-03  0.19411959E-10  0.40809789E-03  0.36556093E-10  0.21991375E-09 -0.88823544E-11
    1    5   -0.29231202E-10  0.61076193E-11 -0.25468916E-11  0.12145495E-10  0.42640664E-03 -0.16030478E-10
    2    5   -0.86059995E-12 -0.41950069E-10 -0.16492130E-10 -0.32123954E-10 -0.52450331E-03  0.18943731E-10
    3    5   -0.20067641E-10 -0.99842805E-12 -0.38289871E-10 -0.78085375E-11  0.40295850E-04  0.93152085E-11
    4    5   -0.20193574E-03 -0.21267376E-10 -0.10284893E-02 -0.23851748E-10 -0.14456623E-09  0.85783547E-10
    5    5   -0.30658999E-03  0.80687978E-11  0.53102759E-03 -0.14104029E-10 -0.13308157E-09 -0.11113434E-09

    0   -3    0
    1    1    0.13423439E-07  0.11010095E-12  0.55306553E-08 -0.19112056E-12 -0.52220285E-11 -0.21614594E-11
    2    1    0.59197520E-03  0.19201525E-11 -0.20375214E-03  0.15612791E-11 -0.82593187E-12 -0.17076355E-11
    3    1   -0.34056241E-03  0.49408427E-12 -0.53590662E-04 -0.10121613E-12  0.68527569E-11  0.33194158E-11
    4    1   -0.64317751E-11  0.18689225E-10  0.37362083E-10  0.10067575E-09  0.42641565E-03 -0.75561927E-11
    5    1    0.30205602E-10  0.33225525E-10 -0.52323572E-10 -0.11330032E-09 -0.39704269E-03  0.33266853E-10
    1    2   -0.29880164E-03  0.23897342E-11 -0.11544796E-03 -0.66296296E-12  0.38194861E-11  0.73994233E-11
    2    2    0.22779750E-07 -0.27392794E-12 -0.95907225E-08  0.47423358E-12 -0.95985112E-12 -0.62610984E-12
    3    2   -0.15103438E-04 -0.16397314E-11  0.61753378E-05 -0.44795561E-13 -0.92232073E-11 -0.77021545E-11
    4    2   -0.12398316E-10 -0.87967183E-11 -0.10666254E-10 -0.13187756E-09  0.18053923E-03  0.19428569E-10
    5    2   -0.88710747E-11  0.15117291E-10 -0.54001449E-10  0.12186436E-09  0.18052583E-03 -0.26946699E-10
    1    3    0.34647194E-03 -0.14538777E-12  0.12320841E-03 -0.22112919E-11  0.15688887E-11 -0.43857286E-11
    2    3    0.35858677E-02 -0.45289402E-12  0.30267885E-02  0.10667260E-11 -0.14382121E-10  0.80492018E-11
    3    3    0.25513563E-07 -0.33115524E-12 -0.96405644E-08  0.57313572E-12  0.76771766E-11  0.16778793E-11
    4    3   -0.29751989E-10 -0.44136578E-10  0.13874406E-10  0.98884886E-11 -0.78611698E-03  0.11971579E-10
    5    3    0.75563718E-10  0.11144785E-09 -0.22100608E-10  0.88190574E-11  0.18053646E-03 -0.15641985E-10
    1    4    0.46006137E-10  0.14033217E-10  0.35616467E-10 -0.18344039E-10  0.42641538E-03  0.13906609E-10
    2    4   -0.39482316E-10 -0.19866210E-10 -0.34047197E-12 -0.12681221E-10 -0.78611656E-03 -0.97142902E-11
    3    4    0.42549120E-10 -0.28193367E-10  0.49769012E-10 -0.11454522E-10  0.18053895E-03 -0.41543921E-11
    4    4   -0.53471123E-03  0.31628109E-11  0.92617808E-03 -0.54783459E-11  0.81848727E-10 -0.16371890E-09
    5    4    0.20708848E-03 -0.14772335E-10 -0.52257864E-03  0.57693712E-10 -0.23201583E-09  0.22900586E-10
    1    5   -0.33008915E-10 -0.20845019E-12 -0.33821686E-10 -0.16085282E-12 -0.31500125E-03  0.12669827E-10
    2    5    0.80708848E-11  0.21930839E-10  0.57679176E-11  0.10495858E-10  0.19828428E-02 -0.40045755E-10
    3    5    0.36336455E-10 -0.40781519E-10  0.60491813E-10 -0.54767819E-10 -0.78611496E-03  0.77532708E-11
    4    5    0.15981445E-02 -0.58696062E-10  0.14336869E-02 -0.13522555E-11  0.12198474E-09 -0.27749570E-10
    5    5    0.53477294E-03 -0.10685656E-10 -0.92619178E-03  0.18507302E-10  0.12162215E-09  0.18901537E-09

    0   -2    0
    1    1    0.16403390E-08  0.25738526E-13 -0.72188629E-08 -0.44656119E-13 -0.10951002E-10  0.81344113E-12
    2    1    0.19140077E-02  0.19643924E-11 -0.19324996E-02  0.16517069E-11  0.24315158E-11  0.24760831E-10
    3    1   -0.10344038E-02  0.19107768E-11  0.77128220E-03 -0.63652219E-12  0.12645737E-11  0.93598787E-12
    4    1   -0.40133457E-10 -0.24117446E-10 -0.43142154E-11 -0.48559255E-11 -0.93322571E-03  0.14719062E-10
    5    1    0.55157920E-10 -0.42265496E-10 -0.26849984E-10  0.56282480E-10 -0.31500174E-03 -0.20700368E-10
    1    2   -0.82002290E-03  0.22493409E-11  0.19057706E-03 -0.40164681E-12  0.89821562E-11  0.85290287E-11
    2    2    0.42134381E-07 -0.61866407E-12 -0.82392977E-08  0.10715782E-11  0.30334552E-11  0.15979166E-11
    3    2    0.43074914E-02 -0.19613786E-11  0.14281900E-02  0.11850342E-11  0.16053819E-11 -0.76670368E-11
    4    2   -0.22360630E-10 -0.25971202E-10 -0.27432193E-10 -0.21887105E-10  0.19828467E-02  0.13876876E-10
    5    2    0.34485013E-10 -0.46568837E-11  0.60284928E-10  0.66392500E-10 -0.78611582E-03  0.10848093E-10
    1    3    0.13135285E-02  0.19720525E-12 -0.30581776E-03 -0.27317653E-11  0.53639745E-11 -0.13474510E-10
    2    3    0.94794835E-02 -0.49785608E-12  0.10545161E-01  0.83212725E-12 -0.50552205E-10 -0.31105309E-10
    3    3   -0.31535419E-08 -0.10671793E-11 -0.40133991E-07  0.18481588E-11  0.14895826E-10  0.77069686E-11
    4    3   -0.83438502E-10  0.42346949E-11  0.57323505E-10 -0.40129148E-10 -0.27266098E-02 -0.63999428E-10
    5    3   -0.37767476E-10 -0.34678438E-10  0.14389040E-10 -0.92901000E-11  0.19828432E-02  0.22688876E-10
    1    4   -0.42747708E-10  0.33549082E-10  0.11290832E-10 -0.52876885E-11 -0.93322650E-03 -0.20327605E-10
    2    4    0.38757561E-10 -0.95087477E-10 -0.84803461E-11  0.50022689E-10 -0.27266085E-02  0.67078021E-10
    3    4   -0.38884753E-10  0.14627565E-10 -0.24851024E-10  0.63741892E-11  0.19828456E-02 -0.95757174E-11
    4    4    0.45286489E-03  0.45745569E-12 -0.78438016E-03 -0.79195938E-12 -0.19620061E-09  0.12026714E-09
    5    4    0.22281337E-02  0.79715622E-11  0.62702282E-03 -0.48228658E-10  0.97811854E-10  0.47528095E-10
    1    5    0.14027688E-10 -0.47041471E-10 -0.68305734E-11  0.34338901E-10  0.92519131E-04  0.29325563E-11
    2    5    0.46781114E-10  0.93494580E-10 -0.43670327E-10  0.88085049E-10  0.60893722E-02 -0.36478249E-10
    3    5   -0.25709256E-10  0.90091313E-10 -0.31355565E-10  0.69869089E-10 -0.27265999E-02 -0.29937453E-10
    4    5    0.16457767E-02  0.78819990E-10  0.10246156E-02 -0.31535228E-10 -0.43465897E-09  0.32464776E-10
    5    5   -0.45282454E-03  0.24123739E-10  0.78432478E-03 -0.41783308E-10  0.26490066E-09 -0.44170971E-09

    0   -1    0
    1    1    0.35064712E-08  0.25862168E-12  0.33828630E-08 -0.44805566E-12  0.50737663E-10  0.63897282E-11
    2    1    0.52000421E-02  0.90396913E-12 -0.19104568E-01  0.41134780E-12 -0.83444323E-10  0.90052058E-10
    3    1   -0.26324828E-02  0.80704201E-12  0.67621755E-02 -0.97318131E-12  0.61732154E-12 -0.62382820E-10
    4    1   -0.25912159E-11  0.24244061E-10  0.69611135E-10  0.25004396E-09  0.30698815E-02  0.49057697E-10
    5    1    0.92340260E-11  0.20929713E-10  0.57986737E-10 -0.12293367E-09  0.92517978E-04 -0.17370526E-10
    1    2   -0.48118215E-02  0.13249553E-11  0.40651730E-02 -0.37208930E-12 -0.46773978E-11  0.32815964E-10
    2    2   -0.28448637E-07 -0.50710957E-12 -0.35505341E-07  0.87911134E-12 -0.14075876E-10  0.22017365E-10
    3    2    0.11670726E-01 -0.76036289E-12 -0.11078220E-02  0.15878904E-11  0.33967196E-10 -0.77137701E-11
    4    2   -0.78159831E-11  0.74060767E-10  0.30687711E-10 -0.20119258E-09  0.60893740E-02  0.14794596E-11
    5    2    0.21063182E-10  0.25727398E-10 -0.10779616E-09  0.10628199E-09 -0.27266026E-02 -0.27893660E-11
    1    3    0.13134201E-01  0.15561192E-11 -0.68178836E-02 -0.47950516E-12 -0.82464409E-10  0.46224094E-11
    2    3   -0.11446614E-01 -0.10373669E-11  0.79620256E-01 -0.22026120E-12 -0.14904820E-09 -0.13740913E-09
    3    3    0.23533945E-07 -0.95447695E-12  0.53348701E-07  0.16534031E-11 -0.22873891E-10  0.42907957E-10
    4    3   -0.20313043E-09 -0.19961090E-09  0.15482655E-09  0.20432886E-09 -0.22709813E-01 -0.15970772E-10
    5    3    0.95746160E-10  0.88966590E-10 -0.17490135E-09 -0.12063924E-09  0.60893762E-02  0.80574624E-10
    1    4   -0.11552113E-09  0.10714618E-09  0.19484424E-09 -0.87867605E-10  0.30698792E-02 -0.24982358E-10
    2    4   -0.11082735E-09 -0.12789147E-09  0.17585254E-09  0.20365712E-10 -0.22709766E-01 -0.40912905E-10
    3    4    0.55192622E-10  0.36271660E-10 -0.56892587E-10 -0.54295133E-10  0.60893660E-02  0.46334398E-10
    4    4   -0.11603784E-01 -0.26339311E-10  0.20098349E-01  0.45621157E-10  0.61139861E-09 -0.22031905E-10
    5    4    0.17192547E-02  0.24200408E-10  0.57109856E-03  0.26472996E-10 -0.41086641E-09  0.17163026E-09
    1    5    0.31297903E-09 -0.10943109E-09 -0.14569220E-09  0.70555180E-10 -0.22709803E-01 -0.20454981E-10
    2    5   -0.47857939E-10 -0.17404304E-09  0.29651267E-09  0.50259583E-10  0.21935656E+00  0.12760106E-10
    3    5   -0.56122790E-10 -0.40142839E-10  0.35893276E-09 -0.27975184E-09 -0.22709771E-01  0.45224978E-10
    4    5    0.15664517E-01  0.19724386E-10  0.13203193E-01 -0.41634408E-10  0.36034095E-09 -0.62203230E-09
    5    5    0.11603782E-01 -0.24977878E-10 -0.20098329E-01  0.43262954E-10  0.85146191E-10  0.44528902E-09

    0    0    0
    1    1    0.10677452E+01  0.00000000E+00  0.61646294E+00  0.00000000E+00  0.12915795E-08  0.00000000E+00
    2    1   -0.85186183E-01 -0.63012911E-12 -0.88225196E-11  0.16465904E-12  0.70806903E-09 -0.15854355E-09
    3    1    0.50650180E-01 -0.10329818E-12  0.76035258E-01 -0.35453986E-12  0.70897541E-09 -0.65847877E-10
    4    1    0.23104954E-09  0.29677014E-09 -0.47436738E-09  0.87752113E-10  0.21935649E+00  0.50812519E-11
    5    1    0.82772689E-11 -0.10948709E-09 -0.39862333E-09 -0.22067505E-09 -0.22709852E-01  0.86241648E-12
    1    2   -0.85186183E-01  0.63013163E-12 -0.88225281E-11 -0.16466201E-12  0.70806902E-09  0.15854355E-09
    2    2    0.10677452E+01  0.00000000E+00 -0.61646294E+00  0.00000000E+00  0.70175162E-09  0.00000000E+00
    3    2    0.50650180E-01 -0.16851605E-13 -0.76035258E-01  0.63067455E-12  0.70081439E-09  0.63828871E-10
    4    2    0.55874906E-09 -0.46786680E-09  0.37853517E-09 -0.34510128E-09  0.21935649E+00  0.37361292E-10
    5    2   -0.27514149E-10 -0.71834325E-10  0.36544395E-09  0.51740336E-09 -0.22709851E-01 -0.37793395E-10
    1    3    0.50650180E-01  0.10331081E-12  0.76035258E-01  0.35456555E-12  0.70897538E-09  0.65847900E-10
    2    3    0.50650180E-01  0.16861783E-13 -0.76035258E-01 -0.63069016E-12  0.70081440E-09 -0.63828879E-10
    3    3    0.21354905E+01  0.00000000E+00 -0.39122840E-10  0.00000000E+00  0.58683129E-09  0.00000000E+00
    4    3   -0.70967660E-09  0.16496597E-09 -0.29297120E-09  0.60868227E-09  0.21935662E+00  0.52638667E-10
    5    3   -0.10829049E-09  0.43343723E-11  0.28103236E-09 -0.64045301E-09  0.21935647E+00 -0.29008855E-10
    1    4    0.23104954E-09 -0.29677014E-09 -0.47436738E-09 -0.87752113E-10  0.21935649E+00 -0.50812523E-11
    2    4    0.55874906E-09  0.46786680E-09  0.37853517E-09  0.34510128E-09  0.21935649E+00 -0.37361290E-10
    3    4   -0.70967660E-09 -0.16496597E-09 -0.29297120E-09 -0.60868227E-09  0.21935662E+00 -0.52638668E-10
    4    4    0.14236603E+01  0.00000000E+00  0.80501196E-09  0.00000000E+00 -0.51742301E-08  0.00000000E+00
    5    4    0.20199046E-01  0.53921608E-11  0.32386130E-10  0.14366367E-10  0.28603557E-09 -0.16735207E-09
    1    5    0.82772689E-11  0.10948709E-09 -0.39862333E-09  0.22067505E-09 -0.22709852E-01 -0.86241409E-12
    2    5   -0.27514149E-10  0.71834325E-10  0.36544395E-09 -0.51740336E-09 -0.22709851E-01  0.37793406E-10
    3    5   -0.10829049E-09 -0.43343723E-11  0.28103236E-09  0.64045301E-09  0.21935647E+00  0.29008850E-10
    4    5    0.20199046E-01 -0.53921581E-11  0.32386088E-10 -0.14366375E-10  0.28603553E-09  0.16735204E-09
    5    5    0.28473206E+01  0.00000000E+00 -0.81623758E-09  0.00000000E+00  0.10295866E-08  0.00000000E+00

    0    1    0
    1    1    0.35064712E-08 -0.25862168E-12  0.33828630E-08  0.44805566E-12  0.50737663E-10 -0.63897282E-11
    2    1   -0.59977612E-02 -0.82961144E-12  0.51985093E-02  0.10140524E-11 -0.46774044E-11 -0.32815945E-10
    3    1    0.18077086E-01 -0.11490188E-11 -0.10436763E-01  0.39146702E-12 -0.82464422E-10 -0.46224031E-11
    4    1   -0.20314439E-09 -0.12591276E-09  0.18047620E-09  0.12703254E-09  0.30698792E-02  0.24982358E-10
    5    1    0.59956062E-09  0.21727550E-09 -0.12836968E-09 -0.44599715E-10 -0.22709803E-01  0.20454977E-10
    1    2   -0.49805690E-07  0.13793318E-12 -0.20873597E-01  0.82460395E-12 -0.83444328E-10 -0.90052053E-10
    2    2   -0.28448637E-07  0.50710957E-12 -0.35505341E-07 -0.87911134E-12 -0.14075876E-10 -0.22017365E-10
    3    2   -0.42593202E-01  0.33348847E-12  0.73773314E-01 -0.42641177E-12 -0.14904821E-09  0.13740911E-09
    4    2   -0.10141451E-10  0.17271026E-10  0.27385192E-09 -0.74867386E-10 -0.22709766E-01  0.40912904E-10
    5    2   -0.15257364E-09  0.45236782E-09  0.26764575E-09  0.17216494E-10  0.21935656E+00 -0.12760096E-10
    1    3   -0.15031586E-02 -0.44479925E-12  0.77934621E-02  0.10005086E-11  0.61732864E-12  0.62382801E-10
    2    3    0.41037446E-02  0.88815592E-12 -0.71078998E-02 -0.12822792E-11  0.33967186E-10  0.77137495E-11
    3    3    0.23533945E-07  0.95447695E-12  0.53348701E-07 -0.16534031E-11 -0.22873891E-10 -0.42907957E-10
    4    3    0.26725883E-10 -0.28134044E-10 -0.85439966E-10  0.72058461E-10  0.60893660E-02 -0.46334408E-10
    5    3   -0.25354392E-09 -0.13130377E-09  0.37057237E-09  0.23703704E-09 -0.22709771E-01 -0.45224964E-10
    1    4   -0.74687654E-11  0.50970005E-10  0.76750513E-10 -0.19700602E-09  0.30698815E-02 -0.49057706E-10
    2    4   -0.34938538E-11 -0.13261978E-09  0.37443719E-10  0.13347341E-09  0.60893740E-02 -0.14794676E-11
    3    4   -0.25069026E-09  0.20779214E-09  0.17194923E-09 -0.21332814E-09 -0.22709813E-01  0.15970777E-10
    4    4   -0.11603784E-01  0.26339311E-10  0.20098349E-01 -0.45621157E-10  0.61139861E-09  0.22031905E-10
    5    4    0.37149836E-02 -0.79372766E-10 -0.21448463E-02  0.49247951E-10  0.36034093E-09  0.62203227E-09
    1    5   -0.22887795E-11 -0.20316492E-10  0.59800087E-10  0.11300648E-09  0.92517978E-04  0.17370518E-10
    2    5    0.47944347E-10  0.28896347E-10 -0.90586387E-10 -0.76854677E-10 -0.27266026E-02  0.27893722E-11
    3    5    0.10309335E-09 -0.83206868E-10 -0.19705767E-09  0.15479182E-09  0.60893762E-02 -0.80574630E-10
    4    5    0.62407130E-03 -0.59812361E-11 -0.89376610E-04 -0.65979011E-10 -0.41086640E-09 -0.17163022E-09
    5    5    0.11603782E-01  0.24977878E-10 -0.20098329E-01 -0.43262954E-10  0.85146191E-10 -0.44528902E-09

    0    2    0
    1    1    0.16403390E-08 -0.25738526E-13 -0.72188629E-08  0.44656119E-13 -0.10951002E-10 -0.81344113E-12
    2    1   -0.59772561E-03 -0.40731975E-12  0.11121183E-02  0.20824354E-11  0.89821339E-11 -0.85290349E-11
    3    1    0.14989500E-02 -0.15172133E-11 -0.21545728E-02  0.49278723E-12  0.53639606E-11  0.13474524E-10
    4    1   -0.33872094E-10 -0.20930620E-10  0.75357262E-10  0.49911643E-10 -0.93322650E-03  0.20327600E-10
    5    1    0.14961339E-10  0.83833548E-10 -0.22234896E-10 -0.86645616E-10  0.92519131E-04 -0.29325537E-11
    1    2    0.90205409E-04  0.74702278E-12 -0.20896774E-02  0.24708936E-11  0.24315206E-11 -0.24760824E-10
    2    2    0.42134381E-07  0.61866407E-12 -0.82392977E-08 -0.10715782E-11  0.30334552E-11 -0.15979166E-11
    3    2   -0.75009842E-02  0.33890420E-12  0.99192496E-03 -0.50219247E-12 -0.50552180E-10  0.31105309E-10
    4    2    0.94369484E-11  0.27986510E-10 -0.49705849E-10 -0.15183476E-09 -0.27266085E-02 -0.67078004E-10
    5    2    0.73041242E-10  0.42764408E-10 -0.12671667E-09  0.59737169E-10  0.60893722E-02  0.36478261E-10
    1    3   -0.94884779E-04 -0.60686112E-12  0.10889073E-02  0.27638492E-11  0.12645865E-11 -0.93598739E-12
    2    3   -0.97002619E-03  0.85338377E-12 -0.22758369E-02 -0.24034382E-11  0.16053707E-11  0.76670444E-11
    3    3   -0.31535419E-08  0.10671793E-11 -0.40133991E-07 -0.18481588E-11  0.14895826E-10 -0.77069686E-11
    4    3    0.10328960E-10  0.49749709E-11  0.38528743E-11  0.29103712E-11  0.19828456E-02  0.95757213E-11
    5    3    0.19704819E-10  0.26590331E-10 -0.35663004E-10 -0.42719352E-10 -0.27265999E-02  0.29937452E-10
    1    4    0.18016167E-10 -0.98565171E-11 -0.95843567E-11 -0.52373569E-11 -0.93322571E-03 -0.14719048E-10
    2    4    0.17066780E-10 -0.13118434E-10  0.24606841E-10 -0.19908066E-10  0.19828467E-02 -0.13876889E-10
    3    4   -0.55644014E-10 -0.32029909E-10  0.78944173E-10  0.31181908E-10 -0.27266098E-02  0.63999425E-10
    4    4    0.45286489E-03 -0.45745569E-12 -0.78438016E-03  0.79195938E-12 -0.19620061E-09 -0.12026714E-09
    5    4   -0.23463305E-03 -0.31223520E-10 -0.58514987E-03  0.37231466E-10 -0.43465900E-09 -0.32464750E-10
    1    5    0.42005558E-11  0.20456217E-10 -0.25017820E-10 -0.58083878E-10 -0.31500174E-03  0.20700371E-10
    2    5   -0.24471002E-10  0.27667849E-10 -0.71727189E-11 -0.15435640E-10 -0.78611582E-03 -0.10848108E-10
    3    5   -0.17224264E-10  0.88761862E-11  0.33054146E-10 -0.16140726E-10  0.19828432E-02 -0.22688870E-10
    4    5   -0.13188580E-03 -0.22250050E-10 -0.41085475E-03  0.41797420E-10  0.97811868E-10 -0.47528101E-10
    5    5   -0.45282454E-03 -0.24123739E-10  0.78432478E-03  0.41783308E-10  0.26490066E-09  0.44170971E-09

    0    3    0
    1    1    0.13423439E-07 -0.11010095E-12  0.55306553E-08  0.19112056E-12 -0.52220285E-11  0.21614594E-11
    2    1    0.13112760E-03  0.50652972E-12  0.27001061E-03  0.17958717E-11  0.38194950E-11 -0.73994238E-11
    3    1    0.46386275E-04 -0.10628435E-11 -0.56211780E-03 -0.33087950E-12  0.15688841E-11  0.43857342E-11
    4    1   -0.53165289E-10 -0.24979772E-10 -0.22418872E-11  0.44772967E-10  0.42641538E-03 -0.13906607E-10
    5    1    0.63020400E-10  0.68237284E-13 -0.37825298E-10  0.11110263E-11 -0.31500125E-03 -0.12669814E-10
    1    2   -0.23560464E-03  0.13959061E-11 -0.34905473E-03  0.19290795E-11 -0.82593620E-12  0.17076633E-11
    2    2    0.22779750E-07  0.27392794E-12 -0.95907225E-08 -0.47423358E-12 -0.95985112E-12  0.62610984E-12
    3    2   -0.34585307E-02  0.34719537E-12 -0.14177034E-02 -0.37932384E-12 -0.14382132E-10 -0.80491950E-11
    4    2    0.66450419E-11 -0.11741627E-10  0.52536485E-10 -0.22993057E-10 -0.78611656E-03  0.97142944E-11
    5    2   -0.14814510E-10 -0.63630840E-11  0.10458380E-10  0.52263622E-10  0.19828428E-02  0.40045758E-10
    1    3    0.17369928E-03 -0.21341766E-12  0.22564711E-03  0.10200944E-11  0.68527343E-11 -0.33193824E-11
    2    3    0.11457139E-04 -0.62464568E-12 -0.38187116E-05 -0.12434777E-11 -0.92231931E-11  0.77021723E-11
    3    3    0.25513563E-07  0.33115524E-12 -0.96405644E-08 -0.57313572E-12  0.76771766E-11 -0.16778793E-11
    4    3   -0.55442285E-10 -0.23714997E-10  0.10777667E-10  0.21233954E-12  0.18053895E-03  0.41544034E-11
    5    3   -0.69180374E-10 -0.49630396E-10  0.48635022E-10  0.73219828E-11 -0.78611496E-03 -0.77532816E-11
    1    4   -0.13332762E-10  0.59950739E-10  0.35367846E-11  0.11199754E-12  0.42641565E-03  0.75561942E-11
    2    4    0.11300339E-10 -0.76864632E-10  0.92338417E-11 -0.77123749E-11  0.18053923E-03 -0.19428569E-10
    3    4    0.21218905E-11 -0.16835921E-10  0.19899504E-10 -0.14196812E-10 -0.78611698E-03 -0.11971589E-10
    4    4   -0.53471123E-03 -0.31628109E-11  0.92617808E-03  0.54783459E-11  0.81848727E-10  0.16371890E-09
    5    4   -0.10224585E-02 -0.40704836E-12 -0.13140833E-02 -0.65138756E-10  0.12198473E-09  0.27749545E-10
    1    5    0.99373581E-11 -0.34997363E-10 -0.20484895E-10  0.31196890E-10 -0.39704269E-03 -0.33266826E-10
    2    5    0.28440288E-10  0.67310076E-10  0.63057316E-11  0.78423530E-11  0.18052583E-03  0.26946697E-10
    3    5   -0.28964290E-11  0.30716928E-10 -0.54817095E-10  0.63987365E-10  0.18053646E-03  0.15641991E-10
    4    5    0.41782582E-04  0.16929648E-10  0.22295345E-03 -0.12844649E-11 -0.23201587E-09 -0.22900523E-10
    5    5    0.53477294E-03  0.10685656E-10 -0.92619178E-03 -0.18507302E-10  0.12162215E-09 -0.18901537E-09

    1   -4    0
    1    1   -0.93557087E-10 -0.38259348E-12  0.16302150E-09  0.30451943E-12 -0.80511449E-11  0.43732697E-12
    2    1   -0.21669354E-03  0.14862343E-11 -0.26814057E-03  0.39281687E-12  0.53249252E-11 -0.53900739E-11
    3    1    0.29940031E-03  0.47493509E-12 -0.21439338E-04  0.52576454E-12  0.32371918E-11  0.46264370E-11
    4    1    0.58215886E-10  0.30093174E-10 -0.11376297E-09 -0.49867280E-10 -0.39704261E-03  0.54304347E-11
    5    1   -0.28290007E-10 -0.86712864E-11  0.81121245E-10  0.45150255E-10  0.42640664E-03  0.16030472E-10
    1    2   -0.52903395E-04 -0.20335484E-11 -0.27448339E-04  0.15288703E-12  0.30916814E-11  0.39450124E-11
    2    2    0.77179060E-10 -0.42602156E-12 -0.14129235E-09  0.65848203E-12 -0.42785341E-12  0.70972924E-12
    3    2   -0.25473346E-04 -0.22998865E-12  0.52538270E-04 -0.93590957E-12 -0.35393592E-11 -0.72106970E-11
    4    2    0.18303680E-10  0.37528261E-10  0.19472540E-10  0.13651726E-09  0.17319482E-03 -0.19372264E-11
    5    2    0.64633866E-11 -0.48650075E-11  0.44190599E-11 -0.12673702E-09 -0.52450331E-03 -0.18943733E-10
    1    3    0.32787908E-04  0.13419061E-11  0.26246049E-04 -0.16067263E-11  0.35085637E-11 -0.61850453E-11
    2    3    0.25353056E-04 -0.11174552E-11  0.52220783E-04  0.14836592E-11 -0.99855846E-11  0.11681148E-10
    3    3    0.35110270E-10 -0.11272580E-12 -0.76609129E-10 -0.30821309E-12  0.73723748E-11 -0.11088957E-11
    4    3    0.16813031E-10  0.71403129E-10 -0.22297671E-10  0.13940749E-10  0.17319469E-03  0.46714247E-11
    5    3    0.74742325E-10 -0.79781264E-11 -0.12858415E-10  0.11972266E-10  0.40295850E-04 -0.93152016E-11
    1    4   -0.21161740E-10 -0.94562153E-11 -0.55364436E-11 -0.97046124E-11 -0.15347596E-03  0.40641851E-10
    2    4   -0.29953005E-10 -0.11495672E-10 -0.65513120E-11 -0.19493452E-10  0.40294758E-04 -0.28862546E-10
    3    4    0.15407152E-10 -0.40127473E-10  0.47524160E-11 -0.83376715E-11  0.40296136E-04 -0.17580765E-10
    4    4    0.30658999E-03 -0.30941450E-10 -0.53102760E-03  0.54961148E-10  0.44754146E-10  0.55064840E-11
    5    4    0.14968001E-03 -0.36114937E-10  0.63660458E-03  0.76504988E-11 -0.14456626E-09 -0.85783524E-10
    1    5    0.10222278E-10 -0.11228084E-10  0.15338827E-10 -0.10265502E-10 -0.23289221E-04 -0.16161118E-13
    2    5    0.29137284E-10  0.15268283E-10  0.23465439E-11  0.21019424E-10 -0.12616532E-03  0.13368801E-10
    3    5    0.54875918E-10 -0.47764397E-10  0.53192709E-10 -0.49184793E-10  0.17319480E-03  0.89568342E-11
    4    5   -0.41581949E-03  0.12623238E-10 -0.31156188E-03  0.31751172E-10  0.21991377E-09  0.88823793E-11
    5    5   -0.30658999E-03 -0.80687978E-11  0.53102759E-03  0.14104029E-10 -0.13308157E-09  0.11113434E-09

    1   -3    0
    1    1    0.10445780E-08 -0.30224564E-12  0.17543663E-08  0.23948812E-12 -0.99562145E-11  0.64046340E-12
    2    1    0.15074720E-03  0.12976668E-11 -0.12814638E-02  0.65735580E-12  0.98375745E-11 -0.11095405E-10
    3    1    0.11953202E-03  0.13124240E-11  0.61454046E-03  0.98688971E-12 -0.42803727E-11  0.84532871E-11
    4    1   -0.59083443E-11 -0.25898126E-10  0.56077374E-10  0.23436680E-10 -0.31500042E-03 -0.30063337E-10
    5    1   -0.56151719E-10 -0.27100043E-10  0.15004331E-10 -0.60812951E-10  0.42641577E-03  0.59074214E-11
    1    2   -0.10616807E-03  0.73321598E-13 -0.12521858E-04 -0.66379085E-13  0.60747813E-11  0.66838911E-11
    2    2    0.14163200E-08 -0.48105886E-12  0.14447514E-08  0.42662361E-12 -0.28352604E-11  0.13138534E-11
    3    2    0.75733839E-04 -0.20433851E-11 -0.82496362E-04 -0.10719714E-11 -0.51634897E-11 -0.11386388E-10
    4    2    0.20404705E-10 -0.60212064E-10  0.17645412E-10 -0.24224514E-11 -0.12616494E-03  0.48463992E-10
    5    2   -0.86777085E-11  0.13698345E-10 -0.14358767E-10 -0.17563575E-11  0.40294630E-04 -0.30332283E-10
    1    3    0.15666265E-03  0.13618353E-11  0.48671897E-04 -0.78458756E-12  0.39108994E-11 -0.65188389E-11
    2    3   -0.20940850E-03 -0.11151155E-11  0.35592016E-03  0.13104578E-11 -0.86579021E-11  0.13229208E-10
    3    3   -0.14713974E-08  0.21324956E-13 -0.22178028E-08 -0.16594798E-12  0.93271653E-11  0.78901096E-12
    4    3   -0.97731036E-11  0.32205915E-10 -0.23882950E-10 -0.37290168E-10  0.16357226E-03 -0.96756717E-12
    5    3   -0.10820633E-10 -0.49220898E-10  0.50277581E-11  0.13777873E-11 -0.52450401E-03 -0.56254042E-11
    1    4    0.32325942E-10 -0.28440658E-10  0.15045941E-10 -0.14880188E-10  0.10008053E-03 -0.13633432E-10
    2    4   -0.38518279E-10  0.34584629E-10 -0.19657802E-10  0.26460932E-11  0.64379096E-03  0.23169233E-10
    3    4   -0.36278254E-10  0.72110956E-10 -0.86857881E-10  0.97258780E-10 -0.52450402E-03  0.21533753E-10
    4    4    0.77767056E-04  0.23341657E-10 -0.11320534E-03 -0.26943075E-10 -0.85141961E-10 -0.86972603E-10
    5    4   -0.78080340E-03  0.53579448E-10  0.23527419E-03  0.37883201E-10  0.16172635E-09 -0.11656654E-10
    1    5    0.87707479E-11  0.21444630E-10  0.30463218E-10  0.28944692E-10  0.16357308E-03  0.46581816E-11
    2    5   -0.14172298E-10 -0.44135203E-10 -0.27749456E-10 -0.34174086E-10  0.42616959E-03 -0.15646361E-10
    3    5   -0.36648883E-10  0.17706230E-10 -0.25335134E-10  0.75878331E-11  0.16357361E-03 -0.42908184E-10
    4    5   -0.69963611E-03  0.38890630E-10 -0.30029070E-03  0.30409549E-10 -0.13943479E-09  0.52729895E-10
    5    5   -0.77767060E-04  0.63190115E-10  0.11320535E-03 -0.58029213E-10 -0.11570169E-09 -0.14476274E-09

    1   -2    0
    1    1    0.15908688E-07 -0.32704308E-13  0.27489127E-07  0.15594297E-13 -0.49969659E-12 -0.84698396E-11
    2    1    0.45399837E-02  0.14032325E-11 -0.56608699E-02 -0.95738979E-13  0.21081424E-10 -0.12449584E-10
    3    1   -0.71659819E-03  0.13780494E-11  0.26238127E-02  0.36457163E-12 -0.92117269E-11  0.75679620E-11
    4    1    0.19678891E-09 -0.20713426E-11 -0.15678770E-09  0.29405427E-10  0.92522971E-04  0.45865911E-10
    5    1   -0.19286518E-10  0.51332416E-10  0.16463895E-10  0.46412663E-11 -0.93322956E-03 -0.58974626E-11
    1    2   -0.59827335E-03  0.10187287E-11  0.33105325E-03 -0.41253567E-12  0.12677671E-10  0.57206066E-11
    2    2   -0.11615739E-07 -0.12063939E-11 -0.24044224E-07  0.60506667E-12 -0.16382147E-10 -0.69258586E-11
    3    2    0.50765330E-03 -0.13700550E-11 -0.53626156E-03 -0.37014579E-12 -0.13341109E-11 -0.13685930E-10
    4    2    0.19202342E-10  0.86778946E-10 -0.84442699E-11  0.77110438E-10  0.42616535E-03 -0.24409110E-10
    5    2    0.27686120E-11 -0.32385717E-11  0.42013964E-10 -0.72583620E-10  0.64379175E-03 -0.46441446E-10
    1    3    0.19245253E-02  0.85658818E-12  0.24839072E-03  0.46623615E-12 -0.12573062E-10 -0.39174580E-11
    2    3   -0.50024991E-02 -0.24330999E-11  0.21325958E-02 -0.13442744E-11  0.14510503E-10  0.25918043E-10
    3    3    0.14131964E-07  0.13909967E-12  0.28491239E-07 -0.12451932E-12  0.61888891E-11 -0.88206694E-12
    4    3   -0.76562999E-10  0.55686231E-11  0.90881487E-11  0.57430792E-11  0.92523506E-04  0.18999156E-10
    5    3    0.72881165E-10 -0.54267412E-10  0.19844358E-11  0.64476374E-10  0.50521332E-03  0.23504520E-10
    1    4   -0.15967448E-10  0.51565122E-11 -0.54207459E-10 -0.31359971E-10  0.50520956E-03 -0.46235576E-11
    2    4    0.19564982E-11 -0.27517325E-11  0.62708715E-10 -0.62206445E-10 -0.36517429E-02  0.74642531E-10
    3    4    0.71371906E-11 -0.36408647E-10  0.93229204E-11 -0.38723324E-10  0.50520868E-03  0.23032880E-10
    4    4    0.20719289E-04  0.80729299E-11  0.35886875E-04 -0.42405714E-11  0.15500826E-09  0.65759044E-10
    5    4   -0.21211277E-03  0.66773659E-10 -0.79978125E-03  0.61112872E-10 -0.82965192E-10  0.11150156E-09
    1    5    0.19838425E-10  0.10530409E-10  0.15676237E-10  0.60613133E-10 -0.27266061E-02 -0.12730264E-10
    2    5   -0.48612080E-10  0.31449559E-10 -0.19844447E-10  0.22701989E-11  0.60893775E-02 -0.41476359E-10
    3    5    0.13313434E-10 -0.17915449E-11  0.10352077E-09 -0.75598191E-10  0.92519597E-04  0.22269729E-10
    4    5    0.87505962E-03 -0.23700325E-10  0.11139928E-02 -0.41809806E-10  0.29795863E-09 -0.20603224E-10
    5    5   -0.20719179E-04 -0.38442024E-10 -0.35886938E-04  0.23097074E-10 -0.66153680E-10  0.22084670E-09

    1   -1    0
    1    1    0.53641902E-08 -0.63844850E-12  0.45130420E-07  0.22489495E-16 -0.10560317E-09 -0.22601976E-10
    2    1    0.91173541E-01  0.12433307E-11  0.58469292E-02  0.25014362E-12 -0.10316236E-09 -0.29695452E-09
    3    1   -0.13944972E-01 -0.54102068E-13  0.14055702E-01  0.14747481E-12 -0.11161550E-09  0.12095715E-09
    4    1    0.17442587E-09  0.18603108E-09 -0.54678702E-10 -0.19073018E-11 -0.22709795E-01  0.46558489E-10
    5    1   -0.29487079E-09 -0.56767944E-10  0.21383781E-09 -0.10908881E-09  0.30698892E-02 -0.10233963E-09
    1    2   -0.46095201E-02  0.16961071E-11  0.60000787E-02 -0.29460321E-12  0.84218457E-10  0.31667263E-10
    2    2    0.53647850E-08 -0.61259157E-13 -0.45130421E-07 -0.21182850E-15 -0.88035245E-10  0.98060073E-11
    3    2    0.58665385E-02 -0.22476761E-11 -0.37282936E-02  0.23935216E-12  0.22655523E-10 -0.17031841E-10
    4    2   -0.50522147E-10 -0.14237279E-09 -0.25074812E-10 -0.32016060E-10  0.60893695E-02 -0.64863308E-10
    5    2   -0.76991704E-12 -0.57789858E-10 -0.13036593E-11  0.51223612E-10 -0.36517416E-02  0.61483360E-10
    1    3    0.59254549E-02  0.10039680E-12  0.15636702E-02  0.35249863E-12  0.11169231E-10 -0.21059512E-10
    2    3   -0.15012986E-01 -0.28770557E-11 -0.86677955E-02 -0.15867626E-11 -0.54597696E-10 -0.84071965E-11
    3    3   -0.10280379E-07  0.75092363E-12 -0.60715322E-16  0.91544770E-16  0.39535425E-10 -0.41708391E-11
    4    3    0.13232056E-09  0.14200434E-09  0.61847345E-10  0.65373150E-10  0.30698788E-02  0.10149549E-09
    5    3    0.17300701E-09  0.65923551E-10 -0.10300324E-09 -0.42306429E-10  0.30698917E-02 -0.45837796E-10
    1    4   -0.10631453E-09  0.48033072E-10 -0.62682050E-11 -0.12427487E-10  0.60893695E-02  0.24237403E-10
    2    4    0.97449813E-10  0.12584706E-09  0.46609587E-10  0.10600228E-10 -0.22709794E-01  0.46735136E-11
    3    4    0.37282979E-09 -0.24306608E-09 -0.21617522E-09  0.16719248E-09  0.30698789E-02 -0.72942827E-10
    4    4    0.23207566E-01  0.18091677E-10  0.21250363E-15 -0.12927289E-15 -0.47787272E-09 -0.64556291E-10
    5    4    0.30887722E-02  0.46544057E-12  0.48956441E-02 -0.10904496E-09  0.29038191E-09 -0.33993926E-09
    1    5   -0.12227633E-10  0.25557621E-10 -0.16569918E-10  0.35910113E-10 -0.36517414E-02 -0.62525277E-10
    2    5   -0.14672236E-09  0.13634745E-09 -0.91481213E-10  0.81009345E-10  0.30698890E-02  0.28002473E-10
    3    5   -0.52303172E-10 -0.39773230E-10 -0.22008376E-11 -0.74396753E-11  0.30698916E-02  0.49571813E-10
    4    5    0.39340617E-03  0.36311909E-10  0.22713307E-03  0.10685029E-10  0.43045804E-09  0.41791217E-09
    5    5   -0.23207566E-01 -0.56849457E-10  0.94022012E-15 -0.28816376E-15 -0.93377424E-09 -0.19778933E-10

    1    0    0
    1    1   -0.28454767E-07  0.41897518E-12  0.35494725E-07  0.72648224E-12 -0.87458684E-10 -0.16577469E-10
    2    1   -0.49804523E-07  0.90250073E-13  0.20873597E-01 -0.15548369E-11 -0.89230903E-10  0.13659471E-09
    3    1   -0.42593202E-01  0.43051153E-12 -0.73773314E-01  0.81220642E-12 -0.11486940E-09 -0.80783754E-10
    4    1    0.71662768E-10 -0.52675600E-10 -0.39913748E-10 -0.18833320E-09 -0.22709767E-01  0.24794049E-10
    5    1   -0.34054709E-10 -0.27895572E-09 -0.28694315E-09 -0.13624123E-09  0.21935656E+00 -0.37393723E-10
    1    2   -0.59977612E-02  0.69298094E-12 -0.51985093E-02  0.47750367E-12  0.47452763E-10  0.14991586E-10
    2    2    0.35029941E-08  0.13401912E-12 -0.33888873E-08  0.23241966E-12  0.12915640E-10  0.90706441E-11
    3    2    0.18077086E-01 -0.11074036E-11  0.10436763E-01 -0.45038825E-12 -0.11310545E-09 -0.13083746E-09
    4    2   -0.20846978E-09  0.58227383E-10 -0.20141294E-09  0.64021972E-10  0.30698790E-02  0.12968401E-09
    5    2    0.46387521E-09  0.44135918E-09  0.10527583E-09  0.10354950E-09 -0.22709802E-01 -0.46297386E-10
    1    3    0.41037446E-02 -0.95709129E-12  0.71078998E-02 -0.13392057E-11  0.46413164E-10  0.26094070E-10
    2    3   -0.15031586E-02 -0.27483750E-12 -0.77934621E-02 -0.34434586E-12  0.41100268E-11  0.43526954E-12
    3    3    0.23527273E-07 -0.26458957E-12 -0.53360257E-07 -0.45846226E-12 -0.61232163E-10 -0.31806292E-10
    4    3   -0.23351500E-10 -0.12294113E-10 -0.55776949E-10 -0.28484521E-10  0.60893663E-02 -0.52398580E-10
    5    3   -0.11797650E-09 -0.16499424E-09 -0.14219490E-09 -0.31601616E-09 -0.22709771E-01 -0.30170813E-10
    1    4    0.49227946E-10  0.15688277E-10  0.97905320E-11 -0.20431727E-10  0.60893741E-02  0.31661356E-10
    2    4   -0.28098527E-10  0.21919061E-10 -0.13544692E-09  0.99814548E-10  0.30698815E-02 -0.56534437E-10
    3    4   -0.14653157E-09  0.28396032E-10 -0.50620654E-10  0.19863558E-10 -0.22709813E-01 -0.26007680E-10
    4    4   -0.11603784E-01 -0.47407094E-10 -0.20098348E-01 -0.82111460E-10 -0.91052024E-10  0.64939503E-10
    5    4    0.37149834E-02  0.51106834E-10  0.21448461E-02  0.30229429E-10  0.43925608E-09  0.66363228E-09
    1    5   -0.15500603E-10 -0.40463650E-10 -0.51629369E-10 -0.79349656E-10 -0.27266026E-02 -0.22769603E-10
    2    5   -0.11247651E-10  0.25728273E-11 -0.12936822E-11  0.35875059E-10  0.92518060E-04  0.20719791E-10
    3    5    0.70476206E-10 -0.61729008E-10  0.19687240E-09 -0.75868381E-10  0.60893764E-02 -0.22885219E-10
    4    5    0.62407127E-03 -0.21999688E-10  0.89376549E-04 -0.24361729E-10 -0.15010134E-09 -0.75649540E-10
    5    5    0.11603781E-01 -0.28323763E-10  0.20098329E-01 -0.49058486E-10  0.18913016E-09 -0.51287897E-09

    1    1    0
    1    1   -0.31717108E-07 -0.67781284E-13  0.14235087E-08  0.13854031E-11  0.15565427E-10 -0.78745121E-11
    2    1   -0.11163987E-02  0.10313299E-11  0.23754242E-02  0.66655928E-12 -0.14706662E-10  0.15145425E-10
    3    1    0.15031270E-02 -0.35952090E-12 -0.77934686E-02  0.21154914E-11  0.20134538E-11 -0.14512662E-10
    4    1    0.23552201E-10  0.14166247E-10 -0.82518589E-10 -0.26468497E-10  0.92523751E-04  0.70591502E-10
    5    1   -0.52576040E-10 -0.19476615E-10  0.18714602E-09  0.94358594E-10  0.30698899E-02 -0.79993303E-10
    1    2   -0.11163987E-02 -0.13048617E-13 -0.23754242E-02  0.14895388E-11 -0.12753557E-10 -0.11091757E-10
    2    2   -0.31717139E-07  0.15445205E-13 -0.14240866E-08 -0.44973360E-12  0.64237713E-11 -0.49134606E-11
    3    2    0.15031270E-02 -0.75808331E-13  0.77934686E-02 -0.18198542E-11  0.13830141E-10  0.39795957E-10
    4    2    0.32554462E-10  0.30258613E-10  0.12423011E-09  0.18881603E-09  0.92523802E-04  0.13290475E-10
    5    2   -0.76149714E-10 -0.47991792E-10 -0.28303349E-09 -0.19173272E-09  0.30698898E-02 -0.12265080E-09
    1    3    0.48687226E-04  0.33450197E-12  0.86731437E-03  0.54704518E-12 -0.74530594E-12  0.63290331E-11
    2    3    0.48687226E-04  0.67852299E-13 -0.86731437E-03 -0.15061440E-11 -0.34075671E-11 -0.13040766E-11
    3    3    0.26531747E-07 -0.14505237E-12 -0.36561509E-11 -0.13016697E-11  0.15529307E-10 -0.20314124E-10
    4    3    0.20895891E-11  0.10752453E-10 -0.16112727E-10  0.95733931E-11  0.42616525E-03 -0.28401841E-10
    5    3   -0.17736774E-10 -0.80551544E-11  0.65937592E-10 -0.33113192E-10 -0.36517396E-02  0.10668153E-09
    1    4    0.23232149E-10 -0.12273007E-10  0.16606512E-10  0.22006650E-10  0.50521004E-03 -0.56560963E-12
    2    4   -0.27443595E-10 -0.19984952E-10  0.10473714E-09 -0.27579924E-10  0.50521001E-03 -0.67606814E-12
    3    4   -0.14249824E-10 -0.57096506E-12 -0.57747036E-10 -0.25555773E-10 -0.36517431E-02  0.87097000E-10
    4    4   -0.41438586E-04 -0.13676083E-12 -0.45909545E-10  0.34716174E-10  0.20128091E-09  0.10438565E-09
    5    4    0.26174401E-09 -0.33023202E-12  0.32093749E-10  0.53267372E-10 -0.44497070E-09 -0.24845438E-09
    1    5    0.59926687E-11 -0.41458961E-11  0.41695263E-10 -0.12825001E-10  0.16357322E-03  0.87981292E-11
    2    5    0.14314265E-10 -0.77531986E-11 -0.91815341E-10  0.70122226E-10  0.16357322E-03 -0.30669600E-10
    3    5   -0.15348077E-10  0.80308098E-11  0.37479534E-10 -0.85678852E-12  0.42616940E-03 -0.30528901E-10
    4    5   -0.20253128E-10  0.32185553E-12 -0.31286942E-10  0.43323805E-10  0.26684618E-09  0.18851866E-09
    5    5    0.41438588E-04 -0.27639870E-12  0.10410082E-09  0.46561904E-10 -0.33032173E-09  0.23772133E-09

    1    2    0
    1    1   -0.21054466E-08 -0.38045760E-12  0.21039976E-09  0.81397129E-12 -0.20022284E-11  0.37235655E-11
    2    1   -0.46361943E-03  0.14247376E-11  0.32122824E-03  0.30127687E-12  0.21032158E-11  0.31753815E-12
    3    1    0.66426235E-03 -0.18492315E-12 -0.10737019E-02  0.44860873E-12  0.31671333E-11 -0.16072176E-11
    4    1    0.87878272E-11 -0.70725674E-11  0.46089017E-10 -0.27655068E-10 -0.31500005E-03 -0.28118814E-10
    5    1    0.11406471E-10  0.14914496E-11 -0.86201090E-10 -0.38516935E-10 -0.93323009E-03 -0.19220099E-10
    1    2   -0.14592072E-03 -0.14877794E-11 -0.23070229E-03  0.99793351E-12  0.20344873E-11  0.84923980E-12
    2    2    0.27400349E-08  0.49841567E-13 -0.21244650E-09 -0.16367945E-14 -0.10937720E-11  0.13945101E-11
    3    2   -0.45553512E-04  0.62460319E-12  0.71223815E-03 -0.74010686E-12 -0.41080024E-11  0.65624470E-11
    4    2   -0.96414919E-11 -0.27996002E-12 -0.85485034E-10  0.37731100E-10  0.16357229E-03  0.11701934E-10
    5    2    0.16460089E-11 -0.61988515E-11  0.11262998E-09  0.27572870E-10  0.50521253E-03  0.12636111E-10
    1    3    0.48606101E-04  0.11082663E-11  0.11874118E-03  0.12499565E-11  0.18905714E-11 -0.18485508E-11
    2    3    0.59660245E-05 -0.49162025E-12 -0.13488356E-03 -0.10704650E-11 -0.98754713E-11  0.63632721E-11
    3    3   -0.19983528E-08 -0.33403835E-13 -0.39984637E-09 -0.10009333E-11  0.20212012E-11 -0.19452811E-11
    4    3   -0.40747457E-10 -0.61134531E-11  0.24163637E-10 -0.39624220E-10 -0.12616488E-03  0.36444131E-10
    5    3   -0.80337629E-11 -0.33118694E-10 -0.17176484E-10  0.32244220E-10  0.64379183E-03 -0.31279452E-10
    1    4    0.10302847E-10  0.11355979E-10 -0.25778303E-10  0.64852056E-10  0.10008022E-03 -0.62196895E-11
    2    4   -0.58706055E-11  0.47248553E-10  0.17386985E-10 -0.29938391E-10 -0.52450411E-03  0.22930716E-10
    3    4   -0.36726968E-10  0.45479951E-10 -0.71431088E-10  0.16540093E-10  0.64379079E-03  0.58744233E-11
    4    4    0.59155117E-04  0.10067817E-10 -0.12395065E-03 -0.35522595E-10 -0.21199734E-09 -0.46739703E-10
    5    4    0.35544925E-03 -0.30259748E-10 -0.96215766E-04 -0.15493596E-10  0.39158432E-09 -0.25141773E-10
    1    5   -0.93081478E-12  0.10413446E-10  0.95334633E-11 -0.38402106E-10 -0.23289263E-04 -0.20859249E-10
    2    5   -0.15336631E-10 -0.45803807E-10  0.11212561E-10  0.30869822E-10  0.17319488E-03  0.14502527E-10
    3    5   -0.15748481E-10 -0.18257297E-11  0.15237505E-10  0.52508198E-12 -0.12616526E-03  0.73716205E-11
    4    5    0.26512018E-03 -0.22037347E-10  0.11339423E-03 -0.31333180E-10 -0.55130019E-10  0.75584519E-10
    5    5   -0.59155117E-04  0.17848190E-10  0.12395067E-03 -0.71990356E-10 -0.20747530E-10 -0.15565044E-09

    1    3    0
    1    1   -0.93561744E-10 -0.38255965E-12  0.16301930E-09  0.30454892E-12 -0.80511433E-11  0.43732715E-12
    2    1   -0.21669760E-03  0.14862265E-11 -0.26813943E-03  0.39281374E-12  0.53249234E-11 -0.53900549E-11
    3    1    0.29939930E-03  0.47493834E-12 -0.21443567E-04  0.52577571E-12  0.32371923E-11  0.46264276E-11
    4    1    0.58215869E-10  0.30093165E-10 -0.11376296E-09 -0.49867290E-10 -0.39704261E-03  0.54304439E-11
    5    1   -0.28290001E-10 -0.86713014E-11  0.81121241E-10  0.45150259E-10  0.42641567E-03  0.16030454E-10
    1    2   -0.52903487E-04 -0.20335566E-11 -0.27448977E-04  0.15288790E-12  0.30916782E-11  0.39450108E-11
    2    2    0.77177514E-10 -0.42598323E-12 -0.14128900E-09  0.65845750E-12 -0.42784775E-12  0.70972936E-12
    3    2   -0.25472780E-04 -0.22998618E-12  0.52539417E-04 -0.93591266E-12 -0.35393636E-11 -0.72106983E-11
    4    2    0.18303675E-10  0.37528263E-10  0.19472545E-10  0.13651727E-09  0.17319466E-03 -0.19372080E-11
    5    2    0.64633992E-11 -0.48649900E-11  0.44190365E-11 -0.12673703E-09 -0.52450392E-03 -0.18943732E-10
    1    3    0.32787702E-04  0.13419077E-11  0.26246314E-04 -0.16067263E-11  0.35085660E-11 -0.61850428E-11
    2    3    0.25353958E-04 -0.11174532E-11  0.52220617E-04  0.14836777E-11 -0.99855835E-11  0.11681147E-10
    3    3    0.35112600E-10 -0.11264557E-12 -0.76613394E-10 -0.30821266E-12  0.73723716E-11 -0.11088982E-11
    4    3    0.16813032E-10  0.71403124E-10 -0.22297679E-10  0.13940745E-10  0.17319485E-03  0.46714170E-11
    5    3    0.74742307E-10 -0.79781328E-11 -0.12858412E-10  0.11972246E-10  0.40294476E-04 -0.93151827E-11
    1    4   -0.21161730E-10 -0.94562191E-11 -0.55364365E-11 -0.97046114E-11 -0.15347596E-03  0.40641856E-10
    2    4   -0.29953013E-10 -0.11495677E-10 -0.65513174E-11 -0.19493445E-10  0.40296132E-04 -0.28862550E-10
    3    4    0.15407130E-10 -0.40127458E-10  0.47524173E-11 -0.83376738E-11  0.40294762E-04 -0.17580747E-10
    4    4    0.30658859E-03 -0.30941418E-10 -0.53102841E-03  0.54961157E-10  0.44754169E-10  0.55064907E-11
    5    4    0.14968002E-03 -0.36114935E-10  0.63660453E-03  0.76505065E-11 -0.14456629E-09 -0.85783509E-10
    1    5    0.10222277E-10 -0.11228087E-10  0.15338829E-10 -0.10265510E-10 -0.23288969E-04 -0.16161985E-13
    2    5    0.29137294E-10  0.15268275E-10  0.23465411E-11  0.21019425E-10 -0.12616586E-03  0.13368854E-10
    3    5    0.54875921E-10 -0.47764397E-10  0.53192711E-10 -0.49184790E-10  0.17319496E-03  0.89568287E-11
    4    5   -0.41581957E-03  0.12623244E-10 -0.31156198E-03  0.31751181E-10  0.21991374E-09  0.88823738E-11
    5    5   -0.30658858E-03 -0.80687458E-11  0.53102840E-03  0.14104022E-10 -0.13308154E-09  0.11113432E-09

    2   -4    0
    1    1   -0.26227806E-09 -0.75352008E-12 -0.24075367E-09  0.18080069E-12 -0.97362280E-11  0.42116860E-11
    2    1   -0.10674379E-04 -0.27995148E-12 -0.11533531E-03 -0.19211443E-12  0.84545867E-11 -0.70338359E-11
    3    1    0.25907545E-04  0.24171757E-11  0.44631550E-04  0.12339345E-11  0.48335771E-12  0.31495061E-11
    4    1   -0.74792805E-10 -0.19048969E-10 -0.15274350E-10 -0.44744282E-10 -0.23289300E-04 -0.16164695E-10
    5    1    0.17343357E-10 -0.70039882E-11  0.33173424E-10  0.74347225E-10 -0.15347603E-03  0.74693694E-11
    1    2   -0.31618084E-04 -0.85355314E-12  0.88715423E-06  0.67493065E-12  0.70409758E-11 -0.36180547E-12
    2    2   -0.22665701E-08 -0.46541860E-12 -0.39781576E-08 -0.36531944E-13 -0.53815703E-11 -0.25707854E-11
    3    2    0.17544659E-04 -0.89785054E-12 -0.21304068E-04 -0.22767774E-11  0.42354115E-12 -0.11857867E-11
    4    2    0.15794146E-10 -0.82702388E-10  0.49415040E-10 -0.27272175E-10  0.59068460E-05 -0.18102765E-10
    5    2   -0.16577939E-10 -0.74676138E-11 -0.76461190E-12 -0.24620073E-10  0.18770867E-03  0.48227043E-10
    1    3    0.25849082E-04  0.54406603E-12  0.29262737E-04 -0.28838123E-11  0.22635561E-11 -0.42529278E-11
    2    3   -0.50052414E-04 -0.13426541E-11 -0.27845196E-04  0.18294637E-11 -0.92673821E-11  0.74896801E-11
    3    3   -0.10718815E-09 -0.40500762E-12 -0.33935196E-09 -0.38084726E-12  0.50736573E-11 -0.67905984E-12
    4    3    0.26778367E-10  0.97696890E-11 -0.30763231E-10  0.24345667E-10 -0.23289414E-04 -0.12168259E-10
    5    3   -0.78464899E-10 -0.52021442E-10  0.51624546E-10 -0.24005086E-10  0.18770857E-03 -0.22170145E-10
    1    4   -0.14240698E-10  0.28424247E-10 -0.19267637E-10  0.32035667E-10  0.18770924E-03 -0.21206325E-10
    2    4    0.17483369E-10 -0.22932464E-10  0.33411517E-10 -0.44779979E-10 -0.39608716E-03 -0.99666111E-11
    3    4   -0.17906070E-10  0.21933292E-10 -0.17524987E-10  0.22976250E-10  0.18770914E-03 -0.74673197E-11
    4    4    0.68522265E-04  0.16642334E-11  0.11868422E-03  0.59962877E-11 -0.77934268E-12  0.34162031E-10
    5    4    0.41253586E-03 -0.59974967E-10 -0.56741260E-03 -0.57393982E-10  0.20561134E-09 -0.12162715E-10
    1    5    0.23317918E-10 -0.13405498E-10  0.15787129E-10 -0.48531776E-10  0.17319501E-03 -0.10494511E-10
    2    5    0.96538075E-11 -0.17114292E-10 -0.11003802E-11  0.95183980E-11 -0.12616548E-03  0.43131498E-10
    3    5   -0.54854885E-10  0.95886062E-10 -0.17899964E-10  0.38089141E-10 -0.23289233E-04 -0.84304460E-11
    4    5   -0.14261449E-03  0.38728851E-10 -0.42495596E-03  0.34288598E-10 -0.27637811E-09 -0.11992371E-09
    5    5   -0.68522251E-04  0.48994090E-11 -0.11868421E-03 -0.69304718E-11 -0.42979075E-10 -0.17931936E-09

    2   -3    0
    1    1   -0.14440503E-08 -0.16647577E-12 -0.22988438E-08 -0.70078492E-13 -0.13587870E-10 -0.30943215E-11
    2    1    0.43793723E-03  0.38732956E-12 -0.35631733E-03  0.92148617E-12  0.12035608E-10 -0.60895496E-11
    3    1   -0.42328330E-04  0.10440602E-11  0.27937404E-03  0.94379840E-12 -0.16749397E-11  0.50781901E-11
    4    1    0.14841887E-10  0.64374049E-12  0.38420962E-10  0.38235089E-10  0.16357206E-03 -0.25418598E-10
    5    1    0.40329647E-10  0.24596179E-10 -0.40925556E-10 -0.23650401E-10  0.10008008E-03  0.48517355E-10
    1    2   -0.10563439E-03  0.43284067E-12  0.52387085E-04 -0.36699094E-12  0.64668142E-11  0.42468985E-11
    2    2    0.99451294E-09  0.33222251E-12  0.18049044E-08 -0.42423671E-12 -0.95738276E-11 -0.10449934E-11
    3    2    0.32335891E-04 -0.25501302E-11 -0.13126292E-03 -0.21623387E-11 -0.21433010E-11 -0.47216975E-11
    4    2    0.28858104E-10  0.59407229E-10  0.62475010E-11 -0.38623788E-10 -0.12616489E-03  0.52041962E-11
    5    2   -0.37353827E-10  0.60544464E-10 -0.82202219E-10  0.61245723E-10 -0.39608952E-03 -0.16528536E-10
    1    3    0.38241957E-03  0.91871264E-12  0.29331394E-03  0.14446918E-11  0.37199169E-11 -0.33619991E-11
    2    3   -0.90241744E-03 -0.25730531E-11 -0.20776120E-03 -0.14941996E-11 -0.72875847E-11  0.73213347E-11
    3    3    0.79554403E-09  0.37035479E-13  0.18396387E-08 -0.12743799E-12  0.19013008E-11  0.12114654E-11
    4    3   -0.28183466E-10 -0.10368167E-09 -0.63664792E-11  0.22083628E-10 -0.31499960E-03  0.99998894E-11
    5    3    0.93144932E-11  0.72946605E-10  0.75840173E-12 -0.60458210E-11  0.10007989E-03 -0.75145860E-11
    1    4   -0.12603375E-11  0.58419278E-11  0.25976553E-10 -0.65289618E-11 -0.52450382E-03 -0.19113790E-12
    2    4    0.82363712E-13  0.26648169E-10  0.25713309E-10  0.40729445E-10  0.64379103E-03 -0.12501976E-10
    3    4    0.31577337E-10 -0.21079908E-10  0.37046773E-10 -0.18593723E-10  0.10008027E-03  0.26914708E-10
    4    4   -0.13692162E-03  0.51611363E-10  0.10745402E-04 -0.17005971E-10  0.26296747E-09  0.10580451E-09
    5    4    0.78155769E-03  0.39767782E-11  0.10565242E-02  0.90756802E-10 -0.17994967E-09  0.16738417E-09
    1    5    0.64915024E-11  0.72907104E-11  0.18755591E-12  0.50889092E-10 -0.78611823E-03  0.10280359E-10
    2    5    0.13072524E-11 -0.50008800E-11 -0.30789198E-10  0.13678480E-10  0.19828388E-02 -0.21672818E-10
    3    5   -0.13672430E-10 -0.14438128E-10 -0.32909840E-11 -0.61039322E-10 -0.31500036E-03  0.77669416E-11
    4    5    0.93250772E-03 -0.35439902E-10  0.18445427E-02 -0.62869199E-10  0.62928667E-10 -0.16385746E-09
    5    5    0.13692172E-03  0.96166716E-11 -0.10745431E-04  0.13029508E-12  0.14626283E-09  0.18336409E-09

    2   -2    0
    1    1   -0.18847016E-09 -0.24112656E-15 -0.26437454E-07  0.12514580E-15 -0.29043567E-10 -0.46690882E-11
    2    1    0.67947749E-02  0.78414312E-12  0.95532364E-02  0.12501703E-11  0.15049277E-10 -0.11619403E-10
    3    1   -0.11207546E-02  0.66428595E-12  0.17838603E-02  0.16434557E-11 -0.18511859E-10  0.12831790E-10
    4    1   -0.91707130E-10  0.68911850E-10  0.53467337E-10 -0.87120717E-10 -0.27266137E-02  0.95516484E-11
    5    1    0.77194925E-11 -0.17724621E-10 -0.72892656E-11  0.65854053E-10  0.50521404E-03 -0.26037756E-10
    1    2   -0.50149765E-03 -0.93056801E-13  0.37040280E-02 -0.11502311E-11  0.25214603E-10  0.98890665E-11
    2    2   -0.18940594E-09  0.11783274E-11  0.26437454E-07  0.32994903E-16 -0.19248382E-10 -0.58303705E-11
    3    2    0.59410067E-03 -0.21302108E-11 -0.89833100E-03 -0.11006736E-11  0.33736880E-11 -0.28560505E-11
    4    2   -0.60142324E-11 -0.95772028E-10 -0.13133903E-10 -0.11019606E-10  0.19828420E-02 -0.77347817E-10
    5    2   -0.68350353E-11 -0.59312590E-10  0.32531040E-10 -0.51615148E-10  0.64379239E-03  0.34931099E-10
    1    3    0.94276814E-03  0.13473765E-12 -0.34083579E-03  0.17679016E-11  0.10975017E-10 -0.48572019E-11
    2    3   -0.20973830E-02 -0.34964776E-11  0.22207433E-03 -0.21590665E-11 -0.82624727E-11  0.35759299E-11
    3    3    0.85092173E-10  0.27688615E-12  0.14051260E-15  0.96402343E-16  0.92360275E-12  0.17116869E-11
    4    3    0.73176653E-10  0.75605777E-10 -0.37729723E-10  0.59753786E-10 -0.93323093E-03  0.30335437E-10
    5    3   -0.43244420E-10 -0.94426296E-11  0.49627127E-10 -0.40316046E-10 -0.93323397E-03 -0.28638318E-10
    1    4   -0.28002858E-11 -0.85538955E-11 -0.26526726E-10 -0.15310475E-10  0.19828420E-02 -0.12712445E-10
    2    4   -0.81934026E-10  0.10839913E-10  0.41916558E-10 -0.11944610E-10 -0.27266138E-02  0.41514676E-10
    3    4    0.59019303E-11 -0.23440501E-10 -0.41799207E-10  0.34576656E-10 -0.93323090E-03 -0.34211804E-10
    4    4   -0.90570269E-03  0.25018525E-10 -0.60715322E-17  0.19353237E-16 -0.40083737E-09  0.16658867E-09
    5    4   -0.12685955E-02 -0.20045807E-10 -0.70356463E-03  0.21831126E-11  0.13738134E-09 -0.29590590E-09
    1    5   -0.21903198E-10  0.94521824E-11  0.64383597E-11 -0.38566765E-10  0.64379246E-03  0.72081726E-11
    2    5    0.31489816E-10  0.27690636E-10 -0.46496734E-11 -0.10530910E-10  0.50521392E-03 -0.65564674E-11
    3    5    0.16502067E-10 -0.38345240E-10  0.34755312E-10  0.23960950E-11 -0.93323396E-03  0.22746571E-10
    4    5   -0.42097139E-03 -0.34903418E-10 -0.13974061E-03 -0.51731861E-10 -0.14516558E-10  0.21960749E-09
    5    5    0.90570285E-03  0.14954274E-10 -0.13877788E-16 -0.13731675E-16 -0.72283543E-10 -0.16634258E-09

    2   -1    0
    1    1   -0.11617584E-07  0.41575684E-13  0.24042968E-07 -0.11924923E-12 -0.41680033E-10 -0.11040537E-10
    2    1    0.61620829E-02 -0.28060345E-13  0.32164043E-02 -0.87777821E-13  0.17839781E-10 -0.25097751E-10
    3    1   -0.59264362E-02  0.37662408E-12 -0.21345906E-02  0.54057822E-12  0.46202786E-10  0.18144004E-10
    4    1    0.49604821E-10 -0.49200699E-10  0.80792646E-10  0.21009202E-10 -0.36517427E-02 -0.88588433E-10
    5    1   -0.12578728E-09 -0.11144879E-09 -0.73149304E-10 -0.36087136E-10  0.60893774E-02  0.18242686E-10
    1    2   -0.63958597E-03  0.12101400E-11 -0.31667482E-03 -0.58583802E-12  0.80395131E-11  0.10317175E-10
    2    2    0.15907043E-07  0.12965371E-11 -0.27490165E-07  0.84643545E-12 -0.45552633E-11  0.76231278E-11
    3    2    0.18548063E-02 -0.22820760E-11  0.96675315E-03 -0.74433844E-12 -0.14327975E-10 -0.23140100E-10
    4    2    0.92030669E-10 -0.77104351E-11  0.56232518E-10 -0.23518760E-10  0.50520947E-03 -0.16570452E-10
    5    2   -0.39064527E-10  0.16871846E-09 -0.29436846E-10  0.65375936E-10 -0.27266061E-02  0.84841590E-10
    1    3    0.68373126E-03 -0.10558256E-11  0.24074758E-03 -0.65885069E-13  0.87433560E-13 -0.15501436E-11
    2    3   -0.19634352E-02 -0.14916109E-11 -0.89578569E-03 -0.21351960E-11 -0.10890288E-10  0.58441178E-11
    3    3    0.14130683E-07  0.92156578E-12 -0.28492034E-07  0.40955347E-12  0.18754033E-11  0.73012574E-11
    4    3   -0.31905999E-10 -0.10494035E-09 -0.23779968E-10 -0.79497632E-10  0.50520860E-03  0.17145684E-10
    5    3   -0.52593455E-10 -0.29370979E-11 -0.18745793E-10 -0.21149145E-10  0.92519695E-04 -0.69459372E-10
    1    4    0.31503829E-12 -0.13935935E-10  0.58992168E-10  0.19012252E-11  0.42616513E-03  0.23435167E-10
    2    4    0.43460474E-10 -0.15688557E-09  0.22941202E-10 -0.66354502E-10  0.92523158E-04 -0.33699937E-10
    3    4    0.88934845E-11  0.82426032E-10 -0.22497532E-10  0.25179781E-10  0.92523566E-04 -0.21474631E-10
    4    4    0.20719164E-04  0.29754547E-10 -0.35886951E-04  0.17898885E-10  0.36230675E-09 -0.11443675E-09
    5    4    0.19829425E-03 -0.94311801E-10  0.11562493E-02 -0.59518104E-10  0.32560945E-09  0.22664150E-09
    1    5    0.19270327E-10 -0.15298065E-11 -0.26015784E-10 -0.55296221E-11  0.64379185E-03  0.23726546E-11
    2    5   -0.30608924E-11 -0.21864161E-10 -0.30073505E-12 -0.28399164E-10 -0.93322963E-03  0.19930057E-10
    3    5    0.33125331E-10  0.60626224E-11  0.28884398E-10 -0.50993400E-11  0.50521328E-03 -0.15626218E-11
    4    5   -0.59044976E-04 -0.65842646E-10 -0.10065734E-02 -0.83067620E-10 -0.23694931E-09 -0.29183028E-09
    5    5   -0.20719151E-04  0.41218623E-10  0.35886958E-04  0.23311671E-10 -0.57640725E-10 -0.19779781E-09

    2    0    0
    1    1    0.42133377E-07  0.12572365E-12  0.82375586E-08  0.21787346E-12 -0.82108678E-11 -0.49292397E-11
    2    1    0.90205411E-04  0.52330356E-12  0.20896774E-02 -0.15697910E-11  0.33500644E-11 -0.14926091E-11
    3    1   -0.75009842E-02  0.71637932E-12 -0.99192495E-03  0.10385389E-11 -0.11236474E-10  0.11209638E-10
    4    1    0.12259833E-10 -0.24978202E-10 -0.17967437E-10 -0.95132988E-10 -0.27266086E-02  0.33196253E-10
    5    1    0.35414229E-10  0.11912756E-09  0.47063899E-10  0.15964866E-09  0.60893724E-02  0.23673157E-10
    1    2   -0.59772560E-03  0.40566579E-12 -0.11121183E-02  0.11958176E-11  0.68934039E-11  0.65095313E-11
    2    2    0.16389640E-08  0.13997059E-12  0.72164812E-08  0.24263271E-12 -0.11022140E-10  0.47092730E-12
    3    2    0.14989500E-02 -0.10572613E-12  0.21545728E-02 -0.78508662E-12 -0.21685897E-11 -0.51147795E-11
    4    2   -0.23387222E-10  0.42724234E-11 -0.40217359E-10 -0.11415132E-10 -0.93322659E-03 -0.65578400E-10
    5    2    0.85340458E-11 -0.14737374E-09  0.26608102E-10 -0.12504646E-09  0.92519324E-04 -0.16125271E-10
    1    3   -0.97002620E-03 -0.66478776E-12  0.22758369E-02 -0.60385884E-12  0.82774897E-11  0.58608829E-11
    2    3   -0.94884778E-04 -0.51689154E-12 -0.10889073E-02 -0.18501009E-11 -0.28134290E-11 -0.13652216E-11
    3    3   -0.31552237E-08  0.17768773E-13  0.40131077E-07  0.30723687E-13  0.67889930E-11 -0.65989359E-11
    4    3    0.15584102E-10  0.25220526E-10  0.28448610E-11  0.36713886E-10  0.19828456E-02  0.21830517E-10
    5    3    0.21907475E-10  0.66407540E-10  0.29040836E-10  0.10101195E-09 -0.27266000E-02  0.10007503E-10
    1    4    0.11758599E-10  0.19962208E-10 -0.15930921E-11  0.13991739E-10  0.19828466E-02  0.35363192E-11
    2    4   -0.38267037E-10 -0.10581755E-11 -0.57254438E-10  0.43430325E-10 -0.93322574E-03 -0.45196481E-11
    3    4   -0.21923004E-10 -0.58323121E-12 -0.63579841E-10 -0.23793968E-11 -0.27266099E-02  0.15827297E-10
    4    4    0.45286492E-03  0.44314269E-10  0.78438021E-03  0.76754488E-10 -0.13074810E-09  0.18178724E-09
    5    4   -0.23463308E-03 -0.23782082E-10  0.58514982E-03 -0.17308293E-10 -0.29797398E-09 -0.41624738E-10
    1    5   -0.88338866E-11  0.93767375E-11 -0.21543178E-10  0.12989090E-10 -0.78611574E-03 -0.95943793E-12
    2    5    0.32121756E-10 -0.31054426E-10  0.79473666E-10 -0.64896440E-10 -0.31500169E-03 -0.23309183E-10
    3    5   -0.53277226E-11  0.34631369E-10  0.95184071E-11  0.59527526E-10  0.19828432E-02  0.16272612E-10
    4    5   -0.13188580E-03  0.83087507E-11  0.41085467E-03  0.30026116E-10  0.97791078E-10 -0.99172769E-10
    5    5   -0.45282453E-03  0.43334133E-10 -0.78432477E-03  0.75056411E-10  0.18101529E-09  0.18648237E-09

    2    1    0
    1    1    0.27402397E-08 -0.86701262E-13  0.21306659E-09  0.11334475E-11  0.45660801E-11 -0.54655094E-12
    2    1   -0.14592072E-03  0.87836857E-12  0.23070228E-03 -0.14282342E-11  0.25027972E-11 -0.26866913E-11
    3    1   -0.45553516E-04  0.51088810E-12 -0.71223815E-03  0.46693956E-12 -0.15488452E-11 -0.32323693E-11
    4    1   -0.93035617E-11  0.48542811E-11  0.22423344E-11  0.17903218E-10  0.16357233E-03 -0.20778176E-10
    5    1   -0.33557131E-11 -0.23217373E-10  0.71075421E-11  0.29573576E-10  0.50521254E-03 -0.42672469E-10
    1    2   -0.46361943E-03 -0.17977058E-11 -0.32122824E-03  0.15869244E-11 -0.16634610E-11 -0.33852873E-11
    2    2   -0.21056490E-08  0.30580932E-13 -0.21059682E-09  0.14024537E-12 -0.68551951E-11  0.55353169E-12
    3    2    0.66426235E-03  0.83454457E-12  0.10737019E-02  0.10376543E-12  0.72406362E-11  0.33823597E-11
    4    2    0.38820044E-10 -0.35319479E-10  0.10237505E-09 -0.32416011E-10 -0.31499999E-03 -0.70663257E-11
    5    2   -0.33300439E-10  0.78830859E-11 -0.70937156E-10 -0.67611650E-11 -0.93323007E-03  0.52515136E-10
    1    3    0.59660241E-05  0.73863132E-12  0.13488356E-03 -0.89463137E-12 -0.30945700E-11  0.68444206E-13
    2    3    0.48606100E-04 -0.63235360E-12 -0.11874118E-03 -0.73898841E-12 -0.41426752E-12  0.42009862E-11
    3    3   -0.19991328E-08 -0.61164268E-12  0.39620730E-09 -0.62996136E-12 -0.18498817E-12 -0.47980454E-11
    4    3   -0.72035255E-11 -0.52950637E-10  0.17705495E-11  0.20074716E-10 -0.12616493E-03  0.26252014E-10
    5    3   -0.27056100E-10 -0.26001697E-10  0.13714298E-10 -0.60159739E-10  0.64379187E-03 -0.24829872E-10
    1    4   -0.47529554E-10 -0.30643773E-10  0.15605680E-11 -0.41036177E-10 -0.52450419E-03  0.16356888E-10
    2    4    0.45916599E-11  0.14876682E-10  0.29900903E-10 -0.10805790E-10  0.10008021E-03  0.18516939E-10
    3    4    0.32370071E-11 -0.61673971E-11  0.35951996E-11 -0.56456805E-11  0.64379083E-03 -0.22513080E-10
    4    4    0.59155101E-04 -0.31721594E-11  0.12395059E-03 -0.19696586E-10  0.65878135E-10  0.68399895E-10
    5    4    0.35544926E-03 -0.51370722E-10  0.96215700E-04 -0.72846809E-10  0.27313121E-09 -0.88421637E-11
    1    5    0.16676948E-10  0.46546095E-10  0.94378172E-11  0.35508626E-10  0.17319493E-03 -0.40655809E-10
    2    5    0.36762084E-11 -0.66784579E-11 -0.32133189E-10  0.88715760E-11 -0.23289268E-04  0.10724572E-10
    3    5   -0.34689904E-10  0.33914744E-10 -0.27541419E-12 -0.35937809E-10 -0.12616530E-03  0.38796849E-10
    4    5    0.26512025E-03 -0.47621797E-10 -0.11339427E-03 -0.41448596E-10 -0.10287382E-09 -0.35477943E-10
    5    5   -0.59155099E-04 -0.76030965E-11 -0.12395060E-03 -0.27949183E-10 -0.95628900E-10 -0.22645252E-09

    2    2    0
    1    1    0.34064989E-09 -0.49837500E-12  0.12972511E-09  0.96409079E-12 -0.25074252E-11  0.24059683E-11
    2    1   -0.55746595E-04 -0.15199300E-11  0.15368596E-04 -0.20205899E-11  0.60111774E-11 -0.54440061E-11
    3    1    0.81788261E-04  0.15370076E-11 -0.87490095E-04 -0.16541315E-12  0.64627053E-12  0.11651568E-11
    4    1    0.38111558E-11 -0.17846198E-11  0.45793401E-10  0.29646678E-11 -0.23289469E-04 -0.55721708E-11
    5    1    0.68684935E-12  0.19488975E-10 -0.40056092E-10  0.10502090E-10  0.10008035E-03  0.52976100E-10
    1    2   -0.55746597E-04 -0.16831509E-11 -0.15368595E-04  0.16180156E-12  0.49246066E-11 -0.26474491E-11
    2    2    0.34028112E-09 -0.23684460E-12 -0.13007942E-09  0.33637746E-12 -0.37397850E-11 -0.21273959E-11
    3    2    0.81788263E-04  0.45984829E-12  0.87490094E-04 -0.17966560E-12  0.48733533E-12  0.44233793E-11
    4    2   -0.18856705E-10  0.27018199E-10 -0.35326691E-10 -0.73409078E-10 -0.23289464E-04 -0.37965800E-10
    5    2   -0.97542883E-11  0.10017331E-10 -0.38506508E-10  0.43333139E-10  0.10008033E-03  0.28717308E-11
    1    3    0.17400678E-04  0.15660218E-11  0.22190823E-04 -0.21397082E-11 -0.12330726E-13 -0.18505392E-11
    2    3    0.17400677E-04 -0.57453776E-12 -0.22190822E-04  0.22684221E-11 -0.79140361E-11  0.87197533E-11
    3    3    0.45656039E-08 -0.89750386E-12 -0.11069973E-11 -0.86210422E-12  0.52138697E-11 -0.12635405E-11
    4    3    0.20970966E-10 -0.27920007E-10  0.45130727E-11  0.72941277E-11  0.59070497E-05  0.24098262E-10
    5    3    0.30691914E-10  0.88818889E-10 -0.48321929E-11  0.12285911E-10 -0.39608967E-03 -0.46756539E-10
    1    4    0.13037701E-11 -0.11156179E-10 -0.14707370E-10  0.14765325E-11  0.18770938E-03  0.13976659E-10
    2    4    0.13844705E-10  0.89482545E-11  0.12305202E-10 -0.10076649E-10  0.18770944E-03 -0.16611070E-10
    3    4    0.78696800E-10 -0.24654162E-10 -0.10695323E-11  0.47998208E-11 -0.39608715E-03 -0.16900074E-10
    4    4   -0.13704465E-03  0.58735065E-11 -0.32163822E-10  0.33056317E-10 -0.15641434E-10 -0.42366685E-10
    5    4   -0.10055909E-02 -0.65396129E-10  0.41859207E-10  0.52237109E-10 -0.15379899E-09 -0.74654611E-10
    1    5   -0.12957699E-10 -0.16765358E-10  0.26122622E-10 -0.59154935E-11  0.59103867E-05  0.25772086E-10
    2    5   -0.32114145E-10  0.29807643E-10 -0.23143976E-10  0.11366326E-10  0.59103192E-05 -0.12522688E-10
    3    5    0.35211089E-11 -0.50205941E-10  0.38876112E-12  0.12886739E-11  0.59107254E-05  0.22456300E-10
    4    5   -0.63558070E-04 -0.27012591E-10 -0.10160522E-09 -0.47899701E-10  0.15737360E-09 -0.19956556E-10
    5    5    0.13704466E-03  0.40238659E-11  0.41801038E-10  0.39227957E-10 -0.78092502E-11  0.17896844E-09

    3   -4    0
    1    1   -0.67200938E-10 -0.40014433E-12  0.13100161E-10 -0.55386251E-13 -0.11683294E-10  0.62806601E-11
    2    1    0.23359806E-04 -0.97911553E-12 -0.31816081E-06 -0.30960535E-13  0.13101469E-10 -0.47468985E-11
    3    1    0.10015025E-04  0.21731499E-11  0.53694848E-04  0.56597758E-12  0.66426203E-12  0.37661823E-12
    4    1    0.68435627E-10  0.27175977E-10 -0.60769432E-10  0.35463381E-10  0.17319500E-03  0.10039272E-10
    5    1    0.31870028E-10  0.19223229E-10  0.30696624E-10  0.29626097E-10  0.18770871E-03 -0.11116226E-10
    1    2    0.23359731E-04 -0.29344122E-12  0.31800994E-06  0.42063781E-12  0.87279360E-11 -0.51551418E-12
    2    2   -0.67105988E-10 -0.21572893E-12 -0.13601973E-10 -0.67855932E-12 -0.70103308E-11 -0.25491165E-11
    3    2    0.10014942E-04 -0.21155086E-12 -0.53694953E-04 -0.25510317E-11 -0.72545736E-12 -0.12574418E-11
    4    2    0.30876913E-10  0.10311992E-09 -0.19043979E-10  0.78837420E-10  0.17319477E-03  0.23973011E-10
    5    2    0.28722729E-10  0.45921369E-10  0.36545681E-10 -0.31946498E-10  0.18770860E-03 -0.11019139E-10
    1    3   -0.10206613E-03 -0.29403208E-12  0.24669730E-03  0.90253380E-13  0.20080075E-11 -0.70229688E-12
    2    3   -0.10206617E-03 -0.11470517E-11 -0.24669728E-03 -0.42311217E-12 -0.69493557E-11  0.30502703E-11
    3    3    0.67399974E-10 -0.95689906E-12  0.26428512E-14 -0.10640967E-12  0.11264490E-11 -0.33706020E-12
    4    3   -0.70031161E-10 -0.28601670E-10  0.15813612E-11 -0.93799792E-11 -0.39704269E-03 -0.30086859E-10
    5    3    0.53187620E-10 -0.23994646E-10 -0.84826761E-12  0.24880359E-11 -0.15347587E-03  0.46921638E-10
    1    4    0.75661256E-11  0.32234252E-11 -0.54464252E-10  0.44797661E-10  0.40295369E-04  0.23227458E-10
    2    4   -0.12688552E-10  0.11990994E-10 -0.20974818E-10 -0.20976281E-10  0.40295534E-04 -0.33086613E-10
    3    4    0.13916938E-10 -0.51621626E-10  0.64171047E-11 -0.85571378E-11 -0.15347598E-03 -0.28022283E-11
    4    4   -0.61317846E-03 -0.30175616E-10 -0.22052672E-13  0.93341264E-12  0.14327026E-09  0.11990802E-10
    5    4   -0.10433443E-02  0.66848815E-10 -0.28197337E-10 -0.27344264E-10 -0.16308188E-09  0.10338050E-09
    1    5   -0.20618330E-10  0.77325812E-11  0.57186924E-10  0.97598919E-11  0.18053188E-03 -0.17681012E-10
    2    5    0.31619689E-11  0.11205384E-10  0.39688004E-10  0.61986915E-10  0.18053198E-03  0.19011572E-10
    3    5    0.29120314E-10 -0.59520202E-11 -0.21369226E-10  0.34409520E-11 -0.39704274E-03  0.12196665E-10
    4    5    0.66551565E-03  0.17991816E-10  0.12274327E-09  0.58994591E-10  0.10473369E-09 -0.91174942E-10
    5    5    0.61317840E-03 -0.58337626E-10 -0.50146961E-11  0.16690989E-11  0.15451356E-09  0.15154800E-09

    3   -3    0
    1    1    0.44166485E-10  0.41891794E-13 -0.60217730E-08  0.30110864E-16 -0.17657856E-10 -0.15690239E-11
    2    1    0.91689563E-03 -0.10336651E-11  0.44444930E-02  0.54362713E-12  0.15209612E-10 -0.51366193E-11
    3    1   -0.69910540E-04  0.19102187E-11  0.47226316E-03  0.19893303E-11 -0.14743377E-11  0.63412532E-11
    4    1    0.32539279E-11  0.14256343E-10  0.24370110E-10 -0.79399445E-11 -0.78611995E-03  0.84539280E-11
    5    1   -0.91129125E-10 -0.25965267E-10  0.72942714E-11 -0.77535513E-10 -0.52450379E-03  0.20842863E-11
    1    2   -0.12906029E-04  0.95035546E-12  0.99932676E-05 -0.12903316E-11  0.15050185E-10  0.62615363E-11
    2    2    0.43621527E-10  0.98143884E-12  0.60217731E-08  0.64996471E-16 -0.11767415E-10 -0.79358017E-12
    3    2    0.53249192E-04 -0.17687506E-11 -0.34109498E-03 -0.23343106E-11 -0.17760143E-11 -0.15174778E-11
    4    2   -0.38273323E-10 -0.56198940E-10 -0.36282538E-10 -0.63991133E-10  0.18053435E-03  0.10387380E-10
    5    2   -0.19221619E-10 -0.74584545E-10  0.23838811E-10  0.31941102E-10  0.40294994E-04 -0.25752468E-10
    1    3    0.11457375E-03 -0.15941783E-13 -0.32360241E-03  0.12108931E-11  0.40027883E-11 -0.15664087E-12
    2    3   -0.38169067E-03 -0.24005899E-11  0.35836793E-03 -0.33457597E-11 -0.56891623E-11  0.17087650E-11
    3    3   -0.12036157E-09  0.13335158E-12 -0.43368087E-16  0.95758090E-16  0.54959967E-11  0.11451969E-11
    4    3    0.38415397E-10  0.72119890E-10  0.17587231E-10 -0.22214669E-10  0.42641159E-03 -0.12674128E-12
    5    3    0.54121427E-10  0.46098080E-10 -0.43622469E-10  0.15883531E-10  0.42641182E-03  0.78162753E-11
    1    4   -0.15934234E-10 -0.32573313E-11 -0.19606766E-10 -0.65158049E-10  0.18053435E-03 -0.31009524E-11
    2    4    0.78393388E-12  0.16871969E-10 -0.51189905E-10 -0.14251413E-10 -0.78612001E-03  0.25857558E-10
    3    4    0.28974293E-10 -0.25067993E-10  0.27226321E-10  0.43642590E-10  0.42641156E-03 -0.34089658E-10
    4    4    0.10694633E-02 -0.42327038E-10  0.13704315E-15  0.19101929E-15 -0.14152339E-09 -0.13428579E-09
    5    4    0.77433783E-03  0.25203168E-10 -0.40133005E-03  0.66926944E-10 -0.48742445E-10 -0.48606974E-10
    1    5   -0.81000552E-11  0.43822262E-11 -0.11857923E-10  0.24980466E-10  0.40294950E-04  0.19644856E-10
    2    5   -0.61375462E-11  0.47029694E-10  0.10410134E-10 -0.53183236E-10 -0.52450374E-03 -0.16182192E-10
    3    5   -0.57167403E-11 -0.16370339E-10 -0.41664937E-10 -0.77348710E-11  0.42641185E-03  0.23954002E-11
    4    5   -0.29629291E-03  0.10599179E-10 -0.60515705E-03  0.15898490E-10  0.12412280E-09  0.18763883E-09
    5    5   -0.10694634E-02  0.10661974E-10 -0.10234869E-15  0.40447311E-16 -0.23106486E-09  0.12442577E-09

    3   -2    0
    1    1    0.99544187E-09 -0.16813504E-12 -0.18050238E-08 -0.28130796E-12 -0.96615909E-11 -0.86520324E-11
    2    1    0.71825049E-03 -0.98353817E-12  0.17150764E-03  0.25649460E-12  0.10939770E-10  0.49978406E-11
    3    1   -0.57505705E-03  0.62530406E-12 -0.61486814E-03  0.21963929E-11  0.16798366E-11  0.29045185E-11
    4    1   -0.69778701E-11 -0.50797311E-12 -0.15370162E-10  0.23872590E-10  0.64379110E-03  0.12727702E-10
    5    1    0.73714895E-10 -0.42536759E-10 -0.47804675E-11  0.59378820E-10  0.19828387E-02 -0.27204030E-10
    1    2   -0.58236858E-04 -0.27850763E-12 -0.42103352E-05 -0.10808289E-11  0.96652623E-11  0.46775020E-11
    2    2   -0.14441959E-08  0.17265261E-11  0.22984791E-08  0.90991245E-12 -0.59983453E-11  0.12726280E-11
    3    2    0.18449053E-03 -0.17877037E-11  0.37856242E-03 -0.93583916E-12 -0.31824466E-11 -0.68538088E-11
    4    2   -0.40398742E-10  0.91706274E-10 -0.54123532E-10  0.75490290E-10 -0.52450371E-03  0.21400229E-10
    5    2    0.87374610E-10  0.52870438E-10  0.71503030E-10  0.79339889E-11 -0.78611828E-03  0.45059135E-11
    1    3    0.12462763E-03 -0.32620350E-12 -0.66150534E-04  0.85284384E-12 -0.71435751E-12  0.17165396E-11
    2    3   -0.30157355E-03 -0.25810006E-11  0.65382907E-04 -0.42433286E-11 -0.21953896E-11 -0.58077120E-12
    3    3    0.79544575E-09  0.11464883E-11 -0.18397010E-08  0.28319101E-12  0.64806712E-13  0.79040974E-12
    4    3   -0.66385466E-10 -0.44461391E-10  0.12805269E-10 -0.54271877E-10  0.10008024E-03 -0.59013687E-10
    5    3   -0.20514656E-10 -0.66926164E-10  0.64996908E-11 -0.13187701E-10 -0.31500037E-03  0.32071555E-10
    1    4    0.11461990E-10 -0.20806042E-11 -0.43778499E-10  0.27504187E-11 -0.12616487E-03  0.56366869E-12
    2    4   -0.11794197E-10 -0.36732585E-10  0.12622314E-10 -0.24682570E-10  0.16357210E-03  0.71242318E-11
    3    4    0.17367722E-11  0.64337357E-10  0.22573400E-11  0.30164555E-11 -0.31499964E-03 -0.25684887E-10
    4    4   -0.13692176E-03 -0.69891616E-10 -0.10745441E-04 -0.17948294E-10  0.77849862E-10 -0.96929616E-10
    5    4   -0.18603246E-03  0.46447368E-10  0.19411079E-02 -0.38761953E-10  0.50985717E-10  0.90329496E-10
    1    5   -0.42490773E-11 -0.17698852E-10  0.51801681E-10  0.29775961E-10 -0.39608960E-03  0.50094972E-11
    2    5   -0.50789069E-11 -0.24373453E-10  0.13411771E-10  0.63166099E-11  0.10008005E-03  0.53767281E-11
    3    5   -0.74800789E-11 -0.35982514E-10 -0.14695951E-12  0.35021394E-10  0.10007990E-03 -0.66512457E-11
    4    5   -0.14182679E-03  0.30744206E-10  0.10194538E-02 -0.10853226E-10 -0.14138831E-09  0.11590947E-10
    5    5    0.13692176E-03 -0.25654534E-10  0.10745436E-04 -0.91177517E-11  0.21327708E-09 -0.17314082E-09

    3   -1    0
    1    1    0.14170654E-08 -0.39789222E-12 -0.14447625E-08 -0.99643644E-12  0.27656857E-11 -0.10489164E-10
    2    1    0.10750279E-02 -0.15393775E-11  0.65342608E-04 -0.14838422E-11  0.84382773E-11 -0.15207483E-11
    3    1   -0.58583645E-03  0.50983328E-12 -0.35259843E-03 -0.34374456E-12 -0.35486255E-11  0.78932100E-11
    4    1    0.19905520E-10  0.16656372E-10 -0.36506810E-12  0.84769598E-10  0.64379110E-03  0.48816772E-10
    5    1   -0.18473201E-10  0.21789131E-10 -0.25330487E-10 -0.96984999E-10  0.42616937E-03  0.15783970E-10
    1    2   -0.34876364E-04 -0.12377556E-12 -0.11457477E-03 -0.60522526E-12  0.21778462E-11  0.43143090E-11
    2    2    0.10440102E-08  0.56261168E-12 -0.17552629E-08  0.56629047E-12 -0.36224078E-11 -0.16385208E-11
    3    2    0.12682981E-03 -0.15235952E-11  0.24172856E-03 -0.48290928E-12  0.31635757E-11 -0.38676459E-11
    4    2   -0.12052433E-10 -0.10241710E-10 -0.98812897E-11 -0.20971334E-10  0.10008048E-03 -0.19374350E-10
    5    2   -0.45010186E-10 -0.68499818E-10 -0.19756250E-10 -0.29261241E-10  0.16357308E-03 -0.15034529E-10
    1    3    0.81383706E-04 -0.31977664E-12  0.16179983E-04  0.10748474E-11 -0.84647088E-11  0.57444160E-11
    2    3   -0.43238638E-03 -0.14042410E-11  0.81888042E-04 -0.45246117E-11 -0.28803842E-11 -0.80259355E-12
    3    3   -0.14719328E-08  0.10931030E-11  0.22171746E-08  0.51487200E-12  0.93758223E-11 -0.58362540E-12
    4    3    0.33587831E-10  0.47568708E-10  0.37856816E-10 -0.37920524E-11 -0.52450405E-03 -0.35525275E-10
    5    3    0.53831982E-10  0.77752580E-10 -0.10082196E-10  0.56615483E-10  0.16357370E-03  0.57580574E-10
    1    4   -0.19957333E-10  0.11938199E-10 -0.67031294E-11 -0.40377266E-11 -0.12616494E-03  0.62304979E-12
    2    4    0.47692464E-10 -0.91482291E-13 -0.12898332E-12  0.45422288E-10 -0.31500037E-03 -0.77653548E-11
    3    4    0.23445266E-10 -0.54242224E-11  0.14362068E-10  0.75079064E-11  0.16357230E-03 -0.36559371E-11
    4    4    0.77767064E-04  0.73168568E-11  0.11320536E-03  0.10318016E-10  0.11096760E-09 -0.12652909E-09
    5    4   -0.71980614E-04  0.48833743E-10 -0.60630351E-03  0.72726417E-11 -0.26533396E-09  0.34221359E-10
    1    5    0.27922614E-10 -0.19236667E-10 -0.77747946E-11  0.17904663E-10  0.40294623E-04  0.86586913E-11
    2    5   -0.42038235E-10  0.27442525E-10 -0.92973432E-11  0.41443531E-11  0.42641572E-03  0.92196029E-11
    3    5   -0.18405509E-10  0.26895072E-10 -0.47049422E-10  0.92709574E-11 -0.52450402E-03 -0.72772378E-11
    4    5    0.26547803E-04  0.34581502E-10  0.42333231E-03  0.62681285E-10  0.14553413E-09  0.68938689E-10
    5    5   -0.77767078E-04 -0.96498035E-11 -0.11320536E-03 -0.46697299E-11 -0.43320421E-10  0.30358404E-09

    3    0    0
    1    1    0.22778817E-07  0.42832491E-14  0.95891060E-08  0.71860920E-14  0.53833216E-11 -0.17326261E-11
    2    1   -0.23560464E-03 -0.73439728E-13  0.34905473E-03 -0.14257657E-11 -0.39467913E-12  0.11611265E-11
    3    1   -0.34585307E-02  0.99907485E-12  0.14177034E-02 -0.43913058E-12 -0.10885438E-10  0.28378368E-11
    4    1    0.18186319E-11 -0.33787772E-11  0.20588832E-11 -0.27325030E-10 -0.78611653E-03 -0.13585816E-10
    5    1   -0.22253651E-10 -0.96752625E-11 -0.66711947E-11 -0.13861813E-10  0.19828427E-02 -0.43521854E-10
    1    2    0.13112760E-03 -0.45250208E-12 -0.27001061E-03  0.69155597E-12  0.27357100E-11  0.25474239E-11
    2    2    0.13422861E-07 -0.61449618E-13 -0.55316572E-08 -0.10654767E-12 -0.52222462E-11  0.27610446E-12
    3    2    0.46386271E-04  0.50037064E-12  0.56211781E-03 -0.11868142E-12  0.25479224E-11 -0.64222067E-11
    4    2   -0.36508331E-10 -0.21087041E-11 -0.11073025E-09 -0.11940030E-10  0.42641537E-03  0.48205962E-10
    5    2    0.72565392E-10  0.45552096E-10  0.12228019E-09  0.91224633E-10 -0.31500118E-03  0.23369043E-10
    1    3    0.11457140E-04  0.51397309E-13  0.38187109E-05 -0.13928292E-11 -0.67287188E-11  0.36903424E-11
    2    3    0.17369928E-03 -0.50334265E-12 -0.22564711E-03 -0.19605985E-11  0.50770609E-11  0.32483427E-11
    3    3    0.25513797E-07 -0.14198018E-12  0.96409692E-08 -0.24635936E-12  0.15535440E-11 -0.24825361E-11
    4    3   -0.83481746E-10  0.83748077E-11 -0.82724657E-11 -0.40171429E-10  0.18053893E-03 -0.13151143E-10
    5    3   -0.69658275E-11 -0.67604585E-10 -0.18161476E-10 -0.21253589E-10 -0.78611493E-03  0.20126556E-10
    1    4    0.11200459E-10  0.46169636E-10 -0.35601851E-11 -0.13143960E-10  0.18053916E-03  0.13963420E-10
    2    4   -0.12866248E-10  0.34197059E-10 -0.94468961E-11  0.19665347E-11  0.42641563E-03  0.35214984E-11
    3    4   -0.10373974E-10 -0.26000798E-11  0.94339961E-11 -0.31139052E-10 -0.78611694E-03 -0.25144760E-10
    4    4   -0.53471120E-03 -0.29180249E-10 -0.92617803E-03 -0.50541450E-10 -0.10878680E-09 -0.76936285E-10
    5    4   -0.10224584E-02  0.48430053E-12  0.13140832E-02 -0.29385219E-10  0.12489419E-09  0.62663222E-10
    1    5   -0.36775518E-10 -0.17849721E-10  0.13992749E-11 -0.11397098E-10  0.18052584E-03 -0.49848625E-10
    2    5    0.10496977E-10 -0.25097233E-10  0.78432867E-11 -0.23223146E-11 -0.39704262E-03  0.46685213E-10
    3    5   -0.69442791E-11 -0.40106635E-11  0.38392675E-10 -0.30873053E-10  0.18053644E-03  0.18911031E-10
    4    5    0.41782597E-04 -0.31220663E-10 -0.22295332E-03  0.37691525E-10 -0.87383032E-10  0.26522265E-10
    5    5    0.53477286E-03 -0.37017727E-10  0.92619164E-03 -0.64117362E-10  0.10485206E-09 -0.48270443E-10

    3    1    0
    1    1    0.77219062E-10  0.68407736E-13  0.14078302E-09  0.12215246E-11  0.52999827E-11  0.44454684E-11
    2    1   -0.52903484E-04 -0.81550278E-12  0.27448977E-04 -0.13699381E-11  0.99537176E-12 -0.37873946E-11
    3    1   -0.25472782E-04  0.12308632E-11 -0.52539416E-04 -0.87305239E-12 -0.63505515E-11 -0.71053261E-12
    4    1    0.32677004E-10  0.28218753E-10 -0.52536405E-10  0.61504296E-10  0.17319473E-03  0.49015184E-11
    5    1   -0.62266472E-11 -0.18497308E-11  0.61231863E-10 -0.29144725E-10 -0.52450397E-03  0.34377636E-10
    1    2   -0.21669760E-03 -0.92870747E-12  0.26813943E-03  0.53729005E-12 -0.17161428E-12 -0.22394612E-12
    2    2   -0.93798521E-10 -0.23248350E-12 -0.16398505E-09 -0.12353850E-12 -0.62623121E-11 -0.22421545E-11
    3    2    0.29939930E-03  0.12847132E-11  0.21443567E-04  0.15799963E-12  0.47362478E-11  0.37678992E-11
    4    2    0.35850520E-10  0.70659213E-10  0.51378629E-10  0.97816215E-10 -0.39704247E-03  0.28282591E-10
    5    2   -0.33329908E-10 -0.29618459E-10 -0.36917636E-10 -0.77607950E-10  0.42641558E-03 -0.65732639E-10
    1    3    0.25353958E-04  0.67254812E-12 -0.52220619E-04 -0.23504112E-11 -0.40217337E-11 -0.23711921E-11
    2    3    0.32787704E-04 -0.17105712E-12 -0.26246314E-04  0.10406013E-11 -0.24514973E-11  0.49549439E-11
    3    3    0.35048089E-10 -0.13430086E-11  0.76131820E-10 -0.95693679E-12  0.64120256E-11 -0.29860629E-11
    4    3    0.12425347E-10  0.33320164E-10  0.15112754E-10 -0.29725386E-11  0.17319480E-03 -0.30030857E-10
    5    3    0.63940947E-10  0.38581335E-10  0.10526265E-11  0.20227758E-10  0.40294537E-04  0.28703906E-10
    1    4    0.31627845E-10 -0.37890262E-10 -0.82537594E-12  0.12368304E-10  0.40296142E-04  0.32754467E-10
    2    4   -0.67091074E-11  0.14869190E-11  0.18172563E-10  0.12605301E-10 -0.15347602E-03 -0.10964998E-10
    3    4    0.17495298E-10 -0.64448204E-10 -0.84341455E-11  0.47094298E-10  0.40294806E-04 -0.37250038E-10
    4    4    0.30658856E-03 -0.86557064E-11  0.53102838E-03 -0.44423243E-11  0.85573359E-10 -0.37768488E-10
    5    4    0.14968019E-03  0.72127642E-11 -0.63660453E-03  0.10760101E-09 -0.20880284E-09 -0.63056546E-11
    1    5   -0.12177937E-10 -0.22327335E-11  0.22077144E-11 -0.41472603E-11 -0.12616594E-03  0.30184332E-10
    2    5    0.11332945E-11  0.23023862E-10 -0.20467933E-10 -0.17980992E-10 -0.23288950E-04 -0.26851150E-10
    3    5    0.70136440E-10 -0.37041264E-10 -0.49143571E-10  0.37827345E-10  0.17319494E-03 -0.54528886E-12
    4    5   -0.41581953E-03  0.55314331E-10  0.31156198E-03 -0.95808409E-11  0.11788786E-09  0.93309608E-10
    5    5   -0.30658860E-03  0.12250646E-10 -0.53102842E-03  0.27478231E-10 -0.52890461E-10  0.15266880E-09

    4   -3    0
    1    1   -0.67200722E-10  0.40007364E-12  0.13100247E-10  0.55361098E-13 -0.11683293E-10 -0.62806613E-11
    2    1    0.10931058E-03 -0.19136596E-11  0.24339362E-04 -0.54583166E-12  0.87279574E-11  0.51551678E-12
    3    1   -0.49418476E-04  0.15998498E-11 -0.31649245E-03  0.82770834E-12  0.20080022E-11  0.70229955E-12
    4    1   -0.21471702E-10 -0.38985315E-10  0.64629072E-10  0.51723633E-10  0.40295437E-04 -0.23227471E-10
    5    1    0.45622714E-10  0.30037052E-10 -0.71888031E-10  0.14793473E-10  0.18053197E-03  0.17681007E-10
    1    2    0.10931058E-03  0.10490062E-11 -0.24339577E-04 -0.44855363E-12  0.13101457E-10  0.47468897E-11
    2    2   -0.67106304E-10  0.21565868E-12 -0.13601835E-10  0.67860095E-12 -0.70103317E-11  0.25491168E-11
    3    2   -0.49418485E-04 -0.14697011E-11  0.31649248E-03 -0.11643705E-11 -0.69493705E-11 -0.30502700E-11
    4    2    0.17960297E-10 -0.51108038E-11  0.26007145E-10 -0.26292332E-10  0.40295467E-04  0.33086618E-10
    5    2   -0.14346299E-10  0.95930356E-10 -0.47175835E-10  0.72104309E-10  0.18053188E-03 -0.19011571E-10
    1    3   -0.30703260E-04 -0.57632122E-12 -0.56083128E-04  0.57375236E-12  0.66426950E-12 -0.37658865E-12
    2    3   -0.30703491E-04 -0.13031724E-11  0.56083031E-04 -0.35304883E-11 -0.72541550E-12  0.12574475E-11
    3    3    0.67399869E-10  0.95678066E-12  0.34954678E-14  0.10640534E-12  0.11264488E-11  0.33706043E-12
    4    3   -0.21333085E-10 -0.84626979E-10 -0.73597758E-11 -0.41819043E-11 -0.15347598E-03  0.28022112E-11
    5    3   -0.78678132E-10 -0.64096464E-10  0.27528542E-10  0.88058016E-11 -0.39704274E-03 -0.12196677E-10
    1    4    0.27578460E-10  0.63900215E-11  0.52450032E-10  0.36417245E-10  0.17319486E-03 -0.10039285E-10
    2    4   -0.28817370E-12 -0.40638659E-10  0.26040552E-10  0.74473335E-10  0.17319492E-03 -0.23973039E-10
    3    4   -0.26567041E-10  0.11102937E-10 -0.60980987E-13 -0.93146212E-11 -0.39704269E-03  0.30086851E-10
    4    4   -0.61317846E-03  0.30175534E-10  0.25525810E-11 -0.93341394E-12  0.14327027E-09 -0.11990797E-10
    5    4   -0.35206828E-03 -0.22358088E-10  0.97369053E-10  0.72905673E-10  0.10473363E-09  0.91174941E-10
    1    5    0.44237678E-11 -0.10868830E-10 -0.32640653E-10  0.32257626E-10  0.18770850E-03  0.11116237E-10
    2    5    0.22070784E-10 -0.72998203E-11 -0.36159936E-10 -0.37178660E-10  0.18770882E-03  0.11019136E-10
    3    5    0.16029247E-10  0.13404089E-10  0.10291878E-11  0.60396093E-11 -0.15347587E-03 -0.46921654E-10
    4    5    0.11758308E-03 -0.77066045E-11  0.39422076E-09 -0.46484896E-10 -0.16308197E-09 -0.10338053E-09
    5    5    0.61317840E-03  0.58337415E-10 -0.75882304E-11 -0.16691041E-11  0.15451355E-09 -0.15154801E-09

    4   -2    0
    1    1   -0.22658500E-08  0.10826192E-12  0.39773961E-08 -0.67478922E-12 -0.67486699E-11 -0.68691891E-11
    2    1    0.12984560E-03 -0.81902958E-12 -0.37627901E-04 -0.19681357E-12  0.55804228E-11  0.68562810E-11
    3    1   -0.42240654E-04  0.52020682E-12 -0.98206016E-04 -0.47593982E-12 -0.23987018E-11  0.39275148E-11
    4    1   -0.72973134E-11  0.88406504E-11  0.21124742E-10 -0.82800904E-10 -0.39608718E-03  0.37230016E-10
    5    1   -0.78868275E-11  0.16811527E-10 -0.25936376E-10  0.25223380E-10 -0.12616542E-03 -0.62389302E-11
    1    2    0.27217364E-04  0.15539680E-13 -0.45379395E-05 -0.57665903E-12  0.98968535E-11  0.51914605E-11
    2    2   -0.26234661E-09  0.78774063E-12  0.23969317E-09  0.63222037E-12 -0.45352887E-11  0.32591831E-11
    3    2   -0.26808790E-05 -0.16430296E-11  0.59540693E-04  0.12841935E-11 -0.36729351E-11 -0.49277537E-11
    4    2    0.18618863E-10  0.45857203E-11 -0.88994441E-11  0.24666809E-10  0.18770933E-03 -0.31002966E-10
    5    2   -0.42269776E-11 -0.79814379E-10  0.31558918E-10 -0.67626830E-10  0.17319485E-03 -0.23394244E-10
    1    3    0.72644237E-05  0.57568764E-13 -0.31479142E-04  0.10310018E-11 -0.11782653E-11  0.54756733E-12
    2    3   -0.44235077E-04 -0.11490519E-11  0.41365923E-04 -0.50298221E-11 -0.45317619E-12 -0.44526142E-11
    3    3   -0.10726768E-09  0.16786694E-11  0.33917546E-09  0.74289099E-12  0.58760466E-11  0.96410162E-12
    4    3    0.64556575E-10  0.84187001E-10 -0.34740044E-10  0.12612308E-10  0.18770915E-03  0.86712295E-11
    5    3    0.26444378E-10  0.32993623E-10  0.24242195E-10  0.26636712E-10 -0.23289225E-04  0.26443576E-10
    1    4    0.88466773E-11  0.34975390E-11 -0.48395956E-10 -0.14652303E-10  0.59069754E-05 -0.15266680E-10
    2    4   -0.17013139E-10 -0.10909599E-11  0.47202324E-10 -0.76201748E-12 -0.23289308E-04 -0.11354098E-10
    3    4    0.69285138E-11  0.20281221E-11 -0.29805971E-10 -0.50063007E-10 -0.23289436E-04  0.38861215E-10
    4    4    0.68522214E-04  0.29438571E-10 -0.11868422E-03  0.13357425E-10 -0.20067512E-09  0.21579711E-09
    5    4    0.77201229E-04  0.15910016E-10 -0.64330540E-03  0.31889165E-10 -0.88813500E-10 -0.97495965E-10
    1    5   -0.43898095E-11  0.93009242E-11  0.32622368E-10 -0.48231470E-10  0.18770858E-03  0.18228635E-10
    2    5    0.99088155E-11 -0.71728447E-11 -0.45137818E-10  0.42345470E-10 -0.15347610E-03 -0.16349140E-12
    3    5   -0.14208874E-10  0.10383683E-10  0.41318281E-10  0.42488992E-11  0.18770861E-03 -0.23960181E-10
    4    5   -0.13528481E-03  0.89929161E-11 -0.97712351E-03 -0.19103670E-10  0.14532241E-09  0.17477810E-10
    5    5   -0.68522228E-04  0.76053799E-11  0.11868424E-03  0.12885540E-10  0.53954014E-10 -0.20835758E-10

    4   -1    0
    1    1    0.77220621E-10 -0.68457176E-13  0.14078640E-09 -0.12215567E-11  0.52999723E-11 -0.44454706E-11
    2    1    0.32202328E-03 -0.71803738E-12 -0.12443221E-03  0.62328968E-12 -0.17164556E-12  0.22392640E-12
    3    1   -0.98186277E-04  0.63045326E-12 -0.65288178E-04 -0.10342907E-12 -0.40217384E-11  0.23711896E-11
    4    1   -0.13929211E-10 -0.23016792E-10  0.39645551E-10  0.43129208E-10  0.40294767E-04 -0.32754494E-10
    5    1    0.30660539E-11 -0.63782087E-11 -0.16836639E-10 -0.15645096E-11 -0.12616540E-03 -0.30184298E-10
    1    2    0.51605349E-04  0.49515188E-13 -0.12057535E-06 -0.72404279E-12  0.99542022E-12  0.37874022E-11
    2    2   -0.93793825E-10  0.23246805E-12 -0.16398732E-09  0.12356167E-12 -0.62623160E-11  0.22421543E-11
    3    2   -0.14563977E-04 -0.89742649E-12  0.55962667E-04 -0.31632475E-12 -0.24514953E-11 -0.49549310E-11
    4    2    0.52014001E-10 -0.32038444E-10  0.84741966E-10 -0.42598269E-10 -0.15347602E-03  0.10964976E-10
    5    2   -0.42579707E-10  0.40626977E-10 -0.72708150E-10  0.92441436E-11 -0.23289203E-04  0.26851124E-10
    1    3   -0.20321026E-04  0.49517378E-12 -0.89627063E-04  0.43459702E-12 -0.63505460E-11  0.71054149E-12
    2    3   -0.16857147E-03 -0.56992632E-12  0.19205820E-03 -0.38613020E-11  0.47362299E-11 -0.37678793E-11
    3    3    0.35045766E-10  0.13429258E-11  0.76127559E-10  0.95693852E-12  0.64120268E-11  0.29860603E-11
    4    3   -0.12948801E-10 -0.81934661E-10  0.14633072E-10 -0.12380924E-10  0.40296180E-04  0.37250035E-10
    5    3   -0.91315150E-10 -0.61405946E-10  0.63665573E-12 -0.10327782E-10  0.17319479E-03  0.54526712E-12
    1    4   -0.33802610E-10  0.35743775E-11  0.33612328E-10  0.17262845E-10  0.17319489E-03 -0.49015095E-11
    2    4    0.39176067E-11 -0.20186056E-10  0.10565945E-10 -0.16550063E-10 -0.39704247E-03 -0.28282590E-10
    3    4    0.31002816E-11  0.16205020E-10 -0.54158280E-11 -0.17257057E-10  0.17319464E-03  0.30030841E-10
    4    4    0.30658997E-03  0.86557161E-11  0.53102757E-03  0.44423282E-11  0.85573325E-10  0.37768487E-10
    5    4    0.34393519E-03  0.21732169E-10 -0.40809790E-03 -0.54713643E-10  0.11788792E-09 -0.93309561E-10
    1    5    0.17073023E-10  0.24523573E-11 -0.27703713E-10 -0.20225125E-10 -0.52450337E-03 -0.34377631E-10
    2    5    0.44473058E-11  0.29062042E-10 -0.86072192E-11 -0.40029111E-11  0.42640656E-03  0.65732668E-10
    3    5   -0.18779180E-10  0.34438532E-11  0.44602356E-10 -0.10519662E-10  0.40295911E-04 -0.28703902E-10
    4    5   -0.20193582E-03 -0.56053572E-10  0.10284893E-02  0.13674915E-10 -0.20880275E-09  0.63056342E-11
    5    5   -0.30659000E-03 -0.12250726E-10 -0.53102761E-03 -0.27478232E-10 -0.52890484E-10 -0.15266882E-09
