 written on  3Sep2026 at 08:14:04 
   2.1354903421575360       -1.2329259238968218        0.0000000000000000     
   2.1354903421575360        1.2329259238968218        0.0000000000000000     
   0.0000000000000000        0.0000000000000000        15.875316257699998     
           5
          31
    2    2    2    1    1    1    2    2    1    1    1    1    2    1    1
    1    1    1    2    1    1    1    1    2    2    1    1    1    2    2
    2

   -3    1    0
    1    1   -0.83074946E-03 -0.29770630E-12
    2    1   -0.54801753E-03  0.30118269E-11
    3    1    0.23749362E-02  0.18734082E-12
    4    1    0.35730614E-09 -0.24141828E-09
    5    1   -0.96931148E-09  0.16070134E-08
    1    2    0.51481484E-02 -0.12326390E-11
    2    2    0.37521529E-03  0.12589929E-12
    3    2    0.51481528E-02 -0.15734464E-11
    4    2   -0.18849566E-09  0.45009938E-09
    5    2    0.27178402E-09  0.14218652E-09
    1    3    0.23749361E-02  0.45929927E-12
    2    3   -0.54801749E-03  0.36196046E-12
    3    3   -0.83074957E-03  0.94091401E-13
    4    3   -0.11136923E-09 -0.26130260E-09
    5    3    0.10327106E-09 -0.22038225E-09
    1    4    0.18688368E-09 -0.15048033E-09
    2    4    0.24352106E-09  0.26784214E-09
    3    4   -0.42462389E-09  0.20925757E-09
    4    4    0.17910072E-02  0.42511362E-09
    5    4   -0.16006610E-01 -0.81646638E-09
    1    5   -0.23167237E-09  0.66624299E-10
    2    5   -0.11253521E-10  0.19289446E-10
    3    5    0.22611808E-09  0.31702973E-11
    4    5   -0.12350058E-01 -0.46948162E-09
    5    5    0.17910072E-02  0.40451419E-09

   -3    2    0
    1    1   -0.83074946E-03  0.46289639E-11
    2    1    0.23749350E-02  0.33695269E-12
    3    1   -0.54801760E-03  0.20178303E-13
    4    1   -0.14707001E-09 -0.18509873E-09
    5    1   -0.21074705E-10  0.31681044E-09
    1    2    0.23749350E-02  0.12887191E-11
    2    2   -0.83074945E-03 -0.29264369E-11
    3    2   -0.54801760E-03 -0.28262670E-11
    4    2    0.83903788E-11  0.20003923E-09
    5    2    0.18604267E-09 -0.40657884E-09
    1    3    0.51481494E-02  0.19359930E-11
    2    3    0.51481494E-02 -0.23873264E-11
    3    3    0.37521515E-03 -0.17033042E-11
    4    3    0.30322285E-09  0.10190958E-09
    5    3    0.72380069E-10  0.15393335E-09
    1    4   -0.22606343E-09 -0.21340425E-09
    2    4   -0.61210993E-09 -0.71884582E-10
    3    4   -0.30575661E-09  0.18687392E-09
    4    4    0.17910073E-02  0.10591320E-08
    5    4    0.12502262E-01 -0.58430916E-09
    1    5    0.77583276E-09 -0.64302359E-11
    2    5    0.34366391E-09 -0.30107038E-10
    3    5    0.37180074E-10  0.10868105E-09
    4    5   -0.80524448E-02 -0.58144602E-09
    5    5    0.17910073E-02  0.10325429E-08

   -2   -1    0
    1    1   -0.83074946E-03  0.29859448E-12
    2    1    0.51481484E-02  0.12339713E-11
    3    1    0.23749361E-02 -0.45941029E-12
    4    1    0.18688368E-09  0.15048033E-09
    5    1   -0.23167237E-09 -0.66624299E-10
    1    2   -0.54801753E-03 -0.30114661E-11
    2    2    0.37521529E-03 -0.12506662E-12
    3    2   -0.54801749E-03 -0.36201597E-12
    4    2    0.24352106E-09 -0.26784214E-09
    5    2   -0.11253521E-10 -0.19289446E-10
    1    3    0.23749362E-02 -0.18688123E-12
    2    3    0.51481528E-02  0.15748566E-11
    3    3   -0.83074957E-03 -0.92814645E-13
    4    3   -0.42462389E-09 -0.20925757E-09
    5    3    0.22611808E-09 -0.31702973E-11
    1    4    0.35730614E-09  0.24141828E-09
    2    4   -0.18849566E-09 -0.45009938E-09
    3    4   -0.11136923E-09  0.26130260E-09
    4    4    0.17910072E-02 -0.42511342E-09
    5    4   -0.12350058E-01  0.46948107E-09
    1    5   -0.96931148E-09 -0.16070134E-08
    2    5    0.27178402E-09 -0.14218652E-09
    3    5    0.10327106E-09  0.22038225E-09
    4    5   -0.16006610E-01  0.81646799E-09
    5    5    0.17910072E-02 -0.40451383E-09

   -2    0    0
    1    1    0.60495792E-01  0.34497960E-11
    2    1    0.51481405E-02  0.41947001E-11
    3    1   -0.39411452E-01  0.12860701E-11
    4    1    0.11267984E-09  0.62922234E-09
    5    1   -0.90383304E-09 -0.16686711E-09
    1    2   -0.22191918E-01 -0.40904918E-11
    2    2   -0.81821027E-02 -0.21110336E-11
    3    2    0.51481375E-02 -0.22719522E-11
    4    2    0.48950155E-09 -0.32144961E-09
    5    2   -0.38746532E-09  0.30045878E-09
    1    3   -0.14984565E+00  0.36844416E-11
    2    3   -0.22191924E-01  0.12156109E-11
    3    3    0.60495797E-01 -0.12985168E-11
    4    3    0.13110750E-09 -0.16649724E-08
    5    3    0.65851420E-09  0.28522236E-09
    1    4    0.27656185E-08  0.20520753E-08
    2    4   -0.24396057E-09  0.27607905E-09
    3    4   -0.36678453E-09 -0.59640896E-09
    4    4   -0.21438492E-03 -0.12619192E-08
    5    4   -0.80524447E-02  0.18546854E-09
    1    5   -0.78657157E-08 -0.58543022E-08
    2    5   -0.93450918E-09 -0.75848832E-09
    3    5    0.19372381E-08  0.13991626E-08
    4    5    0.16732728E-01  0.10406989E-08
    5    5   -0.21438505E-03 -0.11207242E-08

   -2    1    0
    1    1   -0.14207990E-01  0.42407189E-11
    2    1    0.23749276E-02  0.10751400E-11
    3    1    0.23749268E-02 -0.19825808E-12
    4    1    0.92065508E-09 -0.23282372E-09
    5    1   -0.33211675E-09 -0.28720572E-09
    1    2    0.81540622E-01  0.15815960E-11
    2    2    0.66361574E-02 -0.48814286E-11
    3    2   -0.22191962E-01 -0.60139393E-11
    4    2    0.29812443E-09  0.48363574E-09
    5    2   -0.29941708E-09  0.11299020E-09
    1    3    0.81540628E-01  0.51462445E-11
    2    3   -0.22191962E-01 -0.92671704E-12
    3    3    0.66361572E-02  0.60718097E-12
    4    3   -0.42275088E-09 -0.15848156E-08
    5    3   -0.22813519E-09  0.11262700E-08
    1    4   -0.67003225E-09  0.23402159E-08
    2    4    0.13824729E-08  0.63853203E-09
    3    4   -0.98351323E-09 -0.46194367E-09
    4    4    0.42808088E-01 -0.63548607E-09
    5    4   -0.16006611E-01  0.69982409E-09
    1    5    0.73577550E-08 -0.57114995E-09
    2    5   -0.18432463E-08 -0.13722294E-08
    3    5    0.18742714E-08 -0.31687627E-09
    4    5    0.16732728E-01  0.70133825E-09
    5    5    0.42808088E-01 -0.45663173E-09

   -2    2    0
    1    1    0.60495794E-01 -0.17393194E-11
    2    1   -0.39411451E-01 -0.11014443E-11
    3    1    0.51481396E-02  0.59224847E-12
    4    1    0.45667249E-09 -0.41685166E-09
    5    1   -0.34833458E-09  0.34843727E-09
    1    2   -0.14984565E+00 -0.13957969E-11
    2    2    0.60495794E-01  0.17762316E-11
    3    2   -0.22191923E-01 -0.37208431E-11
    4    2   -0.10634975E-09  0.18065030E-08
    5    2    0.31967512E-10 -0.53922279E-09
    1    3   -0.22191923E-01 -0.39629688E-11
    2    3    0.51481396E-02  0.36608910E-11
    3    3   -0.81821020E-02 -0.11893781E-12
    4    3   -0.59348951E-09 -0.38144309E-09
    5    3    0.11849916E-09  0.32362914E-09
    1    4   -0.21404778E-08  0.14048893E-08
    2    4    0.26093815E-10 -0.19184470E-09
    3    4    0.31309437E-09 -0.67975728E-10
    4    4   -0.21438515E-03 -0.49726370E-09
    5    4   -0.16006611E-01 -0.20970539E-09
    1    5    0.11074264E-08 -0.83570385E-09
    2    5   -0.27724335E-09  0.36896307E-09
    3    5   -0.86934329E-09  0.77445436E-10
    4    5   -0.16006610E-01  0.94955083E-09
    5    5   -0.21438501E-03 -0.62572151E-09

   -2    3    0
    1    1   -0.83074946E-03 -0.46306292E-11
    2    1    0.23749350E-02 -0.12890244E-11
    3    1    0.51481494E-02 -0.19365204E-11
    4    1   -0.22606343E-09  0.21340425E-09
    5    1    0.77583276E-09  0.64302359E-11
    1    2    0.23749350E-02 -0.33714698E-12
    2    2   -0.83074945E-03  0.29248826E-11
    3    2    0.51481494E-02  0.23868685E-11
    4    2   -0.61210993E-09  0.71884582E-10
    5    2    0.34366391E-09  0.30107038E-10
    1    3   -0.54801760E-03 -0.20650148E-13
    2    3   -0.54801760E-03  0.28261005E-11
    3    3    0.37521515E-03  0.17017499E-11
    4    3   -0.30575661E-09 -0.18687392E-09
    5    3    0.37180074E-10 -0.10868105E-09
    1    4   -0.14707001E-09  0.18509873E-09
    2    4    0.83903788E-11 -0.20003923E-09
    3    4    0.30322285E-09 -0.10190958E-09
    4    4    0.17910073E-02 -0.10591324E-08
    5    4   -0.80524448E-02  0.58144513E-09
    1    5   -0.21074705E-10 -0.31681044E-09
    2    5    0.18604267E-09  0.40657884E-09
    3    5    0.72380069E-10 -0.15393335E-09
    4    5    0.12502262E-01  0.58430871E-09
    5    5    0.17910073E-02 -0.10325433E-08

   -1   -2    0
    1    1    0.37521529E-03 -0.12867485E-11
    2    1   -0.54801753E-03  0.17745805E-11
    3    1   -0.54801749E-03 -0.78675955E-12
    4    1    0.30822743E-09  0.95751871E-10
    5    1   -0.39455719E-09  0.11276934E-10
    1    2    0.51481484E-02 -0.21437435E-11
    2    2   -0.83074946E-03  0.17499890E-11
    3    2    0.23749361E-02 -0.84804386E-12
    4    2    0.15380819E-09  0.43999092E-09
    5    2    0.35412516E-09 -0.70230911E-09
    1    3    0.51481529E-02  0.24461931E-11
    2    3    0.23749362E-02 -0.20445623E-12
    3    3   -0.83074958E-03 -0.50365268E-12
    4    3   -0.27904307E-09  0.12558577E-09
    5    3    0.29201093E-09  0.22445534E-09
    1    4   -0.14067523E-09  0.30712370E-09
    2    4   -0.15188202E-09 -0.13950668E-09
    3    4    0.10792664E-09  0.68902702E-10
    4    4    0.17910065E-02  0.59483145E-09
    5    4   -0.12350056E-01  0.91751662E-10
    1    5    0.15005533E-10 -0.37177759E-09
    2    5    0.12547956E-08  0.88929331E-09
    3    5   -0.15989760E-09 -0.43889281E-09
    4    5   -0.16006610E-01 -0.49958873E-09
    5    5    0.17910065E-02  0.60017080E-09

   -1   -1    0
    1    1    0.66361584E-02  0.82950868E-11
    2    1   -0.22191969E-01  0.41879278E-11
    3    1    0.23749266E-02  0.33520781E-11
    4    1   -0.62395085E-09  0.76435341E-09
    5    1    0.22068307E-09 -0.42142713E-10
    1    2   -0.22191969E-01 -0.44194232E-11
    2    2    0.66361584E-02 -0.60071392E-11
    3    2    0.23749266E-02 -0.20565342E-11
    4    2    0.75903060E-09 -0.74733970E-09
    5    2   -0.30177975E-09  0.49748229E-10
    1    3    0.81540676E-01  0.13069268E-11
    2    3    0.81540676E-01 -0.54449500E-11
    3    3   -0.14207992E-01 -0.22662983E-11
    4    3   -0.23018200E-08 -0.12348834E-08
    5    3    0.75275521E-09  0.20876567E-09
    1    4    0.14704058E-08  0.20711154E-08
    2    4   -0.21307791E-08 -0.46904843E-09
    3    4   -0.14004180E-09  0.43330996E-09
    4    4    0.42808086E-01  0.31597575E-09
    5    4   -0.12350056E-01 -0.27635065E-09
    1    5   -0.22134737E-08 -0.66700500E-08
    2    5    0.10230635E-07  0.64311664E-08
    3    5    0.49501374E-09 -0.36476303E-09
    4    5   -0.22660973E+00 -0.13723419E-08
    5    5    0.42808086E-01  0.39135568E-09

   -1    0    0
    1    1    0.57667211E+00  0.15251800E-10
    2    1    0.81540519E-01 -0.45941029E-12
    3    1   -0.14984584E+00  0.27260694E-11
    4    1   -0.23669542E-09  0.70979454E-08
    5    1   -0.59922413E-11 -0.22131674E-08
    1    2   -0.55662016E+00 -0.32627234E-11
    2    2   -0.11884004E+00 -0.12383539E-10
    3    2    0.81540481E-01 -0.34229564E-11
    4    2    0.60019491E-08 -0.22388385E-08
    5    2   -0.40901478E-09  0.64219914E-09
    1    3   -0.21544173E+01  0.24396637E-10
    2    3   -0.55662011E+00  0.20253521E-11
    3    3    0.57667215E+00 -0.28427261E-11
    4    3    0.14067782E-07 -0.10914099E-07
    5    3    0.94409682E-09  0.58041873E-08
    1    4    0.81565262E-08  0.23333178E-07
    2    4    0.86579228E-08  0.25455304E-08
    3    4   -0.53826265E-08 -0.56308883E-08
    4    4    0.20576528E+00  0.30864625E-09
    5    4    0.16732728E-01  0.38540376E-09
    1    5    0.30176336E-07 -0.25198680E-07
    2    5   -0.38679633E-07 -0.11514048E-07
    3    5    0.14477341E-07  0.11814438E-07
    4    5   -0.29311226E+01 -0.11504559E-08
    5    5    0.20576528E+00  0.10547269E-08

   -1    1    0
    1    1    0.57667212E+00 -0.88567927E-11
    2    1   -0.14984584E+00 -0.19516659E-12
    3    1    0.81540511E-01  0.73727136E-12
    4    1    0.88566559E-08  0.28554200E-08
    5    1   -0.43929803E-08 -0.13018547E-08
    1    2   -0.21544174E+01 -0.91235320E-11
    2    2    0.57667212E+00  0.64926810E-11
    3    2   -0.55662015E+00 -0.12551044E-10
    4    2   -0.19834454E-07  0.27790447E-07
    5    2    0.32010265E-08 -0.66136123E-08
    1    3   -0.55662015E+00 -0.42326281E-11
    2    3    0.81540511E-01  0.10372606E-10
    3    3   -0.11884003E+00  0.24030448E-11
    4    3   -0.47809288E-08 -0.28213742E-08
    5    3    0.27278229E-08  0.34604319E-08
    1    4   -0.14985756E-07  0.14726810E-07
    2    4    0.69710720E-08 -0.22041947E-09
    3    4   -0.51323912E-08 -0.67370084E-09
    4    4    0.20576528E+00  0.12758048E-09
    5    4   -0.22660973E+00 -0.35132527E-09
    1    5    0.61245659E-08 -0.47475951E-08
    2    5   -0.27103787E-08  0.40932132E-09
    3    5   -0.20622206E-08 -0.21762930E-08
    4    5   -0.22660973E+00 -0.52076399E-09
    5    5    0.20576528E+00  0.71581179E-09

   -1    2    0
    1    1    0.66361574E-02 -0.96892494E-11
    2    1    0.23749275E-02 -0.64021011E-12
    3    1   -0.22191961E-01 -0.54357630E-11
    4    1    0.97832014E-09  0.56706807E-09
    5    1   -0.22318027E-08 -0.11593754E-08
    1    2    0.81540622E-01 -0.50563997E-11
    2    2   -0.14207990E-01  0.11061818E-10
    3    2    0.81540628E-01  0.41825848E-11
    4    2   -0.19720390E-08  0.42310121E-08
    5    2    0.11354601E-08 -0.56291396E-08
    1    3   -0.22191962E-01  0.14419022E-12
    2    3    0.23749268E-02  0.42358062E-11
    3    3    0.66361572E-02 -0.14082069E-11
    4    3   -0.79128672E-09 -0.58344658E-09
    5    3    0.21778508E-08  0.13340283E-08
    1    4   -0.13001067E-08  0.93626043E-09
    2    4    0.40000463E-09 -0.45455298E-09
    3    4    0.12139708E-08  0.39750140E-09
    4    4    0.42808087E-01  0.25025480E-09
    5    4    0.16732729E-01 -0.49947560E-10
    1    5    0.12074292E-10 -0.24642874E-09
    2    5   -0.31821954E-09  0.25886296E-09
    3    5   -0.11430696E-08  0.13333795E-09
    4    5   -0.16006610E-01 -0.11674751E-08
    5    5    0.42808087E-01  0.57634833E-09

   -1    3    0
    1    1    0.37521529E-03 -0.12886359E-11
    2    1   -0.54801753E-03  0.17745944E-11
    3    1   -0.54801749E-03 -0.78667628E-12
    4    1    0.30822743E-09  0.95751871E-10
    5    1   -0.39455719E-09  0.11276934E-10
    1    2    0.51481484E-02 -0.21446872E-11
    2    2   -0.83074946E-03  0.17479351E-11
    3    2    0.23749361E-02 -0.84829366E-12
    4    2    0.15380819E-09  0.43999092E-09
    5    2    0.35412516E-09 -0.70230911E-09
    1    3    0.51481529E-02  0.24452845E-11
    2    3    0.23749362E-02 -0.20479582E-12
    3    3   -0.83074958E-03 -0.50576210E-12
    4    3   -0.27904307E-09  0.12558577E-09
    5    3    0.29201093E-09  0.22445534E-09
    1    4   -0.14067523E-09  0.30712370E-09
    2    4   -0.15188202E-09 -0.13950668E-09
    3    4    0.10792664E-09  0.68902702E-10
    4    4    0.17910065E-02  0.59483102E-09
    5    4   -0.12350056E-01  0.91751884E-10
    1    5    0.15005533E-10 -0.37177759E-09
    2    5    0.12547956E-08  0.88929331E-09
    3    5   -0.15989760E-09 -0.43889281E-09
    4    5   -0.16006610E-01 -0.49958977E-09
    5    5    0.17910065E-02  0.60017034E-09

    0   -2    0
    1    1   -0.81821027E-02  0.46212478E-11
    2    1   -0.22191918E-01  0.13344326E-11
    3    1    0.51481375E-02  0.14009860E-11
    4    1   -0.48376585E-09  0.98825559E-10
    5    1   -0.15231711E-09 -0.44991581E-09
    1    2    0.51481405E-02 -0.84969531E-12
    2    2    0.60495792E-01 -0.50973670E-11
    3    2   -0.39411452E-01 -0.16694306E-11
    4    2    0.37231109E-09  0.35950425E-09
    5    2   -0.34644584E-09 -0.64339698E-09
    1    3   -0.22191924E-01  0.35377257E-11
    2    3   -0.14984565E+00 -0.12765344E-11
    3    3    0.60495797E-01  0.44497739E-12
    4    3    0.17354364E-08  0.69783906E-09
    5    3    0.45855848E-10 -0.27701486E-09
    1    4   -0.13413610E-09 -0.41642473E-11
    2    4   -0.12336144E-08 -0.29369917E-08
    3    4    0.12533756E-09  0.54412823E-09
    4    4   -0.21438467E-03 -0.57664895E-09
    5    4   -0.80524446E-02 -0.37083206E-09
    1    5   -0.56031281E-09  0.25588756E-09
    2    5    0.29814705E-08  0.92832349E-08
    3    5    0.16955684E-08 -0.93487207E-09
    4    5    0.16732727E-01  0.62239602E-09
    5    5   -0.21438478E-03 -0.61585734E-09

    0   -1    0
    1    1   -0.11884004E+00  0.21805779E-10
    2    1   -0.55662016E+00  0.33522629E-11
    3    1    0.81540481E-01  0.10369205E-10
    4    1    0.18865575E-08  0.38865085E-08
    5    1    0.16316069E-08 -0.18801098E-09
    1    2    0.81540519E-01 -0.26653679E-11
    2    2    0.57667211E+00 -0.17422286E-10
    3    2   -0.14984584E+00 -0.64074579E-11
    4    2    0.23474292E-08 -0.18933478E-08
    5    2   -0.15194684E-08  0.11652067E-08
    1    3   -0.55662011E+00  0.12285659E-10
    2    3   -0.21544173E+01  0.11489448E-10
    3    3    0.57667215E+00 -0.43750559E-11
    4    3    0.17630815E-07  0.26348125E-08
    5    3   -0.57882041E-09 -0.38030788E-08
    1    4    0.65412005E-08 -0.37207943E-08
    2    4   -0.24391299E-07 -0.33714067E-07
    3    4   -0.39587691E-08  0.41487682E-08
    4    4    0.20576528E+00  0.16327530E-09
    5    4    0.16732727E-01  0.21929730E-09
    1    5   -0.22272344E-07  0.22498732E-07
    2    5    0.54176863E-07  0.41557981E-07
    3    5    0.12552511E-07  0.94100787E-10
    4    5   -0.29311226E+01 -0.80612336E-10
    5    5    0.20576528E+00  0.24825557E-09

    0    0    0
    1    1   -0.15068215E+02  0.35183247E-16
    2    1   -0.21544175E+01  0.54326094E-11
    3    1   -0.21544176E+01 -0.73187845E-11
    4    1    0.65779007E-07  0.26785004E-07
    5    1   -0.14444087E-07 -0.25916725E-07
    1    2   -0.21544175E+01 -0.54326094E-11
    2    2   -0.15068215E+02 -0.11078513E-15
    3    2   -0.21544175E+01 -0.31580974E-10
    4    2    0.80492559E-07  0.19852603E-08
    5    2   -0.31615110E-07  0.14002585E-07
    1    3   -0.21544176E+01  0.73187845E-11
    2    3   -0.21544175E+01  0.31580974E-10
    3    3   -0.15068215E+02 -0.11828925E-15
    4    3    0.39697513E-07  0.12537529E-07
    5    3    0.16883434E-08  0.49963661E-08
    1    4    0.65779007E-07 -0.26785004E-07
    2    4    0.80492559E-07 -0.19852603E-08
    3    4    0.39697513E-07 -0.12537529E-07
    4    4   -0.38414633E+01  0.15907643E-16
    5    4   -0.29311226E+01 -0.41805240E-09
    1    5   -0.14444087E-07  0.25916725E-07
    2    5   -0.31615110E-07 -0.14002585E-07
    3    5    0.16883434E-08 -0.49963661E-08
    4    5   -0.29311226E+01  0.41805240E-09
    5    5   -0.38414633E+01  0.17192279E-16

    0    1    0
    1    1   -0.11884004E+00 -0.21805779E-10
    2    1    0.81540519E-01  0.26653679E-11
    3    1   -0.55662011E+00 -0.12285659E-10
    4    1    0.65412005E-08  0.37207943E-08
    5    1   -0.22272344E-07 -0.22498732E-07
    1    2   -0.55662016E+00 -0.33522629E-11
    2    2    0.57667211E+00  0.17422286E-10
    3    2   -0.21544173E+01 -0.11489448E-10
    4    2   -0.24391299E-07  0.33714067E-07
    5    2    0.54176863E-07 -0.41557981E-07
    1    3    0.81540481E-01 -0.10369205E-10
    2    3   -0.14984584E+00  0.64074579E-11
    3    3    0.57667215E+00  0.43751669E-11
    4    3   -0.39587691E-08 -0.41487682E-08
    5    3    0.12552511E-07 -0.94100787E-10
    1    4    0.18865575E-08 -0.38865085E-08
    2    4    0.23474292E-08  0.18933478E-08
    3    4    0.17630815E-07 -0.26348125E-08
    4    4    0.20576528E+00 -0.16327530E-09
    5    4   -0.29311226E+01  0.80612336E-10
    1    5    0.16316069E-08  0.18801098E-09
    2    5   -0.15194684E-08 -0.11652067E-08
    3    5   -0.57882041E-09  0.38030788E-08
    4    5    0.16732727E-01 -0.21929730E-09
    5    5    0.20576528E+00 -0.24825551E-09

    0    2    0
    1    1   -0.81821027E-02 -0.46212478E-11
    2    1    0.51481405E-02  0.84969531E-12
    3    1   -0.22191924E-01 -0.35377257E-11
    4    1   -0.13413610E-09  0.41642473E-11
    5    1   -0.56031281E-09 -0.25588756E-09
    1    2   -0.22191918E-01 -0.13344326E-11
    2    2    0.60495792E-01  0.50973670E-11
    3    2   -0.14984565E+00  0.12765344E-11
    4    2   -0.12336144E-08  0.29369917E-08
    5    2    0.29814705E-08 -0.92832349E-08
    1    3    0.51481375E-02 -0.14009860E-11
    2    3   -0.39411452E-01  0.16694306E-11
    3    3    0.60495797E-01 -0.44497739E-12
    4    3    0.12533756E-09 -0.54412823E-09
    5    3    0.16955684E-08  0.93487207E-09
    1    4   -0.48376585E-09 -0.98825559E-10
    2    4    0.37231109E-09 -0.35950425E-09
    3    4    0.17354364E-08 -0.69783906E-09
    4    4   -0.21438467E-03  0.57664895E-09
    5    4    0.16732727E-01 -0.62239602E-09
    1    5   -0.15231711E-09  0.44991581E-09
    2    5   -0.34644584E-09  0.64339698E-09
    3    5    0.45855848E-10  0.27701486E-09
    4    5   -0.80524446E-02  0.37083206E-09
    5    5   -0.21438478E-03  0.61585742E-09

    1   -3    0
    1    1    0.37521529E-03  0.12886914E-11
    2    1    0.51481484E-02  0.21446872E-11
    3    1    0.51481529E-02 -0.24452845E-11
    4    1   -0.14067523E-09 -0.30712370E-09
    5    1    0.15005533E-10  0.37177759E-09
    1    2   -0.54801753E-03 -0.17745944E-11
    2    2   -0.83074946E-03 -0.17479351E-11
    3    2    0.23749362E-02  0.20479582E-12
    4    2   -0.15188202E-09  0.13950668E-09
    5    2    0.12547956E-08 -0.88929331E-09
    1    3   -0.54801749E-03  0.78667628E-12
    2    3    0.23749361E-02  0.84829366E-12
    3    3   -0.83074958E-03  0.50581761E-12
    4    3    0.10792664E-09 -0.68902702E-10
    5    3   -0.15989760E-09  0.43889281E-09
    1    4    0.30822743E-09 -0.95751871E-10
    2    4    0.15380819E-09 -0.43999092E-09
    3    4   -0.27904307E-09 -0.12558577E-09
    4    4    0.17910065E-02 -0.59483102E-09
    5    4   -0.16006610E-01  0.49958977E-09
    1    5   -0.39455719E-09 -0.11276934E-10
    2    5    0.35412516E-09  0.70230911E-09
    3    5    0.29201093E-09 -0.22445534E-09
    4    5   -0.12350056E-01 -0.91751884E-10
    5    5    0.17910065E-02 -0.60017029E-09

    1   -2    0
    1    1    0.66361574E-02  0.96892494E-11
    2    1    0.81540622E-01  0.50563997E-11
    3    1   -0.22191962E-01 -0.14419022E-12
    4    1   -0.13001067E-08 -0.93626043E-09
    5    1    0.12074292E-10  0.24642874E-09
    1    2    0.23749275E-02  0.64021011E-12
    2    2   -0.14207990E-01 -0.11061929E-10
    3    2    0.23749268E-02 -0.42358062E-11
    4    2    0.40000463E-09  0.45455298E-09
    5    2   -0.31821954E-09 -0.25886296E-09
    1    3   -0.22191961E-01  0.54357630E-11
    2    3    0.81540628E-01 -0.41825848E-11
    3    3    0.66361572E-02  0.14083179E-11
    4    3    0.12139708E-08 -0.39750140E-09
    5    3   -0.11430696E-08 -0.13333795E-09
    1    4    0.97832014E-09 -0.56706807E-09
    2    4   -0.19720390E-08 -0.42310121E-08
    3    4   -0.79128672E-09  0.58344658E-09
    4    4    0.42808087E-01 -0.25025480E-09
    5    4   -0.16006610E-01  0.11674751E-08
    1    5   -0.22318027E-08  0.11593754E-08
    2    5    0.11354601E-08  0.56291396E-08
    3    5    0.21778508E-08 -0.13340283E-08
    4    5    0.16732729E-01  0.49947560E-10
    5    5    0.42808087E-01 -0.57634834E-09

    1   -1    0
    1    1    0.57667212E+00  0.88568156E-11
    2    1   -0.21544174E+01  0.91235320E-11
    3    1   -0.55662015E+00  0.42326281E-11
    4    1   -0.14985756E-07 -0.14726810E-07
    5    1    0.61245659E-08  0.47475951E-08
    1    2   -0.14984584E+00  0.19516659E-12
    2    2    0.57667212E+00 -0.64927095E-11
    3    2    0.81540511E-01 -0.10372606E-10
    4    2    0.69710720E-08  0.22041947E-09
    5    2   -0.27103787E-08 -0.40932132E-09
    1    3    0.81540511E-01 -0.73727136E-12
    2    3   -0.55662015E+00  0.12551044E-10
    3    3   -0.11884003E+00 -0.24031107E-11
    4    3   -0.51323912E-08  0.67370084E-09
    5    3   -0.20622206E-08  0.21762930E-08
    1    4    0.88566559E-08 -0.28554200E-08
    2    4   -0.19834454E-07 -0.27790447E-07
    3    4   -0.47809288E-08  0.28213742E-08
    4    4    0.20576528E+00 -0.12758042E-09
    5    4   -0.22660973E+00  0.52076399E-09
    1    5   -0.43929803E-08  0.13018547E-08
    2    5    0.32010265E-08  0.66136123E-08
    3    5    0.27278229E-08 -0.34604319E-08
    4    5   -0.22660973E+00  0.35132527E-09
    5    5    0.20576528E+00 -0.71581181E-09

    1    0    0
    1    1    0.57667211E+00 -0.15251800E-10
    2    1   -0.55662016E+00  0.32627234E-11
    3    1   -0.21544173E+01 -0.24396637E-10
    4    1    0.81565262E-08 -0.23333178E-07
    5    1    0.30176336E-07  0.25198680E-07
    1    2    0.81540519E-01  0.45941029E-12
    2    2   -0.11884004E+00  0.12383539E-10
    3    2   -0.55662011E+00 -0.20253521E-11
    4    2    0.86579228E-08 -0.25455304E-08
    5    2   -0.38679633E-07  0.11514048E-07
    1    3   -0.14984584E+00 -0.27260694E-11
    2    3    0.81540481E-01  0.34229564E-11
    3    3    0.57667215E+00  0.28427261E-11
    4    3   -0.53826265E-08  0.56308883E-08
    5    3    0.14477341E-07 -0.11814438E-07
    1    4   -0.23669542E-09 -0.70979454E-08
    2    4    0.60019491E-08  0.22388385E-08
    3    4    0.14067782E-07  0.10914099E-07
    4    4    0.20576528E+00 -0.30864625E-09
    5    4   -0.29311226E+01  0.11504559E-08
    1    5   -0.59922413E-11  0.22131674E-08
    2    5   -0.40901478E-09 -0.64219914E-09
    3    5    0.94409682E-09 -0.58041873E-08
    4    5    0.16732728E-01 -0.38540376E-09
    5    5    0.20576528E+00 -0.10547269E-08

    1    1    0
    1    1    0.66361584E-02 -0.82950868E-11
    2    1   -0.22191969E-01  0.44194232E-11
    3    1    0.81540676E-01 -0.13069268E-11
    4    1    0.14704058E-08 -0.20711154E-08
    5    1   -0.22134737E-08  0.66700500E-08
    1    2   -0.22191969E-01 -0.41879278E-11
    2    2    0.66361584E-02  0.60071392E-11
    3    2    0.81540676E-01  0.54449500E-11
    4    2   -0.21307791E-08  0.46904843E-09
    5    2    0.10230635E-07 -0.64311664E-08
    1    3    0.23749266E-02 -0.33520781E-11
    2    3    0.23749266E-02  0.20565342E-11
    3    3   -0.14207992E-01  0.22664093E-11
    4    3   -0.14004180E-09 -0.43330996E-09
    5    3    0.49501374E-09  0.36476303E-09
    1    4   -0.62395085E-09 -0.76435341E-09
    2    4    0.75903060E-09  0.74733970E-09
    3    4   -0.23018200E-08  0.12348834E-08
    4    4    0.42808086E-01 -0.31597583E-09
    5    4   -0.22660973E+00  0.13723419E-08
    1    5    0.22068307E-09  0.42142713E-10
    2    5   -0.30177975E-09 -0.49748229E-10
    3    5    0.75275521E-09 -0.20876567E-09
    4    5   -0.12350056E-01  0.27635065E-09
    5    5    0.42808086E-01 -0.39135563E-09

    1    2    0
    1    1    0.37521529E-03  0.12867485E-11
    2    1    0.51481484E-02  0.21437435E-11
    3    1    0.51481529E-02 -0.24461931E-11
    4    1   -0.14067523E-09 -0.30712370E-09
    5    1    0.15005533E-10  0.37177759E-09
    1    2   -0.54801753E-03 -0.17745805E-11
    2    2   -0.83074946E-03 -0.17499890E-11
    3    2    0.23749362E-02  0.20445623E-12
    4    2   -0.15188202E-09  0.13950668E-09
    5    2    0.12547956E-08 -0.88929331E-09
    1    3   -0.54801749E-03  0.78675955E-12
    2    3    0.23749361E-02  0.84804386E-12
    3    3   -0.83074958E-03  0.50370819E-12
    4    3    0.10792664E-09 -0.68902702E-10
    5    3   -0.15989760E-09  0.43889281E-09
    1    4    0.30822743E-09 -0.95751871E-10
    2    4    0.15380819E-09 -0.43999092E-09
    3    4   -0.27904307E-09 -0.12558577E-09
    4    4    0.17910065E-02 -0.59483145E-09
    5    4   -0.16006610E-01  0.49958873E-09
    1    5   -0.39455719E-09 -0.11276934E-10
    2    5    0.35412516E-09  0.70230911E-09
    3    5    0.29201093E-09 -0.22445534E-09
    4    5   -0.12350056E-01 -0.91751662E-10
    5    5    0.17910065E-02 -0.60017079E-09

    2   -3    0
    1    1   -0.83074946E-03  0.46306292E-11
    2    1    0.23749350E-02  0.33714698E-12
    3    1   -0.54801760E-03  0.20650148E-13
    4    1   -0.14707001E-09 -0.18509873E-09
    5    1   -0.21074705E-10  0.31681044E-09
    1    2    0.23749350E-02  0.12890244E-11
    2    2   -0.83074945E-03 -0.29248826E-11
    3    2   -0.54801760E-03 -0.28261005E-11
    4    2    0.83903788E-11  0.20003923E-09
    5    2    0.18604267E-09 -0.40657884E-09
    1    3    0.51481494E-02  0.19365204E-11
    2    3    0.51481494E-02 -0.23868685E-11
    3    3    0.37521515E-03 -0.17017499E-11
    4    3    0.30322285E-09  0.10190958E-09
    5    3    0.72380069E-10  0.15393335E-09
    1    4   -0.22606343E-09 -0.21340425E-09
    2    4   -0.61210993E-09 -0.71884582E-10
    3    4   -0.30575661E-09  0.18687392E-09
    4    4    0.17910073E-02  0.10591324E-08
    5    4    0.12502262E-01 -0.58430871E-09
    1    5    0.77583276E-09 -0.64302359E-11
    2    5    0.34366391E-09 -0.30107038E-10
    3    5    0.37180074E-10  0.10868105E-09
    4    5   -0.80524448E-02 -0.58144513E-09
    5    5    0.17910073E-02  0.10325433E-08

    2   -2    0
    1    1    0.60495794E-01  0.17393424E-11
    2    1   -0.14984565E+00  0.13957969E-11
    3    1   -0.22191923E-01  0.39629688E-11
    4    1   -0.21404778E-08 -0.14048893E-08
    5    1    0.11074264E-08  0.83570385E-09
    1    2   -0.39411451E-01  0.11014443E-11
    2    2    0.60495794E-01 -0.17761490E-11
    3    2    0.51481396E-02 -0.36608910E-11
    4    2    0.26093815E-10  0.19184470E-09
    5    2   -0.27724335E-09 -0.36896307E-09
    1    3    0.51481396E-02 -0.59224847E-12
    2    3   -0.22191923E-01  0.37208431E-11
    3    3   -0.81821020E-02  0.11887197E-12
    4    3    0.31309437E-09  0.67975728E-10
    5    3   -0.86934329E-09 -0.77445436E-10
    1    4    0.45667249E-09  0.41685166E-09
    2    4   -0.10634975E-09 -0.18065030E-08
    3    4   -0.59348951E-09  0.38144309E-09
    4    4   -0.21438515E-03  0.49726365E-09
    5    4   -0.16006610E-01 -0.94955083E-09
    1    5   -0.34833458E-09 -0.34843727E-09
    2    5    0.31967512E-10  0.53922279E-09
    3    5    0.11849916E-09 -0.32362914E-09
    4    5   -0.16006611E-01  0.20970539E-09
    5    5   -0.21438501E-03  0.62572149E-09

    2   -1    0
    1    1   -0.14207990E-01 -0.42407189E-11
    2    1    0.81540622E-01 -0.15815960E-11
    3    1    0.81540628E-01 -0.51462445E-11
    4    1   -0.67003225E-09 -0.23402159E-08
    5    1    0.73577550E-08  0.57114995E-09
    1    2    0.23749276E-02 -0.10751400E-11
    2    2    0.66361574E-02  0.48814286E-11
    3    2   -0.22191962E-01  0.92671704E-12
    4    2    0.13824729E-08 -0.63853203E-09
    5    2   -0.18432463E-08  0.13722294E-08
    1    3    0.23749268E-02  0.19825808E-12
    2    3   -0.22191962E-01  0.60139393E-11
    3    3    0.66361572E-02 -0.60706995E-12
    4    3   -0.98351323E-09  0.46194367E-09
    5    3    0.18742714E-08  0.31687627E-09
    1    4    0.92065508E-09  0.23282372E-09
    2    4    0.29812443E-09 -0.48363574E-09
    3    4   -0.42275088E-09  0.15848156E-08
    4    4    0.42808088E-01  0.63548615E-09
    5    4    0.16732728E-01 -0.70133825E-09
    1    5   -0.33211675E-09  0.28720572E-09
    2    5   -0.29941708E-09 -0.11299020E-09
    3    5   -0.22813519E-09 -0.11262700E-08
    4    5   -0.16006611E-01 -0.69982409E-09
    5    5    0.42808088E-01  0.45663182E-09

    2    0    0
    1    1    0.60495792E-01 -0.34497960E-11
    2    1   -0.22191918E-01  0.40904918E-11
    3    1   -0.14984565E+00 -0.36844416E-11
    4    1    0.27656185E-08 -0.20520753E-08
    5    1   -0.78657157E-08  0.58543022E-08
    1    2    0.51481405E-02 -0.41947001E-11
    2    2   -0.81821027E-02  0.21105895E-11
    3    2   -0.22191924E-01 -0.12156109E-11
    4    2   -0.24396057E-09 -0.27607905E-09
    5    2   -0.93450918E-09  0.75848832E-09
    1    3   -0.39411452E-01 -0.12860701E-11
    2    3    0.51481375E-02  0.22719522E-11
    3    3    0.60495797E-01  0.12986279E-11
    4    3   -0.36678453E-09  0.59640896E-09
    5    3    0.19372381E-08 -0.13991626E-08
    1    4    0.11267984E-09 -0.62922234E-09
    2    4    0.48950155E-09  0.32144961E-09
    3    4    0.13110750E-09  0.16649724E-08
    4    4   -0.21438492E-03  0.12619193E-08
    5    4    0.16732728E-01 -0.10406989E-08
    1    5   -0.90383304E-09  0.16686711E-09
    2    5   -0.38746532E-09 -0.30045878E-09
    3    5    0.65851420E-09 -0.28522236E-09
    4    5   -0.80524447E-02 -0.18546854E-09
    5    5   -0.21438505E-03  0.11207243E-08

    2    1    0
    1    1   -0.83074946E-03 -0.29859448E-12
    2    1   -0.54801753E-03  0.30114661E-11
    3    1    0.23749362E-02  0.18688123E-12
    4    1    0.35730614E-09 -0.24141828E-09
    5    1   -0.96931148E-09  0.16070134E-08
    1    2    0.51481484E-02 -0.12339713E-11
    2    2    0.37521529E-03  0.12528867E-12
    3    2    0.51481528E-02 -0.15748566E-11
    4    2   -0.18849566E-09  0.45009938E-09
    5    2    0.27178402E-09  0.14218652E-09
    1    3    0.23749361E-02  0.45941029E-12
    2    3   -0.54801749E-03  0.36201597E-12
    3    3   -0.83074957E-03  0.92814645E-13
    4    3   -0.11136923E-09 -0.26130260E-09
    5    3    0.10327106E-09 -0.22038225E-09
    1    4    0.18688368E-09 -0.15048033E-09
    2    4    0.24352106E-09  0.26784214E-09
    3    4   -0.42462389E-09  0.20925757E-09
    4    4    0.17910072E-02  0.42511342E-09
    5    4   -0.16006610E-01 -0.81646799E-09
    1    5   -0.23167237E-09  0.66624299E-10
    2    5   -0.11253521E-10  0.19289446E-10
    3    5    0.22611808E-09  0.31702973E-11
    4    5   -0.12350058E-01 -0.46948107E-09
    5    5    0.17910072E-02  0.40451399E-09

    3   -2    0
    1    1   -0.83074946E-03 -0.46289639E-11
    2    1    0.23749350E-02 -0.12887191E-11
    3    1    0.51481494E-02 -0.19359930E-11
    4    1   -0.22606343E-09  0.21340425E-09
    5    1    0.77583276E-09  0.64302359E-11
    1    2    0.23749350E-02 -0.33695269E-12
    2    2   -0.83074945E-03  0.29264369E-11
    3    2    0.51481494E-02  0.23873264E-11
    4    2   -0.61210993E-09  0.71884582E-10
    5    2    0.34366391E-09  0.30107038E-10
    1    3   -0.54801760E-03 -0.20178303E-13
    2    3   -0.54801760E-03  0.28262670E-11
    3    3    0.37521515E-03  0.17033042E-11
    4    3   -0.30575661E-09 -0.18687392E-09
    5    3    0.37180074E-10 -0.10868105E-09
    1    4   -0.14707001E-09  0.18509873E-09
    2    4    0.83903788E-11 -0.20003923E-09
    3    4    0.30322285E-09 -0.10190958E-09
    4    4    0.17910073E-02 -0.10591320E-08
    5    4   -0.80524448E-02  0.58144602E-09
    1    5   -0.21074705E-10 -0.31681044E-09
    2    5    0.18604267E-09  0.40657884E-09
    3    5    0.72380069E-10 -0.15393335E-09
    4    5    0.12502262E-01  0.58430916E-09
    5    5    0.17910073E-02 -0.10325429E-08

    3   -1    0
    1    1   -0.83074946E-03  0.29770630E-12
    2    1    0.51481484E-02  0.12326390E-11
    3    1    0.23749361E-02 -0.45929927E-12
    4    1    0.18688368E-09  0.15048033E-09
    5    1   -0.23167237E-09 -0.66624299E-10
    1    2   -0.54801753E-03 -0.30118269E-11
    2    2    0.37521529E-03 -0.12601031E-12
    3    2   -0.54801749E-03 -0.36196046E-12
    4    2    0.24352106E-09 -0.26784214E-09
    5    2   -0.11253521E-10 -0.19289446E-10
    1    3    0.23749362E-02 -0.18734082E-12
    2    3    0.51481528E-02  0.15734464E-11
    3    3   -0.83074957E-03 -0.94091401E-13
    4    3   -0.42462389E-09 -0.20925757E-09
    5    3    0.22611808E-09 -0.31702973E-11
    1    4    0.35730614E-09  0.24141828E-09
    2    4   -0.18849566E-09 -0.45009938E-09
    3    4   -0.11136923E-09  0.26130260E-09
    4    4    0.17910072E-02 -0.42511362E-09
    5    4   -0.12350058E-01  0.46948162E-09
    1    5   -0.96931148E-09 -0.16070134E-08
    2    5    0.27178402E-09 -0.14218652E-09
    3    5    0.10327106E-09  0.22038225E-09
    4    5   -0.16006610E-01  0.81646638E-09
    5    5    0.17910072E-02 -0.40451413E-09

   -3    1    0
    1    1    0.11610888E-09 -0.37894080E-12  0.37011785E-09 -0.23829463E-11 -0.14539302E-10 -0.99843435E-11
    2    1   -0.27685024E-03  0.18179418E-11  0.89780921E-04  0.44522297E-11  0.40572617E-10  0.11533314E-10
    3    1    0.41569234E-04  0.31342520E-11 -0.36844191E-03  0.10099901E-11 -0.23143726E-10  0.24733564E-10
    4    1    0.26080531E-10 -0.11848797E-09 -0.88569621E-10  0.23646824E-09  0.11777548E-03 -0.29149122E-10
    5    1    0.17577450E-09  0.46530302E-10 -0.16650021E-09 -0.20366769E-09  0.48346051E-03  0.88744226E-10
    1    2   -0.73309149E-03 -0.98895479E-12  0.95798226E-03  0.41307415E-11  0.70690456E-11 -0.81189146E-11
    2    2   -0.33131909E-09 -0.22239419E-11 -0.57722418E-09 -0.43244986E-11 -0.42178439E-10  0.22617228E-12
    3    2    0.91882972E-03  0.12927556E-11  0.33002707E-03 -0.25153265E-11  0.24524675E-10 -0.92188831E-11
    4    2   -0.25135935E-10  0.39079496E-09 -0.95502405E-10  0.48690175E-09 -0.77059954E-03 -0.60474369E-11
    5    2   -0.18530158E-09 -0.23576208E-10 -0.31144001E-09 -0.15487940E-09 -0.49964922E-03  0.46653856E-10
    1    3    0.56705424E-04  0.44225452E-12 -0.14754859E-03 -0.28085175E-11  0.17872996E-11  0.25001567E-10
    2    3    0.11915992E-03 -0.32311724E-11 -0.11452901E-03  0.99339634E-12 -0.13097228E-10 -0.44932261E-11
    3    3    0.21638647E-09 -0.11727468E-11  0.23574396E-09 -0.50735024E-12  0.17535493E-10 -0.63902332E-11
    4    3   -0.30333546E-10  0.45800759E-10  0.54305021E-10 -0.17210541E-10  0.11777546E-03  0.61428448E-10
    5    3   -0.45105587E-10 -0.23485926E-10  0.13573214E-09  0.57044730E-10  0.42494365E-03 -0.56868719E-10
    1    4    0.13295512E-09  0.20354668E-09 -0.39510256E-10 -0.28970144E-10  0.42494259E-03 -0.88153880E-10
    2    4   -0.23110834E-09 -0.59756746E-10  0.11548920E-09  0.49792419E-10 -0.21486941E-03 -0.25287411E-11
    3    4    0.13330089E-09  0.38052200E-10 -0.63354849E-11  0.97427740E-10  0.42494257E-03  0.12030190E-09
    4    4    0.40628912E-03  0.32135559E-10  0.70371339E-03 -0.72557923E-11  0.24444343E-09 -0.62351649E-09
    5    4    0.45941919E-03 -0.71379609E-10 -0.21148204E-03 -0.74618525E-10  0.10749059E-08 -0.38565735E-09
    1    5    0.12889583E-09 -0.13921749E-09  0.93304126E-11  0.40809667E-10  0.52979665E-04  0.92772104E-10
    2    5   -0.66463569E-10 -0.55510949E-10 -0.61851225E-10 -0.40959921E-10  0.11777431E-03  0.66569735E-10
    3    5   -0.24661165E-09 -0.34690292E-10  0.25117464E-09  0.45128800E-10  0.11777436E-03 -0.74070431E-10
    4    5   -0.48211375E-03  0.94010192E-10  0.31722065E-03 -0.13838592E-09  0.27442959E-10  0.16546555E-09
    5    5   -0.40628912E-03  0.53527034E-10 -0.70371340E-03  0.10158885E-09  0.41347206E-11  0.16415276E-08

   -3    2    0
    1    1   -0.31073887E-09 -0.51604641E-12  0.96775331E-10 -0.15772557E-11 -0.44317415E-10 -0.42931194E-11
    2    1    0.27797673E-04  0.14004155E-11 -0.22089322E-03  0.39238682E-11  0.55045726E-10  0.35302090E-10
    3    1    0.10692402E-03  0.20932312E-11  0.20430995E-03  0.21364963E-12  0.10236817E-11 -0.51586421E-11
    4    1   -0.17786916E-09  0.82943657E-10 -0.22259506E-10 -0.92581078E-10  0.11777542E-03  0.46402829E-11
    5    1   -0.16841345E-09 -0.75279357E-11  0.37191929E-09  0.48579317E-11 -0.21486906E-03  0.54951084E-10
    1    2    0.27797670E-04 -0.45956341E-11  0.22089322E-03  0.49360208E-11  0.21802686E-10 -0.56354055E-11
    2    2   -0.31273435E-09 -0.65653690E-12 -0.95690416E-10 -0.22088498E-11 -0.35214043E-10 -0.13331829E-10
    3    2    0.10692401E-03  0.43508240E-11 -0.20430995E-03  0.10762009E-11  0.60383699E-12  0.88879044E-11
    4    2    0.39061265E-10 -0.25678078E-09  0.48394781E-10 -0.11652428E-09  0.11777558E-03 -0.28696358E-10
    5    2   -0.23899903E-10 -0.97710465E-10 -0.22007495E-09 -0.31679560E-09 -0.21486906E-03  0.52358256E-10
    1    3   -0.27404084E-03  0.19778615E-11  0.62795516E-03 -0.13758510E-11  0.38763345E-10  0.19049124E-10
    2    3   -0.27404084E-03 -0.16083133E-11 -0.62795516E-03  0.27081308E-11 -0.33614038E-10 -0.77966519E-11
    3    3    0.57602304E-09 -0.99851811E-12 -0.37110462E-12 -0.30787525E-12  0.73017553E-11  0.84741017E-11
    4    3    0.12977018E-09  0.13425582E-09 -0.23140122E-09 -0.20034081E-10 -0.77059972E-03 -0.11333785E-10
    5    3   -0.12108940E-09 -0.13556954E-09 -0.79325161E-11 -0.14673285E-09 -0.21486907E-03 -0.72079932E-10
    1    4   -0.20254651E-09  0.13620896E-09  0.66810108E-10 -0.53342552E-10  0.42494261E-03 -0.65614017E-10
    2    4    0.27297197E-09 -0.48453041E-10  0.50241097E-09 -0.85224519E-10  0.42494244E-03 -0.95150256E-10
    3    4    0.26276367E-09 -0.81695079E-10 -0.18170692E-09 -0.42757554E-12 -0.21486939E-03  0.10503379E-10
    4    4   -0.81257825E-03  0.60941712E-10 -0.95765917E-11  0.11691672E-11 -0.35989540E-09 -0.39976731E-09
    5    4   -0.11330753E-03 -0.21836303E-09  0.13035350E-10  0.25958899E-10 -0.87858566E-09 -0.11790938E-08
    1    5    0.11182769E-09  0.16057496E-09  0.23372827E-09 -0.23290738E-09  0.15021840E-02  0.25117112E-10
    2    5   -0.19741339E-09 -0.14980114E-09 -0.30570283E-09 -0.31690484E-10  0.15021839E-02  0.11150981E-09
    3    5   -0.23947499E-09  0.12598075E-09  0.11711267E-09  0.20680656E-09 -0.77060057E-03 -0.39147995E-10
    4    5    0.83499596E-03  0.14057715E-10  0.66177756E-11  0.18121096E-10  0.34254086E-09 -0.13723690E-08
    5    5    0.81257823E-03  0.16310829E-10  0.13529941E-10  0.22484034E-10 -0.38870430E-09  0.34956642E-09

   -2   -1    0
    1    1    0.11610864E-09  0.37886447E-12  0.37011769E-09  0.23828812E-11 -0.14539302E-10  0.99843435E-11
    2    1    0.11568495E-02  0.75004049E-12 -0.47066021E-03  0.33570341E-11  0.70690324E-11  0.81189360E-11
    3    1   -0.33236753E-03  0.18307556E-11 -0.29825323E-03 -0.60766713E-13  0.17873097E-11 -0.25001541E-10
    4    1   -0.73193374E-10  0.46768206E-10  0.22276339E-09 -0.35625854E-09  0.42494259E-03  0.88153855E-10
    5    1   -0.34940128E-10 -0.81395576E-10  0.11696136E-09  0.20453763E-09  0.52979665E-04 -0.92772039E-10
    1    2    0.23040146E-03 -0.52076605E-12  0.95547643E-05 -0.27623804E-11  0.40572590E-10 -0.11533320E-10
    2    2   -0.33131934E-09  0.22238482E-11 -0.57722404E-09  0.43245706E-11 -0.42178439E-10 -0.22617228E-12
    3    2   -0.60670699E-04 -0.49693872E-11  0.28464778E-03  0.51166515E-12 -0.13097215E-10  0.44932773E-11
    4    2    0.32504135E-09 -0.15488969E-09  0.13670637E-09 -0.18493572E-09 -0.21486941E-03  0.25287379E-11
    5    2    0.19165153E-09 -0.81116961E-10  0.39313619E-09  0.64927317E-10  0.11777431E-03 -0.66569717E-10
    1    3   -0.66791835E-04  0.13525090E-11 -0.23809484E-03 -0.12901817E-11 -0.23143746E-10 -0.24733573E-10
    2    3   -0.30689063E-03 -0.13709099E-11  0.60755160E-03 -0.26285265E-11  0.24524683E-10  0.92189046E-11
    3    3    0.21638598E-09  0.11725282E-11  0.23574396E-09  0.50735458E-12  0.17535493E-10  0.63902332E-11
    4    3   -0.15256426E-09 -0.93877796E-11 -0.27622595E-10 -0.11266064E-09  0.42494257E-03 -0.12030191E-09
    5    3    0.27104851E-09 -0.40785227E-10 -0.13061350E-10 -0.11465391E-10  0.11777436E-03  0.74070419E-10
    1    4   -0.10720504E-10 -0.66321477E-10  0.10965783E-10  0.15516394E-09  0.11777548E-03  0.29149118E-10
    2    4   -0.76319118E-10 -0.49172877E-10  0.43720228E-10  0.52273115E-10 -0.77059954E-03  0.60474234E-11
    3    4    0.19757195E-10 -0.82487268E-11 -0.63757945E-12  0.88317776E-11  0.11777546E-03 -0.61428482E-10
    4    4    0.40628912E-03 -0.32135699E-10  0.70371339E-03  0.72557741E-11  0.24444343E-09  0.62351649E-09
    5    4    0.54469940E-04  0.16723585E-09 -0.93220294E-03 -0.10918389E-09  0.27442924E-10 -0.16546557E-09
    1    5   -0.55027146E-10  0.32710127E-11  0.21947765E-09 -0.13020588E-09  0.48346051E-03 -0.88744221E-10
    2    5   -0.57254063E-10  0.88596705E-10  0.12813662E-09 -0.10261604E-09 -0.49964922E-03 -0.46653968E-10
    3    5    0.19404966E-10 -0.18232260E-11 -0.15645780E-09  0.94910570E-10  0.42494365E-03  0.56868707E-10
    4    5   -0.56895481E-03  0.89653808E-10 -0.30108826E-03  0.24151901E-09  0.10749058E-08  0.38565736E-09
    5    5   -0.40628912E-03 -0.53527423E-10 -0.70371340E-03 -0.10158883E-09  0.41347206E-11 -0.16415276E-08

   -2    0    0
    1    1   -0.37017183E-09  0.89602024E-12  0.11533431E-08  0.15519513E-11  0.19902201E-10  0.13100349E-10
    2    1   -0.10266706E-02  0.12265115E-11  0.37817608E-03  0.34629956E-11  0.38299585E-10  0.10830576E-10
    3    1   -0.94730149E-04  0.22318560E-11 -0.26495166E-04  0.72114710E-12 -0.17689111E-10  0.69817555E-11
    4    1    0.19955656E-09 -0.11453057E-09  0.35097702E-10  0.16375572E-09  0.15021840E-02  0.11705315E-10
    5    1    0.32925179E-11  0.29168241E-10 -0.23802893E-09  0.87131646E-10  0.15021838E-02 -0.45632148E-10
    1    2    0.23500561E-02 -0.13339331E-11  0.10005613E-02 -0.39393207E-12  0.17551103E-10  0.34986955E-10
    2    2   -0.50691918E-09  0.24472224E-12 -0.87875215E-09  0.42364252E-12 -0.17424322E-10 -0.24521281E-11
    3    2   -0.11961807E-02 -0.17760949E-11  0.15588342E-03 -0.19514383E-11 -0.42429250E-11 -0.15651815E-10
    4    2   -0.47653362E-09  0.19841325E-09 -0.61631009E-09 -0.14143135E-09 -0.49964779E-03  0.60921055E-10
    5    2   -0.13124094E-09  0.76630285E-10  0.27109123E-09  0.19923072E-09 -0.77060063E-03 -0.19403466E-10
    1    3    0.10929082E-01 -0.15010017E-11 -0.10848011E-01  0.13989465E-11 -0.93255159E-10 -0.30707388E-10
    2    3    0.10893073E-02 -0.15777377E-11 -0.45262504E-03 -0.22555113E-12 -0.48517553E-10 -0.39807330E-10
    3    3    0.91489476E-09 -0.61955042E-12 -0.24077046E-09 -0.10731407E-11  0.40752991E-10 -0.69285623E-11
    4    3    0.16340529E-09 -0.10447520E-09  0.28491756E-09 -0.58502748E-10 -0.33368995E-02 -0.16309345E-10
    5    3    0.29124185E-10  0.99129897E-10 -0.92130404E-10  0.23495860E-09  0.15021840E-02  0.87935202E-10
    1    4   -0.47663449E-10 -0.15370758E-09 -0.86759406E-10 -0.40547697E-11 -0.33368992E-02  0.72008612E-10
    2    4   -0.24335863E-10 -0.18209744E-09  0.71707463E-10  0.18579282E-09 -0.49964776E-03  0.69869937E-10
    3    4   -0.91317029E-10  0.93119817E-10  0.11422945E-09 -0.65008937E-10  0.15021837E-02 -0.35467696E-10
    4    4   -0.33489860E-03 -0.25240620E-10 -0.58006139E-03 -0.43718099E-10 -0.59338636E-09  0.91683284E-09
    5    4    0.16202388E-03  0.12866758E-09  0.11513066E-02 -0.41448275E-10 -0.16392087E-09  0.16400775E-08
    1    5    0.64074273E-09  0.15471866E-09 -0.36931388E-09 -0.23185018E-09  0.63611957E-02 -0.72909864E-10
    2    5   -0.22323051E-09  0.22096036E-09  0.22247226E-09 -0.38401490E-09  0.41430347E-03 -0.11230908E-09
    3    5   -0.14594285E-10  0.19545931E-10 -0.10714695E-09  0.21820310E-09 -0.33369003E-02  0.92039870E-10
    4    5    0.27492174E-02 -0.88949608E-10 -0.21461008E-02  0.22416777E-09 -0.68761617E-09  0.33108555E-09
    5    5    0.33489858E-03 -0.13436841E-09  0.58006135E-03 -0.23273330E-09  0.24385919E-09 -0.94989610E-09

   -2    1    0
    1    1   -0.25495405E-08 -0.18129543E-11  0.50045848E-08 -0.14893503E-11 -0.11932196E-09  0.13579631E-10
    2    1   -0.42447963E-03  0.65472231E-11 -0.13871647E-03  0.39668861E-11  0.74157743E-10  0.24626950E-10
    3    1    0.19853354E-03  0.16006066E-11  0.46418668E-03 -0.59142795E-13 -0.83213132E-11 -0.25741633E-10
    4    1   -0.11865104E-09  0.33161873E-09  0.51430140E-10 -0.27041342E-09  0.52978273E-04  0.86488323E-10
    5    1   -0.20910644E-09  0.47046452E-10  0.71637075E-10 -0.14093660E-09  0.42494367E-03 -0.72003338E-10
    1    2    0.27103494E-02 -0.21993319E-11  0.54812084E-02  0.39788810E-13 -0.37052546E-10 -0.18997104E-09
    2    2   -0.92436806E-09 -0.24523018E-11 -0.26931779E-08 -0.20771930E-11  0.36474059E-11 -0.97503992E-11
    3    2    0.30851888E-03  0.15934348E-11 -0.25354894E-02 -0.70596435E-12  0.37005293E-11  0.78842459E-10
    4    2    0.53608776E-10 -0.29143724E-09  0.24982904E-09 -0.35081060E-09  0.41431113E-03  0.50453717E-11
    5    2    0.43441895E-09 -0.31742225E-09  0.59680902E-09  0.33289524E-10 -0.49964894E-03 -0.71419740E-10
    1    3   -0.27754343E-02 -0.12353219E-11 -0.14497186E-02  0.79104908E-12  0.26391616E-09  0.11451472E-09
    2    3    0.11708992E-02 -0.40597284E-11 -0.79419021E-03 -0.29852444E-12 -0.79531235E-10 -0.45215579E-10
    3    3    0.25231733E-08 -0.12526282E-11 -0.69741737E-09 -0.30565307E-12  0.14125116E-10 -0.25622161E-10
    4    3   -0.16721585E-09 -0.21299582E-10 -0.26667031E-09  0.15551942E-09  0.41431121E-03 -0.50140599E-10
    5    3    0.19359798E-09  0.12299946E-09 -0.19241023E-09 -0.97979161E-11  0.48346067E-03  0.12832266E-10
    1    4   -0.28836421E-10 -0.12184982E-09  0.20749871E-09  0.17828534E-09 -0.35244459E-02  0.54168403E-10
    2    4   -0.17488288E-10 -0.13036310E-09  0.53028528E-11  0.15190532E-09  0.48346035E-03  0.35194301E-10
    3    4    0.19242963E-11  0.13828274E-09 -0.83721721E-11 -0.27272166E-09  0.48346021E-03 -0.52542165E-10
    4    4    0.61964661E-04 -0.94809379E-10 -0.10732600E-03 -0.41716200E-10  0.70172493E-09  0.41017936E-10
    5    4   -0.66801921E-03  0.14996766E-09  0.47267252E-03  0.19456217E-10  0.17296570E-09  0.31744053E-09
    1    5   -0.34734160E-09  0.23817506E-09  0.33557842E-09 -0.65427487E-10  0.63611965E-02 -0.10088956E-09
    2    5    0.44638535E-11  0.96924465E-10  0.15552814E-10 -0.22058580E-09 -0.33369005E-02 -0.10323665E-10
    3    5    0.24694459E-09 -0.27578078E-09 -0.34207698E-09  0.26695755E-09  0.41430349E-03  0.66955446E-10
    4    5    0.15280141E-02 -0.37278510E-10 -0.22642521E-02  0.17762773E-09 -0.64495195E-09  0.15230595E-08
    5    5   -0.61964730E-04 -0.88316368E-10  0.10732596E-03 -0.68818014E-10 -0.45350494E-09 -0.54711977E-09

   -2    2    0
    1    1   -0.47326020E-09 -0.20897502E-11  0.90988035E-09 -0.82305339E-16 -0.17547763E-09  0.49958087E-11
    2    1   -0.70309836E-04  0.45440945E-11 -0.68791613E-04  0.18507068E-11  0.16010673E-09  0.33057250E-10
    3    1    0.17082057E-03 -0.16443701E-11  0.12371893E-02 -0.93051727E-12  0.86514285E-11 -0.18801891E-10
    4    1   -0.48854337E-10 -0.20408468E-09  0.25408867E-09  0.24701450E-10  0.15021837E-02  0.61177452E-10
    5    1    0.16670121E-09 -0.17176736E-09 -0.28269108E-09  0.26046810E-09  0.42494373E-03 -0.11052934E-09
    1    2    0.51005015E-02 -0.40611481E-11 -0.13211032E-01  0.16887635E-11  0.17795953E-09 -0.15612177E-09
    2    2   -0.47274715E-09  0.60753486E-13 -0.90988024E-09  0.21060290E-16 -0.14252351E-09  0.20431589E-10
    3    2   -0.22012662E-03  0.17651972E-11 -0.20187088E-02  0.81486413E-12 -0.56530247E-11  0.23639399E-10
    4    2    0.47131620E-09  0.72446020E-10  0.11429217E-09  0.16078973E-09 -0.33368992E-02  0.32966250E-10
    5    2   -0.19558579E-09  0.23546808E-09 -0.48080374E-11  0.28205250E-09  0.48346062E-03 -0.67097907E-11
    1    3   -0.13667773E-02 -0.83683787E-12 -0.10983934E-02 -0.62078684E-12 -0.23625363E-10  0.37681898E-10
    2    3    0.35789544E-03 -0.35625502E-11  0.11166272E-02  0.25029852E-11 -0.99043208E-11 -0.25469710E-10
    3    3    0.87935730E-09 -0.33335487E-12  0.67654216E-16  0.10717271E-15 -0.32891713E-10 -0.16904775E-11
    4    3   -0.22787907E-09 -0.39041103E-10  0.16013379E-09 -0.19983415E-09 -0.49964781E-03 -0.89385867E-10
    5    3    0.20268144E-09 -0.35967346E-10  0.36655248E-10  0.43365753E-10 -0.49964902E-03  0.12758354E-09
    1    4   -0.34213799E-09  0.30345868E-11 -0.40700770E-09  0.45752184E-09 -0.33368994E-02  0.87155897E-10
    2    4    0.84699531E-10 -0.14661763E-09 -0.41912187E-10  0.24901411E-09  0.15021838E-02 -0.42439494E-10
    3    4    0.86163180E-10  0.81991692E-10  0.14632213E-09 -0.25013370E-09 -0.49964788E-03 -0.40186615E-10
    4    4    0.66979721E-03 -0.16544816E-09 -0.26020852E-16 -0.65297675E-16  0.91818034E-10  0.13582114E-08
    5    4   -0.89358657E-03  0.22035824E-09  0.68415469E-03 -0.17559833E-09 -0.35661390E-10  0.10237516E-08
    1    5    0.56410821E-10  0.73851575E-10  0.19332262E-09 -0.11498807E-09  0.48346068E-03 -0.90667562E-10
    2    5   -0.37419446E-10 -0.68137494E-10  0.11587547E-09  0.12259036E-09  0.42494362E-03  0.46051357E-11
    3    5    0.34615237E-10 -0.55396033E-10 -0.53708210E-09  0.82204986E-10 -0.49964899E-03  0.50885245E-10
    4    5   -0.77168900E-03  0.53056954E-10  0.63431276E-03  0.20059065E-09  0.75497042E-09 -0.55803760E-10
    5    5   -0.66979715E-03 -0.10211533E-09  0.27755576E-16 -0.13408845E-15  0.44945226E-09 -0.21449304E-08

   -2    3    0
    1    1   -0.31073896E-09  0.51617217E-12  0.96775277E-10  0.15773251E-11 -0.44317415E-10  0.42931194E-11
    2    1    0.50126978E-03  0.41935896E-11 -0.60158337E-04  0.39685431E-11  0.21802712E-10  0.56354327E-11
    3    1   -0.18582509E-03  0.72749098E-13 -0.10782115E-02 -0.18430344E-11  0.38763372E-10 -0.19049084E-10
    4    1    0.31077077E-09  0.83210665E-10 -0.12677050E-09 -0.11936053E-09  0.42494261E-03  0.65614052E-10
    5    1    0.82051830E-10  0.31273515E-09 -0.22005705E-09 -0.26663097E-09  0.15021840E-02 -0.25117117E-10
    1    2    0.50126978E-03 -0.10915107E-11  0.60158336E-04  0.27652661E-11  0.55045706E-10 -0.35302098E-10
    2    2   -0.31273444E-09  0.65666180E-12 -0.95690379E-10  0.22087822E-11 -0.35214043E-10  0.13331829E-10
    3    2   -0.18582509E-03  0.82700436E-12  0.10782115E-02  0.23854622E-11 -0.33614065E-10  0.77966620E-11
    4    2   -0.50710809E-09  0.69957945E-10 -0.68544960E-09 -0.21451787E-09  0.42494244E-03  0.95150270E-10
    5    2    0.21132130E-09 -0.27316830E-09  0.47078389E-09 -0.27229548E-10  0.15021839E-02 -0.11150981E-09
    1    3   -0.10189280E-03 -0.33450811E-12 -0.27509302E-03 -0.20880834E-12  0.10236303E-11  0.51586263E-11
    2    3   -0.10189280E-03 -0.28350004E-11  0.27509302E-03  0.62029049E-12  0.60382058E-12 -0.88878708E-11
    3    3    0.57602286E-09  0.99876184E-12 -0.37110983E-12  0.30787699E-12  0.73017553E-11 -0.84741017E-11
    4    3   -0.19829201E-09 -0.63661214E-10  0.22307985E-09  0.93625346E-10 -0.21486939E-03 -0.10503350E-10
    5    3    0.11890090E-09  0.43799231E-10 -0.36987282E-09  0.31652946E-09 -0.77060057E-03  0.39148000E-10
    1    4   -0.76194336E-10 -0.13120162E-11  0.94793859E-12 -0.73525372E-10  0.11777542E-03 -0.46402777E-11
    2    4    0.43688571E-10  0.69770307E-10 -0.34032024E-10 -0.74590831E-10  0.11777558E-03  0.28696399E-10
    3    4    0.68659283E-10 -0.61686333E-10  0.26204453E-09 -0.10586489E-09 -0.77059972E-03  0.11333796E-10
    4    4   -0.81257825E-03 -0.60941554E-10 -0.95765861E-11 -0.11691741E-11 -0.35989540E-09  0.39976731E-09
    5    4   -0.13026690E-02  0.12189863E-09 -0.22864945E-10  0.17564833E-10  0.34254083E-09  0.13723691E-08
    1    5   -0.62500681E-10 -0.27361662E-10 -0.30893901E-09  0.38130636E-11 -0.21486906E-03 -0.54951032E-10
    2    5   -0.13912014E-10  0.52722822E-10  0.17973996E-09 -0.31404056E-09 -0.21486906E-03 -0.52358292E-10
    3    5   -0.50565884E-10  0.64993803E-10 -0.27118304E-10 -0.18147337E-09 -0.21486907E-03  0.72079968E-10
    4    5   -0.47997849E-03  0.94159396E-10 -0.17456947E-10  0.92906830E-10 -0.87858569E-09  0.11790938E-08
    5    5    0.81257823E-03 -0.16310467E-10  0.13529942E-10 -0.22484025E-10 -0.38870430E-09 -0.34956642E-09

   -1   -2    0
    1    1   -0.33181056E-09 -0.79305226E-12  0.57990090E-09  0.26066779E-11 -0.41751228E-10 -0.10947579E-11
    2    1    0.23040146E-03 -0.17122581E-11 -0.95547621E-05  0.94501948E-13  0.31887899E-10  0.78673977E-11
    3    1   -0.60670702E-04  0.43851057E-11 -0.28464778E-03 -0.20405353E-11 -0.42382894E-11 -0.10757595E-11
    4    1   -0.26748277E-09  0.59073457E-10  0.15413107E-09  0.53984209E-10 -0.21486940E-03 -0.88106048E-10
    5    1   -0.38036004E-09 -0.23307377E-09  0.32549729E-09  0.52910979E-10  0.11777420E-03  0.76487033E-10
    1    2    0.11568495E-02  0.15192792E-11  0.47066021E-03  0.27542862E-11  0.60082920E-10 -0.20555499E-10
    2    2    0.11335716E-09  0.60766883E-12 -0.36606788E-09  0.37130598E-11 -0.29941518E-10  0.17837340E-10
    3    2   -0.33236753E-03 -0.27754146E-11  0.29825322E-03  0.52282712E-12  0.13447913E-11 -0.15852819E-11
    4    2    0.85362292E-10 -0.16659455E-09  0.45885201E-09  0.38536055E-10  0.42494261E-03 -0.12399760E-10
    5    2    0.23664844E-09  0.15537084E-09  0.58774572E-10  0.13564348E-09  0.52979716E-04  0.40826001E-11
    1    3   -0.30689063E-03  0.48863713E-12 -0.60755159E-03 -0.22988751E-12 -0.17032773E-10 -0.18632712E-10
    2    3   -0.66791835E-04 -0.18060824E-11  0.23809485E-03 -0.22548434E-12  0.11874827E-10  0.17135363E-10
    3    3    0.21672420E-09  0.73550280E-12 -0.23654167E-09 -0.17136379E-12  0.13464948E-10 -0.14728666E-11
    4    3    0.23962235E-09 -0.32695920E-10 -0.27688189E-09 -0.85083931E-11  0.42494253E-03  0.15410959E-10
    5    3   -0.16149845E-09  0.10728956E-09  0.82819370E-10 -0.22351721E-09  0.11777438E-03 -0.70556499E-10
    1    4   -0.12254203E-09 -0.48659246E-10 -0.11383270E-09 -0.49832791E-10 -0.77059952E-03 -0.32325618E-12
    2    4    0.46404806E-10 -0.20193097E-10 -0.33174530E-10 -0.19520271E-10  0.11777548E-03  0.24543055E-10
    3    4   -0.64281197E-10  0.41934832E-10 -0.33645508E-10  0.10459346E-09  0.11777552E-03 -0.27284156E-11
    4    4    0.40628912E-03  0.25085876E-10 -0.70371338E-03 -0.55395449E-10 -0.11369757E-09 -0.82559184E-09
    5    4    0.54469989E-04 -0.67635046E-10  0.93220277E-03  0.69664472E-10  0.34166660E-09 -0.45440734E-09
    1    5    0.97223543E-10  0.11769917E-09  0.10139388E-09  0.10789794E-09 -0.49964916E-03  0.53325551E-10
    2    5    0.12851648E-10  0.13962423E-10  0.18921751E-09  0.14785638E-09  0.48346041E-03  0.15092301E-10
    3    5    0.37850873E-10 -0.32677578E-10  0.59368205E-10  0.50342430E-11  0.42494363E-03 -0.98528876E-10
    4    5   -0.56895480E-03  0.12629188E-10  0.30108814E-03 -0.13202485E-09 -0.57397117E-09 -0.18857848E-09
    5    5   -0.40628909E-03  0.14044525E-10  0.70371335E-03  0.35037208E-10  0.81741658E-10  0.34109873E-09

   -1   -1    0
    1    1   -0.18689021E-08 -0.25897253E-12  0.23446567E-08  0.18483080E-11  0.25347379E-10  0.26180608E-10
    2    1    0.16381922E-02 -0.13099153E-11 -0.11999884E-02 -0.32467207E-12 -0.43462275E-10 -0.74390376E-10
    3    1   -0.17739866E-03  0.15546316E-11  0.13452101E-03  0.43206671E-12 -0.14103464E-10  0.27382764E-10
    4    1    0.77057791E-10 -0.19360849E-09 -0.22371739E-09  0.14583324E-09  0.48346049E-03 -0.93254677E-10
    5    1    0.19315973E-09  0.57703919E-10 -0.25141378E-09  0.56762873E-10  0.11777423E-03  0.59641304E-10
    1    2    0.16381922E-02 -0.13924848E-11  0.11999884E-02 -0.75840853E-12  0.33507214E-10  0.52418587E-10
    2    2   -0.18693157E-08  0.71763561E-12 -0.23413622E-08  0.50663836E-11 -0.23514024E-10  0.54697339E-11
    3    2   -0.17739866E-03 -0.49409153E-11 -0.13452101E-03  0.41526572E-12 -0.13392935E-10 -0.11960976E-10
    4    2    0.54908185E-10  0.14279239E-09  0.40451247E-09  0.39682719E-09  0.48346044E-03 -0.23020745E-10
    5    2   -0.43921656E-09  0.78749770E-10 -0.71514281E-09 -0.19134227E-09  0.11777426E-03  0.26322131E-10
    1    3   -0.83725148E-03  0.17328113E-11 -0.29981848E-02  0.21803085E-11 -0.14798284E-09 -0.19005334E-09
    2    3   -0.83725147E-03 -0.63040610E-12  0.29981848E-02 -0.28700920E-11  0.77789673E-10  0.23182285E-09
    3    3    0.55884708E-08  0.27868940E-12  0.32040395E-11  0.61926072E-12  0.48812552E-10 -0.31966773E-10
    4    3    0.52365818E-09  0.33474547E-09  0.22635016E-09  0.18018752E-09 -0.35244460E-02  0.85610470E-10
    5    3   -0.31467426E-09 -0.10999071E-09  0.10379073E-09 -0.14677330E-10  0.52979605E-04  0.11636651E-10
    1    4   -0.24252676E-09  0.72884645E-10 -0.14527999E-09 -0.51149554E-10  0.41431149E-03 -0.46052858E-11
    2    4    0.11024077E-09 -0.67600763E-11 -0.15453245E-09  0.96430135E-10  0.41431150E-03  0.14042546E-10
    3    4    0.53850354E-10 -0.17122384E-09  0.12900284E-09  0.23278095E-11  0.52978219E-04  0.15498151E-10
    4    4   -0.12392937E-03  0.51850282E-11  0.60932906E-10 -0.79055359E-10  0.23617963E-09 -0.36707658E-09
    5    4   -0.85003249E-03 -0.68933434E-10 -0.28315884E-10  0.31112767E-10 -0.23132087E-11 -0.92298013E-09
    1    5    0.57332662E-09  0.67929028E-10  0.20182465E-09  0.39606125E-09  0.27386254E-02  0.33631332E-10
    2    5   -0.41042486E-09 -0.23130553E-09  0.47535460E-09  0.21885764E-09  0.27386255E-02  0.53781112E-10
    3    5   -0.17996563E-09  0.12794415E-09 -0.18104129E-09 -0.18989809E-09 -0.35244328E-02  0.12496284E-10
    4    5    0.60933042E-02 -0.97775771E-10  0.13655986E-10 -0.14597954E-09  0.97840355E-09  0.92958552E-09
    5    5    0.12392937E-03 -0.47457966E-11 -0.77554217E-10  0.87528641E-10 -0.15635736E-09  0.76225355E-09

   -1    0    0
    1    1    0.19908898E-07  0.11410855E-11 -0.97130550E-08  0.19767243E-11  0.10921350E-10  0.13325479E-10
    2    1   -0.36026978E-02  0.50145779E-11 -0.26672348E-02  0.26482809E-11  0.10654968E-09  0.10355752E-09
    3    1    0.13991339E-01  0.38065319E-12 -0.21883490E-02  0.20737483E-11 -0.90556342E-11  0.26912175E-10
    4    1   -0.36477530E-09 -0.11495248E-09 -0.47621918E-09 -0.13684457E-10  0.63612095E-02 -0.71078877E-10
    5    1    0.50130314E-10  0.12830744E-09  0.38164828E-09 -0.21703866E-09 -0.33369008E-02  0.10955258E-09
    1    2    0.87759719E-02 -0.20782548E-11  0.15706875E-01  0.48750468E-12 -0.23963907E-09  0.43168262E-09
    2    2    0.15500513E-08  0.44331248E-12  0.26851101E-08  0.76827048E-12  0.33153122E-09  0.13570664E-10
    3    2   -0.33917056E-02 -0.21087756E-11 -0.50878477E-02 -0.10804413E-11 -0.32392634E-10 -0.13346892E-09
    4    2   -0.42001663E-09 -0.37803887E-09  0.22598512E-09 -0.16809216E-09  0.27386147E-02 -0.55402386E-10
    5    2    0.40164410E-09  0.11229090E-09 -0.27355968E-09  0.41824112E-10  0.41430340E-03  0.39016533E-13
    1    3    0.13235362E-01 -0.13980367E-12 -0.72606471E-01  0.10745528E-12  0.62324641E-09 -0.46021661E-09
    2    3    0.83895135E-02 -0.25134013E-11  0.33909152E-02 -0.12938023E-12 -0.49395620E-09 -0.21106150E-09
    3    3   -0.21754715E-07 -0.25345524E-12  0.54503521E-08 -0.43976801E-12  0.16917316E-09 -0.79763545E-11
    4    3    0.57175676E-09  0.26773174E-09 -0.14081164E-09 -0.26012506E-09 -0.22401860E-01  0.82102976E-10
    5    3   -0.84275555E-09 -0.34064655E-09  0.92822459E-11  0.39494397E-10  0.63611968E-02 -0.99494467E-10
    1    4   -0.54485541E-09 -0.39307679E-09  0.67678052E-09 -0.19685314E-09 -0.22401848E-01  0.45911183E-11
    2    4   -0.48038516E-09  0.22903123E-09 -0.11163708E-08  0.32391859E-09  0.27386147E-02  0.51312241E-10
    3    4    0.33485679E-09  0.79607659E-10  0.42396196E-09 -0.21629880E-10  0.63612086E-02 -0.67574370E-10
    4    4   -0.10178897E-01 -0.45380522E-10 -0.17630367E-01 -0.78600376E-10 -0.16249883E-08 -0.87294617E-09
    5    4    0.37941239E-02 -0.27377328E-09 -0.18068081E-02  0.15899286E-09  0.79259675E-11 -0.78778581E-09
    1    5   -0.36658334E-10 -0.64525867E-10 -0.13636848E-08 -0.52834621E-09  0.21908834E+00  0.35833127E-10
    2    5    0.29804139E-09 -0.20539426E-09 -0.71004640E-10 -0.53308740E-10 -0.22401850E-01 -0.88261687E-11
    3    5   -0.26925209E-09 -0.18847702E-09 -0.18557292E-09  0.30319446E-09 -0.22401846E-01 -0.61969818E-10
    4    5    0.23696507E-01 -0.59479652E-11 -0.20946993E-01 -0.13100242E-09  0.91138920E-10 -0.43677192E-08
    5    5    0.10178897E-01  0.16589734E-09  0.17630367E-01  0.28734479E-09 -0.82251040E-10  0.11174469E-08

   -1    1    0
    1    1    0.29209744E-08 -0.18177664E-11 -0.21399295E-07  0.48448402E-15 -0.61787193E-09 -0.68422706E-10
    2    1   -0.25840977E-02  0.65850396E-11 -0.92018254E-02  0.22853956E-11  0.35138062E-09  0.62031012E-10
    3    1    0.38608704E-02 -0.22069587E-11  0.42636757E-02 -0.12638938E-11  0.52217426E-10 -0.36061502E-10
    4    1   -0.51379962E-09 -0.46171899E-09  0.33879001E-09  0.35466403E-10  0.63612087E-02 -0.92247657E-10
    5    1    0.50821665E-09 -0.12695401E-09 -0.13870508E-10  0.21192638E-09 -0.35244332E-02  0.62063516E-10
    1    2    0.82873650E-01 -0.38903464E-11 -0.99694843E-02 -0.10230313E-11  0.10125537E-08 -0.13472374E-08
    2    2    0.29167297E-08 -0.15772800E-12  0.21399300E-07 -0.47897391E-15 -0.70835796E-09  0.19377592E-09
    3    2   -0.92145633E-02 -0.28880712E-12 -0.15453659E-01  0.20541996E-11 -0.20565095E-09  0.55636231E-09
    4    2    0.10667718E-08  0.10056496E-08  0.33861349E-09  0.94216191E-09 -0.22401855E-01 -0.10101604E-09
    5    2   -0.51679815E-09  0.17806539E-09 -0.86830620E-09 -0.23823330E-09  0.27386258E-02  0.91845028E-10
    1    3   -0.10885224E-01 -0.12408498E-11  0.62845943E-02  0.37153830E-12 -0.35373296E-09  0.17481018E-09
    2    3    0.39570813E-02 -0.58216728E-11 -0.41090763E-03  0.18363015E-11  0.10573430E-09 -0.10466514E-09
    3    3   -0.44471306E-08 -0.44548393E-12 -0.12767565E-14  0.27375117E-16 -0.15368418E-09 -0.14997937E-10
    4    3    0.12502917E-09  0.12742852E-09 -0.33601868E-09 -0.24096247E-09  0.27386147E-02  0.14765160E-09
    5    3   -0.25810478E-09 -0.96640782E-10  0.63788183E-09 -0.10783099E-09  0.27386260E-02 -0.12646206E-09
    1    4    0.50421283E-10  0.67704347E-10 -0.28926580E-09  0.76032502E-10 -0.22401855E-01  0.53400752E-10
    2    4    0.50475264E-09 -0.15633003E-10  0.37583893E-10 -0.15566480E-10  0.63612087E-02  0.31500241E-10
    3    4    0.97249545E-10 -0.11130556E-09  0.17300359E-09 -0.24204098E-09  0.27386147E-02  0.70223946E-11
    4    4    0.20357794E-01  0.23227580E-09 -0.24147351E-14 -0.47290971E-14  0.42015583E-09 -0.98974838E-09
    5    4    0.50588963E-02 -0.21246792E-09 -0.75895399E-02  0.26086853E-10  0.14064783E-08 -0.21447702E-08
    1    5   -0.25441541E-09  0.50532615E-09 -0.10732070E-09 -0.28007175E-09  0.27386256E-02 -0.25807939E-10
    2    5   -0.32763626E-09 -0.39217012E-10  0.18433566E-09  0.67312759E-10 -0.35244330E-02  0.22167736E-11
    3    5    0.42908552E-09 -0.27406626E-09 -0.61310819E-10 -0.10136791E-09  0.27386260E-02 -0.27128305E-10
    4    5    0.10156101E-02 -0.53619409E-10 -0.58636272E-03 -0.11992061E-10 -0.18402945E-10  0.11942061E-08
    5    5   -0.20357794E-01  0.93544054E-10 -0.32439329E-14 -0.37839519E-14 -0.29511387E-09  0.21735575E-08

   -1    2    0
    1    1   -0.92711869E-09 -0.12118067E-11  0.26952444E-08  0.11600929E-11 -0.26532673E-10  0.10717774E-10
    2    1   -0.29828885E-03  0.30648306E-11  0.22022725E-03  0.66815802E-12  0.58162457E-10 -0.56027765E-11
    3    1    0.10497824E-02  0.75122027E-12 -0.13138883E-02 -0.30169478E-11 -0.34832997E-10  0.20900950E-11
    4    1    0.38495281E-09  0.66137214E-10 -0.40290045E-09  0.49842452E-10  0.48346036E-03 -0.92553559E-10
    5    1    0.21898853E-10  0.18909891E-09  0.55522246E-11 -0.14726785E-09 -0.33369006E-02  0.87696330E-10
    1    2    0.56229421E-02 -0.16321038E-11 -0.12117255E-02  0.39798828E-11  0.24393422E-09 -0.13814770E-09
    2    2   -0.25566813E-08 -0.62412617E-12 -0.49996536E-08  0.16563525E-11 -0.16067281E-09  0.97549942E-10
    3    2   -0.41112059E-02  0.40404738E-11  0.17864586E-02  0.34009429E-11  0.93118001E-10 -0.10275713E-10
    4    2    0.23895222E-09  0.20804195E-09 -0.28886179E-12  0.24376200E-09 -0.35244458E-02 -0.70738960E-10
    5    2   -0.12081233E-08 -0.32299678E-09 -0.51094109E-09 -0.46306470E-09  0.63611965E-02  0.10328265E-09
    1    3   -0.16537104E-02 -0.91300369E-12 -0.11390015E-03  0.86237538E-12 -0.44834526E-10  0.49657918E-10
    2    3    0.47554951E-03 -0.29383899E-11  0.85706175E-04  0.26923899E-11 -0.55319644E-11 -0.36347391E-10
    3    3    0.25208760E-08  0.13357978E-11  0.69837444E-09 -0.58098144E-12  0.47969036E-10  0.26174654E-10
    4    3    0.18015515E-09 -0.67982532E-10 -0.90950275E-10  0.11879444E-09  0.48346021E-03  0.10580493E-09
    5    3   -0.24598222E-10  0.97795824E-10  0.18178740E-09  0.42989273E-10  0.41430346E-03 -0.10833744E-09
    1    4   -0.57383214E-10 -0.41954653E-09 -0.19297820E-09  0.18812702E-09  0.41431125E-03  0.57417925E-10
    2    4    0.12469525E-09 -0.45262563E-10 -0.70268340E-10 -0.20883853E-09  0.52978160E-04 -0.16328361E-10
    3    4    0.62097297E-10  0.42975235E-09  0.37951482E-09  0.30326264E-10  0.41431124E-03 -0.35780496E-10
    4    4    0.61964571E-04  0.82989126E-10  0.10732605E-03 -0.42391479E-10  0.24206457E-09 -0.64193538E-09
    5    4    0.43987019E-03 -0.16414148E-09 -0.33243443E-02  0.79018420E-10 -0.17369090E-08 -0.15281421E-08
    1    5   -0.22613791E-09 -0.17552156E-10  0.17436774E-09 -0.34804857E-10 -0.49964909E-03  0.12264304E-10
    2    5   -0.48969186E-10  0.56067701E-10 -0.31960521E-09  0.13334616E-09  0.42494380E-03  0.53582416E-10
    3    5    0.26137279E-09 -0.12194255E-09 -0.64470000E-10 -0.24177975E-10  0.48346064E-03  0.25326962E-10
    4    5   -0.44693258E-03 -0.68009489E-10  0.93540116E-03  0.28066286E-10  0.42221157E-09  0.91033554E-10
    5    5   -0.61964595E-04 -0.22087734E-10 -0.10732603E-03  0.18821094E-10  0.27718752E-09  0.52768601E-09

   -1    3    0
    1    1   -0.33181046E-09 -0.79290827E-12  0.57990097E-09  0.26067568E-11 -0.41751228E-10 -0.10947579E-11
    2    1    0.23040146E-03 -0.17122790E-11 -0.95547621E-05  0.94495063E-13  0.31887899E-10  0.78673977E-11
    3    1   -0.60670702E-04  0.43851220E-11 -0.28464778E-03 -0.20405165E-11 -0.42382894E-11 -0.10757595E-11
    4    1   -0.26748277E-09  0.59073457E-10  0.15413107E-09  0.53984209E-10 -0.21486940E-03 -0.88106010E-10
    5    1   -0.38036004E-09 -0.23307377E-09  0.32549729E-09  0.52910979E-10  0.11777420E-03  0.76487004E-10
    1    2    0.11568495E-02  0.15192921E-11  0.47066021E-03  0.27542888E-11  0.60082920E-10 -0.20555499E-10
    2    2    0.11335728E-09  0.60781108E-12 -0.36606796E-09  0.37129774E-11 -0.29941518E-10  0.17837340E-10
    3    2   -0.33236753E-03 -0.27754083E-11  0.29825322E-03  0.52280855E-12  0.13447914E-11 -0.15852819E-11
    4    2    0.85362292E-10 -0.16659455E-09  0.45885201E-09  0.38536055E-10  0.42494261E-03 -0.12399733E-10
    5    2    0.23664844E-09  0.15537084E-09  0.58774572E-10  0.13564348E-09  0.52979716E-04  0.40825828E-11
    1    3   -0.30689063E-03  0.48864439E-12 -0.60755159E-03 -0.22989466E-12 -0.17032773E-10 -0.18632712E-10
    2    3   -0.66791835E-04 -0.18060705E-11  0.23809485E-03 -0.22549432E-12  0.11874827E-10  0.17135363E-10
    3    3    0.21672440E-09  0.73586016E-12 -0.23654167E-09 -0.17137767E-12  0.13464948E-10 -0.14728666E-11
    4    3    0.23962235E-09 -0.32695920E-10 -0.27688189E-09 -0.85083931E-11  0.42494253E-03  0.15410985E-10
    5    3   -0.16149845E-09  0.10728956E-09  0.82819370E-10 -0.22351721E-09  0.11777438E-03 -0.70556461E-10
    1    4   -0.12254203E-09 -0.48659246E-10 -0.11383270E-09 -0.49832791E-10 -0.77059952E-03 -0.32323970E-12
    2    4    0.46404806E-10 -0.20193097E-10 -0.33174530E-10 -0.19520271E-10  0.11777548E-03  0.24543087E-10
    3    4   -0.64281197E-10  0.41934832E-10 -0.33645508E-10  0.10459346E-09  0.11777552E-03 -0.27283800E-11
    4    4    0.40628912E-03  0.25086084E-10 -0.70371338E-03 -0.55395448E-10 -0.11369757E-09 -0.82559184E-09
    5    4    0.54469989E-04 -0.67635042E-10  0.93220277E-03  0.69664470E-10  0.34166660E-09 -0.45440734E-09
    1    5    0.97223543E-10  0.11769917E-09  0.10139388E-09  0.10789794E-09 -0.49964916E-03  0.53325604E-10
    2    5    0.12851648E-10  0.13962423E-10  0.18921751E-09  0.14785638E-09  0.48346041E-03  0.15092289E-10
    3    5    0.37850873E-10 -0.32677578E-10  0.59368205E-10  0.50342430E-11  0.42494363E-03 -0.98528850E-10
    4    5   -0.56895480E-03  0.12629196E-10  0.30108814E-03 -0.13202486E-09 -0.57397117E-09 -0.18857848E-09
    5    5   -0.40628909E-03  0.14044914E-10  0.70371335E-03  0.35037221E-10  0.81741658E-10  0.34109873E-09

    0   -2    0
    1    1   -0.51022332E-09 -0.23973098E-12  0.88447473E-09  0.41552699E-12 -0.46394767E-10  0.10777418E-11
    2    1    0.23500561E-02  0.31017402E-11 -0.10005613E-02 -0.17627617E-11  0.21138607E-10 -0.60635558E-10
    3    1   -0.11961807E-02  0.13592428E-11 -0.15588341E-03 -0.16952585E-12 -0.78432942E-11  0.17299550E-10
    4    1    0.21068389E-09 -0.24716838E-09  0.26859869E-10  0.19277898E-09 -0.49964774E-03  0.46898119E-10
    5    1    0.48181643E-09  0.25843379E-09 -0.30744916E-09 -0.11660327E-09 -0.77060054E-03  0.17071555E-10
    1    2   -0.10266706E-02 -0.25068572E-11 -0.37817608E-03  0.42069653E-11  0.37438546E-10  0.49080329E-11
    2    2   -0.37453197E-09  0.10778317E-12 -0.11457913E-08 -0.18675463E-12 -0.98195104E-10 -0.37380444E-10
    3    2   -0.94730155E-04 -0.99618623E-13  0.26495156E-04  0.10928739E-12  0.44903126E-10 -0.10816109E-10
    4    2   -0.31616285E-09  0.17839888E-09 -0.68224201E-09  0.73350565E-10  0.15021839E-02  0.76576392E-10
    5    2   -0.15464731E-10 -0.30105347E-10  0.18080958E-09 -0.84523578E-10  0.15021837E-02 -0.60868169E-10
    1    3    0.10893073E-02  0.43710616E-11  0.45262504E-03  0.98811454E-12 -0.45460849E-10  0.31196147E-10
    2    3    0.10929082E-01 -0.79885946E-12  0.10848011E-01  0.11514234E-11  0.55077674E-10  0.13639149E-09
    3    3    0.91344002E-09 -0.74420071E-12  0.24328991E-09  0.12891580E-11  0.18424716E-10 -0.13963215E-10
    4    3   -0.56730760E-09  0.64392662E-10  0.25994264E-09  0.30282452E-10 -0.33368996E-02  0.30177045E-10
    5    3    0.99471318E-10 -0.79906718E-10  0.10662420E-09  0.23035855E-09  0.15021841E-02  0.29064431E-10
    1    4    0.16798920E-09 -0.15928565E-09  0.22347155E-09 -0.11410791E-09 -0.49964791E-03 -0.56214848E-10
    2    4    0.10183162E-09  0.17283371E-09 -0.32258767E-10  0.22600232E-10 -0.33368990E-02 -0.43509883E-10
    3    4    0.24256576E-10 -0.59163717E-10  0.33500304E-10  0.10638566E-09  0.15021837E-02  0.10913917E-09
    4    4   -0.33489853E-03  0.41645516E-10  0.58006127E-03 -0.72131985E-10  0.62683159E-10 -0.39148281E-09
    5    4    0.16202398E-03  0.17282243E-09 -0.11513064E-02  0.15165941E-09  0.53504309E-09  0.14769235E-08
    1    5   -0.28726229E-10  0.40844312E-10 -0.14651332E-10  0.10354465E-10  0.41430353E-03 -0.11552304E-10
    2    5   -0.22023253E-09 -0.44397459E-09 -0.13311633E-09 -0.44734220E-09  0.63611956E-02  0.52224647E-10
    3    5   -0.19659707E-10 -0.26027095E-10 -0.54267991E-10 -0.76601007E-10 -0.33369002E-02 -0.11604160E-10
    4    5    0.27492173E-02  0.32739819E-10  0.21461006E-02  0.71408110E-10 -0.31398498E-09 -0.15285246E-09
    5    5    0.33489853E-03  0.39801678E-11 -0.58006128E-03 -0.68934546E-11  0.95480892E-10  0.12063318E-08

    0   -1    0
    1    1    0.15431634E-08 -0.76331476E-12 -0.26731779E-08  0.13229869E-11  0.94898829E-10 -0.14395223E-10
    2    1    0.87759719E-02  0.86240891E-12 -0.15706875E-01 -0.17472765E-11 -0.44479925E-09 -0.80556058E-09
    3    1   -0.33917056E-02 -0.73182129E-13  0.50878477E-02  0.90493585E-12 -0.82963272E-13  0.15724180E-09
    4    1    0.15468822E-09  0.65100944E-10 -0.14740001E-09 -0.25618531E-09  0.27386147E-02  0.96477547E-10
    5    1   -0.39550010E-09  0.53398894E-10  0.52293547E-09  0.68264737E-10  0.41430335E-03 -0.22009061E-10
    1    2   -0.36026978E-02 -0.27942063E-11  0.26672348E-02  0.26122955E-11  0.21731630E-09 -0.44648294E-10
    2    2    0.19896797E-07 -0.34651406E-12  0.97340085E-08  0.60015843E-12 -0.50552545E-09 -0.20642803E-09
    3    2    0.13991339E-01  0.21914894E-11  0.21883490E-02 -0.78792440E-12  0.42070150E-10  0.24659458E-10
    4    2   -0.33314914E-10 -0.94646852E-10 -0.18833317E-09 -0.17290688E-09  0.63612095E-02  0.28427057E-10
    5    2    0.18835989E-09 -0.22814552E-09  0.21299580E-09 -0.26676927E-09 -0.33369007E-02 -0.31516699E-10
    1    3    0.83895135E-02  0.30260472E-11 -0.33909152E-02  0.95938492E-12 -0.30077004E-09  0.33302464E-09
    2    3    0.13235362E-01 -0.57307994E-12  0.72606471E-01  0.21198401E-11  0.70497893E-09  0.85100206E-09
    3    3   -0.21764888E-07 -0.31618284E-12 -0.54327321E-08  0.54592615E-12  0.78397490E-10 -0.43964509E-10
    4    3   -0.54251477E-09  0.85592926E-10  0.13587234E-09  0.19695563E-10 -0.22401860E-01 -0.50636274E-10
    5    3    0.27046776E-09 -0.68210908E-10 -0.55276197E-09 -0.17846002E-09  0.63611969E-02 -0.63171935E-10
    1    4   -0.69545967E-09  0.16860421E-09  0.11006659E-09 -0.57547650E-09  0.27386148E-02 -0.69955901E-10
    2    4    0.98756400E-09  0.10158986E-08 -0.10723939E-08 -0.50059967E-10 -0.22401848E-01 -0.11155036E-09
    3    4    0.35459404E-09 -0.43161975E-09  0.57997197E-09  0.27819689E-09  0.63612086E-02  0.22249658E-10
    4    4   -0.10178897E-01 -0.81583070E-10  0.17630367E-01  0.14130650E-09 -0.76910214E-11  0.29630737E-09
    5    4    0.37941237E-02  0.23431154E-10  0.18068080E-02  0.12749289E-10 -0.90968449E-09 -0.50048538E-09
    1    5    0.65177656E-09  0.45506756E-11 -0.22368550E-10  0.65411214E-09 -0.22401850E-01  0.20410210E-10
    2    5   -0.15011800E-09 -0.23685763E-09  0.76983902E-09 -0.54842756E-09  0.21908834E+00  0.58020682E-10
    3    5   -0.53807842E-09  0.23396059E-09 -0.34742885E-09 -0.55374648E-09 -0.22401846E-01 -0.14802925E-10
    4    5    0.23696507E-01  0.65901100E-10  0.20946993E-01  0.53829176E-10  0.15166260E-08 -0.39850889E-08
    5    5    0.10178897E-01  0.47904805E-10 -0.17630367E-01 -0.82972178E-10 -0.12394685E-08 -0.96202197E-09

    0    0    0
    1    1    0.10677452E+01  0.00000000E+00  0.61646295E+00  0.00000000E+00  0.34721526E-08  0.00000000E+00
    2    1   -0.72326972E-01  0.53221378E-11  0.89527752E-11  0.45144200E-13  0.15421285E-08  0.64164731E-09
    3    1    0.50070636E-01  0.18812934E-11  0.66785956E-01  0.43190292E-11  0.16222222E-08  0.31071374E-09
    4    1    0.21405211E-08 -0.24865758E-08  0.30294089E-09  0.49883025E-09  0.21908833E+00  0.14209401E-09
    5    1    0.25184282E-09  0.39712402E-09 -0.48276700E-09 -0.36213413E-09 -0.22401855E-01 -0.96277888E-10
    1    2   -0.72326972E-01 -0.53221273E-11  0.89527624E-11 -0.45139890E-13  0.15421284E-08 -0.64164728E-09
    2    2    0.10677452E+01  0.00000000E+00 -0.61646295E+00  0.00000000E+00  0.58486579E-08  0.00000000E+00
    3    2    0.50070636E-01  0.31061796E-11 -0.66785956E-01 -0.25554226E-11  0.16791550E-08 -0.45623763E-09
    4    2    0.15403331E-08  0.12001795E-08 -0.60618139E-09  0.25307467E-09  0.21908833E+00  0.71522684E-10
    5    2    0.37613961E-09  0.23343539E-10  0.11790849E-08  0.26770682E-09 -0.22401855E-01 -0.15257073E-10
    1    3    0.50070636E-01 -0.18813105E-11  0.66785956E-01 -0.43190308E-11  0.16222222E-08 -0.31071375E-09
    2    3    0.50070636E-01 -0.31061766E-11 -0.66785956E-01  0.25554389E-11  0.16791550E-08  0.45623763E-09
    3    3    0.21354903E+01  0.00000000E+00  0.83040083E-10  0.00000000E+00  0.26653440E-09  0.00000000E+00
    4    3   -0.17177751E-08  0.48738498E-09  0.14630360E-08 -0.33902587E-08  0.21908835E+00 -0.14848236E-09
    5    3   -0.18942544E-09 -0.37847977E-09 -0.77128263E-09  0.28070573E-08  0.21908832E+00  0.90491036E-10
    1    4    0.21405211E-08  0.24865758E-08  0.30294089E-09 -0.49883025E-09  0.21908833E+00 -0.14209401E-09
    2    4    0.15403331E-08 -0.12001795E-08 -0.60618139E-09 -0.25307467E-09  0.21908833E+00 -0.71522687E-10
    3    4   -0.17177751E-08 -0.48738498E-09  0.14630360E-08  0.33902587E-08  0.21908835E+00  0.14848236E-09
    4    4    0.14236602E+01  0.00000000E+00 -0.15474385E-09  0.00000000E+00 -0.12003394E-07  0.00000000E+00
    5    4    0.33051220E-01  0.82100870E-10  0.62729478E-10 -0.15464828E-09  0.18584856E-08  0.55352686E-08
    1    5    0.25184282E-09 -0.39712402E-09 -0.48276700E-09  0.36213413E-09 -0.22401855E-01  0.96277888E-10
    2    5    0.37613961E-09 -0.23343539E-10  0.11790849E-08 -0.26770682E-09 -0.22401855E-01  0.15257099E-10
    3    5   -0.18942544E-09  0.37847977E-09 -0.77128263E-09 -0.28070573E-08  0.21908832E+00 -0.90491044E-10
    4    5    0.33051220E-01 -0.82100877E-10  0.62729474E-10  0.15464831E-09  0.18584855E-08 -0.55352686E-08
    5    5    0.28473205E+01  0.00000000E+00  0.21847163E-09  0.00000000E+00 -0.46300117E-08  0.00000000E+00

    0    1    0
    1    1    0.15431634E-08  0.76331476E-12 -0.26731779E-08 -0.13229869E-11  0.94898829E-10  0.14395223E-10
    2    1   -0.53028937E-02  0.14090633E-11  0.46769401E-02  0.70685428E-13  0.21731628E-09  0.44648302E-10
    3    1    0.16319886E-01  0.11603643E-11 -0.94222816E-02 -0.16238660E-11 -0.30077004E-09 -0.33302465E-09
    4    1   -0.46835229E-09 -0.60635567E-09  0.45331866E-09  0.57674354E-09  0.27386148E-02  0.69955891E-10
    5    1    0.12263004E-08  0.16929725E-08 -0.21642121E-09 -0.48851880E-09 -0.22401850E-01 -0.20410226E-10
    1    2   -0.94384414E-08  0.55065880E-12 -0.18844574E-01  0.17936125E-11 -0.44479926E-09  0.80556060E-09
    2    2    0.19896797E-07  0.34651406E-12  0.97340085E-08 -0.60015843E-12 -0.50552545E-09  0.20642803E-09
    3    2   -0.36163518E-01  0.82083915E-12  0.62636981E-01  0.13844150E-13  0.70497890E-09 -0.85100203E-09
    4    2    0.66174828E-09 -0.11149525E-09 -0.17788841E-08  0.64522290E-09 -0.22401848E-01  0.11155039E-09
    5    2   -0.19648022E-08 -0.16166967E-08  0.63629174E-09 -0.56702777E-11  0.21908834E+00 -0.58020677E-10
    1    3   -0.13989019E-02  0.59640579E-13  0.69309102E-02 -0.19486590E-11 -0.82974792E-13 -0.15724179E-09
    2    3    0.40492318E-02 -0.16980955E-11 -0.70134763E-02  0.29675639E-11  0.42070107E-10 -0.24659433E-10
    3    3   -0.21764888E-07  0.31618284E-12 -0.54327321E-08 -0.54592615E-12  0.78397490E-10  0.43964509E-10
    4    3   -0.65563059E-10  0.29939462E-09  0.56385024E-09 -0.59814254E-09  0.63612086E-02 -0.22249691E-10
    5    3   -0.15785768E-09 -0.67570640E-09 -0.26135841E-09  0.10683666E-08 -0.22401846E-01  0.14802915E-10
    1    4    0.97408175E-10 -0.63997690E-10 -0.29269723E-09  0.18771196E-09  0.27386147E-02 -0.96477539E-10
    2    4    0.14004054E-09 -0.12164455E-09  0.68932287E-10  0.48566330E-10  0.63612095E-02 -0.28427081E-10
    3    4   -0.61254429E-09 -0.12960372E-10  0.32736286E-09  0.12291669E-11 -0.22401860E-01  0.50636300E-10
    4    4   -0.10178897E-01  0.81583070E-10  0.17630367E-01 -0.14130650E-09 -0.76910214E-11 -0.29630737E-09
    5    4    0.66477871E-02 -0.15498961E-10 -0.38381016E-02 -0.17748815E-10  0.15166260E-08  0.39850889E-08
    1    5   -0.24392926E-09 -0.22856180E-10  0.73566538E-09 -0.10951973E-09  0.41430335E-03  0.22009048E-10
    2    5    0.19542230E-10  0.53607664E-11 -0.67912941E-11  0.11614266E-09 -0.33369007E-02  0.31516686E-10
    3    5    0.37605690E-09 -0.53295478E-10 -0.63565720E-09  0.18325818E-09  0.63611969E-02  0.63171941E-10
    4    5    0.16840851E-02 -0.54052068E-11 -0.11815146E-03  0.29537789E-10 -0.90968447E-09  0.50048531E-09
    5    5    0.10178897E-01 -0.47904805E-10 -0.17630367E-01  0.82972178E-10 -0.12394685E-08  0.96202197E-09

    0    2    0
    1    1   -0.51022332E-09  0.23973098E-12  0.88447473E-09 -0.41552699E-12 -0.46394767E-10 -0.10777418E-11
    2    1    0.17360374E-03  0.14396940E-11  0.96074371E-03 -0.61801788E-12  0.37438509E-10 -0.49080374E-11
    3    1    0.79884822E-03  0.26479012E-11 -0.20989547E-02 -0.54931211E-12 -0.45460858E-10 -0.31196159E-10
    4    1   -0.35159730E-09 -0.60614023E-10  0.25619796E-09 -0.15151676E-09 -0.49964791E-03  0.56214837E-10
    5    1    0.57008066E-10 -0.70102138E-10 -0.10256470E-10  0.12115830E-09  0.41430353E-03  0.11552331E-10
    1    2   -0.61296512E-03 -0.17155244E-12 -0.15660835E-02  0.50660227E-11  0.21138611E-10  0.60635575E-10
    2    2   -0.37453197E-09 -0.10778317E-12 -0.11457913E-08  0.18675463E-12 -0.98195104E-10  0.37380444E-10
    3    2   -0.92610634E-02 -0.50302199E-12 -0.23630216E-02  0.74861750E-12  0.55077692E-10 -0.13639149E-09
    4    2    0.54230601E-10  0.76021603E-10 -0.22595423E-09  0.90436334E-10 -0.33368990E-02  0.43509883E-10
    5    2   -0.81205012E-10 -0.29492424E-09  0.42603271E-09 -0.25666228E-09  0.63611956E-02 -0.52224668E-10
    1    3    0.34012109E-03  0.22096235E-12  0.85901299E-03  0.50733159E-12 -0.78432461E-11 -0.17299517E-10
    2    3    0.73512234E-04 -0.11299523E-11 -0.42296371E-04  0.15211033E-11  0.44903091E-10  0.10816174E-10
    3    3    0.91344002E-09  0.74420071E-12  0.24328991E-09 -0.12891580E-11  0.18424716E-10  0.13963215E-10
    4    3    0.55535660E-11  0.78142514E-10 -0.39780623E-10 -0.22509674E-09  0.15021837E-02 -0.10913918E-09
    5    3   -0.63909144E-11 -0.37455191E-10  0.16256625E-10  0.10645959E-09 -0.33369002E-02  0.11604185E-10
    1    4   -0.20047413E-10 -0.10540332E-10 -0.24045615E-09 -0.14523639E-09 -0.49964774E-03 -0.46898099E-10
    2    4    0.48614039E-09  0.10964775E-09  0.17648699E-09  0.66633128E-10  0.15021839E-02 -0.76576393E-10
    3    4   -0.18463559E-09  0.80642043E-10  0.47815596E-09 -0.32600817E-10 -0.33368996E-02 -0.30177030E-10
    4    4   -0.33489853E-03 -0.41645516E-10  0.58006127E-03  0.72131985E-10  0.62683159E-10  0.39148281E-09
    5    4   -0.73972036E-03  0.46826852E-10 -0.15175362E-02  0.18230396E-11 -0.31398495E-09  0.15285243E-09
    1    5   -0.66436943E-11 -0.15186054E-10 -0.22673269E-09  0.18846653E-09 -0.77060054E-03 -0.17071560E-10
    2    5   -0.46540278E-10 -0.38897377E-10 -0.28873415E-10 -0.21951148E-10  0.15021837E-02  0.60868184E-10
    3    5    0.20714497E-10  0.12324683E-09 -0.86077943E-10 -0.14414584E-09  0.15021841E-02 -0.29064448E-10
    4    5    0.41336553E-03  0.50828480E-10  0.69280798E-03  0.76833460E-10  0.53504308E-09 -0.14769235E-08
    5    5    0.33489853E-03 -0.39801678E-11 -0.58006128E-03  0.68934546E-11  0.95480892E-10 -0.12063318E-08

    1   -3    0
    1    1   -0.33181046E-09  0.79290827E-12  0.57990097E-09 -0.26067568E-11 -0.41751228E-10  0.10947579E-11
    2    1   -0.73309149E-03  0.37750690E-11 -0.95798226E-03  0.30366817E-11  0.60082952E-10  0.20555507E-10
    3    1    0.91882973E-03  0.56226313E-12 -0.33002707E-03  0.93731793E-12 -0.17032771E-10  0.18632715E-10
    4    1    0.35900137E-09 -0.90771895E-10 -0.14619420E-09  0.10891569E-10 -0.77059952E-03  0.32325618E-12
    5    1    0.19621773E-10 -0.31165986E-11 -0.21337817E-09  0.18342615E-09 -0.49964916E-03 -0.53325602E-10
    1    2   -0.27685024E-03 -0.49622304E-11 -0.89780924E-04  0.49551958E-11  0.31887922E-10 -0.78674445E-11
    2    2    0.11335728E-09 -0.60781108E-12 -0.36606796E-09 -0.37129774E-11 -0.29941518E-10 -0.17837340E-10
    3    2    0.41569233E-04  0.15298921E-11  0.36844191E-03 -0.15101828E-12  0.11874818E-10 -0.17135332E-10
    4    2   -0.44173832E-10 -0.29766542E-10  0.73595460E-10 -0.34915794E-10  0.11777548E-03 -0.24543103E-10
    5    2   -0.94350189E-10  0.43933578E-10 -0.19829242E-09  0.16773741E-09  0.48346041E-03 -0.15092286E-10
    1    3    0.11915992E-03  0.42905843E-11  0.11452901E-03 -0.15421531E-11 -0.42382677E-11  0.10757129E-11
    2    3    0.56705423E-04 -0.10725030E-11  0.14754859E-03  0.16309031E-11  0.13448465E-11  0.15852953E-11
    3    3    0.21672440E-09 -0.73586016E-12 -0.23654167E-09  0.17137767E-12  0.13464948E-10  0.14728666E-11
    4    3    0.42803397E-10  0.35182599E-10  0.14929083E-09  0.97964761E-10  0.11777552E-03  0.27283824E-11
    5    3   -0.27008957E-10  0.23641186E-10 -0.89171431E-10 -0.11963298E-10  0.42494363E-03  0.98528873E-10
    1    4    0.26199465E-09  0.62257798E-10  0.58025943E-10 -0.49461677E-10 -0.21486940E-03  0.88105997E-10
    2    4   -0.28301155E-09 -0.10712238E-09 -0.63124296E-11 -0.56919370E-10  0.42494261E-03  0.12399744E-10
    3    4   -0.13122484E-09 -0.37690874E-10 -0.11681044E-09  0.12240903E-10  0.42494253E-03 -0.15410983E-10
    4    4    0.40628912E-03 -0.25086084E-10 -0.70371338E-03  0.55395448E-10 -0.11369757E-09  0.82559184E-09
    5    4    0.45941917E-03  0.61384876E-10  0.21148213E-03 -0.21189332E-10 -0.57397117E-09  0.18857845E-09
    1    5    0.16209106E-09 -0.18891250E-09  0.21136467E-10 -0.69302215E-10  0.11777420E-03 -0.76487028E-10
    2    5   -0.22008670E-09  0.19365772E-09 -0.14207306E-09  0.14475050E-10  0.52979716E-04 -0.40825707E-11
    3    5    0.13128250E-09 -0.16578694E-10  0.27370311E-09  0.86831333E-10  0.11777438E-03  0.70556449E-10
    4    5   -0.48211378E-03 -0.41023880E-10 -0.31722065E-03 -0.15593114E-10  0.34166659E-09  0.45440736E-09
    5    5   -0.40628909E-03 -0.14044914E-10  0.70371335E-03 -0.35037221E-10  0.81741658E-10 -0.34109873E-09

    1   -2    0
    1    1   -0.92711869E-09  0.12118067E-11  0.26952444E-08 -0.11600929E-11 -0.26532673E-10 -0.10717774E-10
    2    1    0.27103494E-02  0.33712052E-11 -0.54812084E-02  0.89013176E-12  0.24393423E-09  0.13814770E-09
    3    1    0.30851888E-03  0.13892336E-11  0.25354894E-02 -0.70407655E-13 -0.44834528E-10 -0.49657894E-10
    4    1    0.28631184E-09  0.65708718E-09  0.24309770E-09 -0.38266614E-09  0.41431125E-03 -0.57417924E-10
    5    1   -0.51029383E-09 -0.28678540E-10  0.22607992E-10 -0.89972623E-10 -0.49964909E-03 -0.12264325E-10
    1    2   -0.42447963E-03 -0.66344388E-11  0.13871647E-03  0.41419755E-11  0.58162476E-10  0.56027691E-11
    2    2   -0.25566813E-08  0.62412617E-12 -0.49996536E-08 -0.16563525E-11 -0.16067281E-09 -0.97549942E-10
    3    2    0.19853353E-03  0.59087498E-11 -0.46418668E-03  0.93090641E-12 -0.55319591E-11  0.36347406E-10
    4    2    0.57400674E-10 -0.19664247E-09 -0.47939112E-10 -0.21645272E-09  0.52978160E-04  0.16328377E-10
    5    2    0.36165782E-09  0.20688459E-10  0.48907951E-09  0.19719846E-09  0.42494380E-03 -0.53582404E-10
    1    3    0.11708992E-02  0.57953103E-11  0.79419020E-03 -0.17514154E-11 -0.34833020E-10 -0.20900900E-11
    2    3   -0.27754343E-02  0.16238346E-11  0.14497186E-02  0.62797612E-11  0.93118018E-10  0.10275723E-10
    3    3    0.25208760E-08 -0.13357978E-11  0.69837444E-09  0.58098144E-12  0.47969036E-10 -0.26174654E-10
    4    3   -0.25130129E-09 -0.40218201E-09 -0.34654267E-09  0.25068903E-09  0.41431124E-03  0.35780494E-10
    5    3    0.34589555E-09  0.12225713E-09 -0.10492313E-09 -0.88505613E-10  0.48346064E-03 -0.25326950E-10
    1    4    0.47162763E-10  0.72725547E-10  0.10352072E-09  0.89232004E-10  0.48346036E-03  0.92553556E-10
    2    4    0.23606571E-09  0.48246044E-10 -0.19012308E-09  0.31683897E-09 -0.35244458E-02  0.70738944E-10
    3    4   -0.33703960E-09  0.19651579E-09 -0.37641948E-09  0.49896307E-10  0.48346021E-03 -0.10580494E-09
    4    4    0.61964571E-04 -0.82989126E-10  0.10732605E-03  0.42391479E-10  0.24206457E-09  0.64193538E-09
    5    4   -0.66801920E-03 -0.14858890E-10 -0.47267267E-03 -0.26745742E-10  0.42221158E-09 -0.91033503E-10
    1    5   -0.10920619E-10 -0.59018216E-11  0.55529787E-11 -0.50242201E-10 -0.33369006E-02 -0.87696304E-10
    2    5    0.16000362E-09 -0.28283390E-09  0.86439595E-09 -0.44701747E-09  0.63611965E-02 -0.10328263E-09
    3    5    0.24596127E-09  0.24021606E-10  0.50397770E-10  0.13339699E-09  0.41430346E-03  0.10833743E-09
    4    5    0.15280142E-02 -0.17995594E-10  0.22642522E-02 -0.86939213E-10 -0.17369090E-08  0.15281422E-08
    5    5   -0.61964595E-04  0.22087734E-10 -0.10732603E-03 -0.18821094E-10  0.27718752E-09 -0.52768601E-09

    1   -1    0
    1    1    0.29209744E-08  0.18177664E-11 -0.21399295E-07 -0.48448402E-15 -0.61787193E-09  0.68422706E-10
    2    1    0.82873650E-01  0.42559698E-11  0.99694843E-02 -0.87155654E-12  0.10125537E-08  0.13472374E-08
    3    1   -0.92145633E-02  0.13696258E-11  0.15453659E-01 -0.52746642E-12 -0.35373300E-09 -0.17481022E-09
    4    1    0.29384281E-09 -0.68044843E-10  0.40182919E-09  0.19717818E-09 -0.22401855E-01 -0.53400748E-10
    5    1   -0.32050167E-09 -0.78510790E-09 -0.50254116E-09  0.67350317E-09  0.27386256E-02  0.25807937E-10
    1    2   -0.25840977E-02 -0.54638299E-11  0.92018254E-02  0.31998148E-11  0.35138064E-09 -0.62030994E-10
    2    2    0.29167297E-08  0.15772800E-12  0.21399300E-07  0.47897391E-15 -0.70835796E-09 -0.19377592E-09
    3    2    0.38608704E-02  0.79531204E-11 -0.42636757E-02  0.11443896E-11  0.10573431E-09  0.10466512E-09
    4    2    0.59497968E-09  0.47373144E-10 -0.37330044E-10  0.19543385E-10  0.63612087E-02 -0.31500240E-10
    5    2   -0.46048433E-09  0.48579036E-10  0.12719705E-09  0.94283984E-10 -0.35244330E-02 -0.22167927E-11
    1    3    0.39570813E-02  0.24792886E-11  0.41090763E-03 -0.17282603E-11  0.52217434E-10  0.36061494E-10
    2    3   -0.10885224E-01  0.95456542E-12 -0.62845943E-02  0.17697280E-11 -0.20565100E-09 -0.55636225E-09
    3    3   -0.44471306E-08  0.44548393E-12 -0.12767565E-14 -0.27375117E-16 -0.15368418E-09  0.14997937E-10
    4    3    0.61318105E-10  0.11132427E-09  0.13292607E-09 -0.14101054E-10  0.27386147E-02 -0.70224065E-11
    5    3    0.51087856E-09  0.39582710E-09  0.32203237E-10 -0.27320638E-09  0.27386260E-02  0.27128283E-10
    1    4   -0.20824471E-09  0.30613190E-09 -0.37233742E-09  0.18884218E-10  0.63612087E-02  0.92247647E-10
    2    4    0.65072569E-09 -0.83950751E-09 -0.43478370E-10  0.36622967E-09 -0.22401855E-01  0.10101605E-09
    3    4    0.53123764E-10 -0.16480817E-09  0.33553889E-09 -0.13466625E-09  0.27386147E-02 -0.14765158E-09
    4    4    0.20357794E-01 -0.23227580E-09 -0.24147351E-14  0.47290971E-14  0.42015583E-09  0.98974838E-09
    5    4    0.50588963E-02  0.69407037E-10  0.75895397E-02 -0.10038231E-09 -0.18402934E-10 -0.11942061E-08
    1    5    0.18554857E-09  0.94806883E-10  0.11733025E-09  0.71105300E-10 -0.35244332E-02 -0.62063514E-10
    2    5   -0.16409849E-09 -0.21215679E-09 -0.48117025E-10  0.17837326E-10  0.27386258E-02 -0.91845009E-10
    3    5   -0.26497806E-09  0.90238911E-10 -0.38596326E-09  0.90479868E-10  0.27386260E-02  0.12646209E-09
    4    5    0.10156102E-02  0.16573478E-09  0.58636278E-03  0.75780182E-10  0.14064783E-08  0.21447702E-08
    5    5   -0.20357794E-01 -0.93544054E-10 -0.32439329E-14  0.37839519E-14 -0.29511387E-09 -0.21735575E-08

    1    0    0
    1    1    0.19908898E-07 -0.11410855E-11 -0.97130550E-08 -0.19767243E-11  0.10921350E-10 -0.13325479E-10
    2    1   -0.94376232E-08 -0.33705711E-12  0.18844574E-01 -0.27833736E-12 -0.23963909E-09 -0.43168263E-09
    3    1   -0.36163518E-01  0.22140709E-12 -0.62636981E-01  0.19105871E-11  0.62324641E-09  0.46021664E-09
    4    1    0.36517094E-09  0.63117039E-10  0.44073337E-09  0.31015401E-09 -0.22401848E-01 -0.45911113E-11
    5    1   -0.30506784E-08  0.18951298E-08 -0.11095286E-08  0.28008720E-09  0.21908834E+00 -0.35833109E-10
    1    2   -0.53028937E-02 -0.22426550E-11 -0.46769401E-02 -0.77449538E-12  0.10654965E-09 -0.10355748E-09
    2    2    0.15500513E-08 -0.44331248E-12  0.26851101E-08 -0.76827048E-12  0.33153122E-09 -0.13570664E-10
    3    2    0.16319886E-01 -0.64029501E-12  0.94222816E-02 -0.12060637E-11 -0.49395621E-09  0.21106154E-09
    4    2   -0.13705806E-08 -0.52851817E-09 -0.14030369E-08 -0.56126748E-09  0.27386147E-02 -0.51312253E-10
    5    2    0.13433293E-08  0.24611310E-09  0.21757526E-09  0.42931874E-10 -0.22401850E-01  0.88261594E-11
    1    3    0.40492318E-02 -0.13352102E-11  0.70134763E-02 -0.42879356E-11 -0.90556343E-11 -0.26912157E-10
    2    3   -0.13989019E-02  0.63448953E-12 -0.69309103E-02  0.23772956E-11 -0.32392659E-10  0.13346891E-09
    3    3   -0.21754715E-07  0.25345524E-12  0.54503521E-08  0.43976801E-12  0.16917316E-09  0.79763545E-11
    4    3    0.27981083E-09  0.50006981E-11  0.81321144E-09  0.10328500E-09  0.63612086E-02  0.67574358E-10
    5    3   -0.51819204E-09 -0.20972435E-10 -0.77667748E-09 -0.92290403E-10 -0.22401846E-01  0.61969796E-10
    1    4   -0.36644348E-09  0.10225766E-09 -0.51311583E-09  0.17916815E-09  0.63612095E-02  0.71078884E-10
    2    4    0.68378024E-11  0.65579852E-10 -0.61479117E-11  0.13373296E-09  0.27386147E-02  0.55402384E-10
    3    4   -0.41043589E-10  0.45653397E-10  0.18886260E-09  0.41685563E-10 -0.22401860E-01 -0.82102975E-10
    4    4   -0.10178897E-01  0.45380522E-10 -0.17630367E-01  0.78600376E-10 -0.16249883E-08  0.87294617E-09
    5    4    0.66477871E-02  0.15193974E-09  0.38381016E-02  0.71773241E-10  0.91138878E-10  0.43677192E-08
    1    5    0.15554835E-09  0.52779233E-11  0.32643429E-09  0.10669769E-09 -0.33369008E-02 -0.10955258E-09
    2    5    0.13618732E-09 -0.39074462E-10 -0.18608850E-09 -0.61262867E-10  0.41430340E-03 -0.39026291E-13
    3    5   -0.55567583E-09  0.25796483E-09 -0.25250730E-09  0.56874016E-11  0.63611968E-02  0.99494499E-10
    4    5    0.16840851E-02  0.11730257E-09  0.11815147E-03 -0.26867369E-10  0.79259623E-11  0.78778586E-09
    5    5    0.10178897E-01 -0.16589734E-09  0.17630367E-01 -0.28734479E-09 -0.82251040E-10 -0.11174469E-08

    1    1    0
    1    1   -0.18689021E-08  0.25897253E-12  0.23446567E-08 -0.18483080E-11  0.25347379E-10 -0.26180608E-10
    2    1   -0.14183215E-02 -0.10675994E-11  0.17412992E-02  0.18469465E-11  0.33507195E-10 -0.52418590E-10
    3    1    0.13988085E-02  0.10326562E-11 -0.69309280E-02 -0.17710797E-11 -0.14798289E-09  0.19005335E-09
    4    1    0.71557232E-10  0.76964653E-10  0.49562274E-10 -0.12400499E-09  0.41431149E-03  0.46052918E-11
    5    1   -0.89912429E-10  0.94046507E-10  0.21330277E-09 -0.41077157E-09  0.27386254E-02 -0.33631334E-10
    1    2   -0.14183215E-02 -0.95863421E-13 -0.17412992E-02  0.41751674E-11 -0.43462278E-10  0.74390387E-10
    2    2   -0.18693157E-08 -0.71763561E-12 -0.23413622E-08 -0.50663836E-11 -0.23514024E-10 -0.54697339E-11
    3    2    0.13988085E-02 -0.28075794E-12  0.69309280E-02  0.25326396E-12  0.77789654E-10 -0.23182281E-09
    4    2    0.39498065E-10 -0.67616995E-10  0.25083622E-09 -0.28706122E-09  0.41431150E-03 -0.14042556E-10
    5    2    0.40236683E-09 -0.18549205E-10  0.14903170E-08 -0.11328161E-09  0.27386255E-02 -0.53781139E-10
    1    3    0.49022330E-04  0.32474967E-12  0.60290317E-03  0.10361980E-12 -0.14103461E-10 -0.27382746E-10
    2    3    0.49022331E-04 -0.11293763E-11 -0.60290317E-03 -0.80259172E-12 -0.13392926E-10  0.11961003E-10
    3    3    0.55884708E-08 -0.27868940E-12  0.32040395E-11 -0.61926072E-12  0.48812552E-10  0.31966773E-10
    4    3   -0.11632298E-10 -0.30163076E-10  0.78091806E-10  0.14602155E-09  0.52978219E-04 -0.15498163E-10
    5    3   -0.81447887E-10 -0.86293416E-10 -0.70268813E-09  0.16759599E-09 -0.35244328E-02 -0.12496288E-10
    1    4   -0.72581288E-10 -0.10988654E-09 -0.14021004E-09 -0.92245957E-10  0.48346049E-03  0.93254664E-10
    2    4   -0.74228334E-10  0.12577497E-09  0.19845282E-09 -0.18449323E-09  0.48346044E-03  0.23020740E-10
    3    4   -0.13842589E-09  0.78012257E-10  0.31885469E-09 -0.15385701E-09 -0.35244460E-02 -0.85610468E-10
    4    4   -0.12392937E-03 -0.51850282E-11  0.60932906E-10  0.79055359E-10  0.23617963E-09  0.36707658E-09
    5    4    0.89880263E-12  0.14972151E-11 -0.10373554E-09  0.14644819E-09  0.97840357E-09 -0.92958553E-09
    1    5   -0.52556765E-10  0.92746904E-11 -0.97827211E-10 -0.98377703E-11  0.11777423E-03 -0.59641334E-10
    2    5    0.15821050E-09 -0.57821756E-11 -0.39320331E-09  0.11124466E-09  0.11777426E-03 -0.26322128E-10
    3    5   -0.38286581E-10  0.31484401E-11 -0.90659955E-10  0.84142772E-10  0.52979605E-04 -0.11636644E-10
    4    5    0.79959199E-11  0.31140542E-12  0.45176276E-12 -0.17341204E-10 -0.23131320E-11  0.92298018E-09
    5    5    0.12392937E-03  0.47457966E-11 -0.77554217E-10 -0.87528641E-10 -0.15635736E-09 -0.76225355E-09

    1    2    0
    1    1   -0.33181056E-09  0.79305226E-12  0.57990090E-09 -0.26066779E-11 -0.41751228E-10  0.10947579E-11
    2    1   -0.73309149E-03  0.37750818E-11 -0.95798226E-03  0.30366914E-11  0.60082952E-10  0.20555507E-10
    3    1    0.91882973E-03  0.56225640E-12 -0.33002707E-03  0.93731533E-12 -0.17032771E-10  0.18632715E-10
    4    1    0.35900137E-09 -0.90771895E-10 -0.14619420E-09  0.10891569E-10 -0.77059952E-03  0.32327092E-12
    5    1    0.19621773E-10 -0.31165986E-11 -0.21337817E-09  0.18342615E-09 -0.49964916E-03 -0.53325547E-10
    1    2   -0.27685024E-03 -0.49622504E-11 -0.89780924E-04  0.49551960E-11  0.31887922E-10 -0.78674445E-11
    2    2    0.11335716E-09 -0.60766883E-12 -0.36606788E-09 -0.37130598E-11 -0.29941518E-10 -0.17837340E-10
    3    2    0.41569233E-04  0.15299051E-11  0.36844191E-03 -0.15102784E-12  0.11874818E-10 -0.17135332E-10
    4    2   -0.44173832E-10 -0.29766542E-10  0.73595460E-10 -0.34915794E-10  0.11777548E-03 -0.24543070E-10
    5    2   -0.94350189E-10  0.43933578E-10 -0.19829242E-09  0.16773741E-09  0.48346041E-03 -0.15092293E-10
    1    3    0.11915992E-03  0.42905920E-11  0.11452901E-03 -0.15421373E-11 -0.42382676E-11  0.10757129E-11
    2    3    0.56705423E-04 -0.10725009E-11  0.14754859E-03  0.16308844E-11  0.13448466E-11  0.15852954E-11
    3    3    0.21672420E-09 -0.73550280E-12 -0.23654167E-09  0.17136379E-12  0.13464948E-10  0.14728666E-11
    4    3    0.42803397E-10  0.35182599E-10  0.14929083E-09  0.97964761E-10  0.11777552E-03  0.27284197E-11
    5    3   -0.27008957E-10  0.23641186E-10 -0.89171431E-10 -0.11963298E-10  0.42494363E-03  0.98528900E-10
    1    4    0.26199465E-09  0.62257798E-10  0.58025943E-10 -0.49461677E-10 -0.21486940E-03  0.88106037E-10
    2    4   -0.28301155E-09 -0.10712238E-09 -0.63124296E-11 -0.56919370E-10  0.42494261E-03  0.12399772E-10
    3    4   -0.13122484E-09 -0.37690874E-10 -0.11681044E-09  0.12240903E-10  0.42494253E-03 -0.15410954E-10
    4    4    0.40628912E-03 -0.25085876E-10 -0.70371338E-03  0.55395449E-10 -0.11369757E-09  0.82559184E-09
    5    4    0.45941917E-03  0.61384883E-10  0.21148213E-03 -0.21189328E-10 -0.57397117E-09  0.18857845E-09
    1    5    0.16209106E-09 -0.18891250E-09  0.21136467E-10 -0.69302215E-10  0.11777420E-03 -0.76487061E-10
    2    5   -0.22008670E-09  0.19365772E-09 -0.14207306E-09  0.14475050E-10  0.52979716E-04 -0.40825845E-11
    3    5    0.13128250E-09 -0.16578694E-10  0.27370311E-09  0.86831333E-10  0.11777438E-03  0.70556481E-10
    4    5   -0.48211378E-03 -0.41023880E-10 -0.31722065E-03 -0.15593115E-10  0.34166659E-09  0.45440736E-09
    5    5   -0.40628909E-03 -0.14044525E-10  0.70371335E-03 -0.35037208E-10  0.81741658E-10 -0.34109873E-09

    2   -3    0
    1    1   -0.31073896E-09 -0.51617217E-12  0.96775277E-10 -0.15773251E-11 -0.44317415E-10 -0.42931194E-11
    2    1    0.27797673E-04  0.14004253E-11 -0.22089322E-03  0.39238726E-11  0.55045726E-10  0.35302090E-10
    3    1    0.10692402E-03  0.20932295E-11  0.20430995E-03  0.21365158E-12  0.10236817E-11 -0.51586421E-11
    4    1   -0.17786916E-09  0.82943657E-10 -0.22259506E-10 -0.92581078E-10  0.11777542E-03  0.46402574E-11
    5    1   -0.16841345E-09 -0.75279357E-11  0.37191929E-09  0.48579317E-11 -0.21486906E-03  0.54951050E-10
    1    2    0.27797670E-04 -0.45956215E-11  0.22089322E-03  0.49360211E-11  0.21802686E-10 -0.56354055E-11
    2    2   -0.31273444E-09 -0.65666180E-12 -0.95690379E-10 -0.22087822E-11 -0.35214043E-10 -0.13331829E-10
    3    2    0.10692401E-03  0.43508081E-11 -0.20430995E-03  0.10762134E-11  0.60383690E-12  0.88879045E-11
    4    2    0.39061265E-10 -0.25678078E-09  0.48394781E-10 -0.11652428E-09  0.11777558E-03 -0.28696389E-10
    5    2   -0.23899903E-10 -0.97710465E-10 -0.22007495E-09 -0.31679560E-09 -0.21486906E-03  0.52358280E-10
    1    3   -0.27404084E-03  0.19778557E-11  0.62795516E-03 -0.13758504E-11  0.38763345E-10  0.19049124E-10
    2    3   -0.27404084E-03 -0.16083213E-11 -0.62795516E-03  0.27081308E-11 -0.33614038E-10 -0.77966519E-11
    3    3    0.57602286E-09 -0.99876184E-12 -0.37110983E-12 -0.30787699E-12  0.73017553E-11  0.84741017E-11
    4    3    0.12977018E-09  0.13425582E-09 -0.23140122E-09 -0.20034081E-10 -0.77059972E-03 -0.11333803E-10
    5    3   -0.12108940E-09 -0.13556954E-09 -0.79325161E-11 -0.14673285E-09 -0.21486907E-03 -0.72079955E-10
    1    4   -0.20254651E-09  0.13620896E-09  0.66810108E-10 -0.53342552E-10  0.42494261E-03 -0.65614039E-10
    2    4    0.27297197E-09 -0.48453041E-10  0.50241097E-09 -0.85224519E-10  0.42494244E-03 -0.95150282E-10
    3    4    0.26276367E-09 -0.81695079E-10 -0.18170692E-09 -0.42757554E-12 -0.21486939E-03  0.10503356E-10
    4    4   -0.81257825E-03  0.60941554E-10 -0.95765861E-11  0.11691741E-11 -0.35989540E-09 -0.39976731E-09
    5    4   -0.11330753E-03 -0.21836303E-09  0.13035351E-10  0.25958895E-10 -0.87858566E-09 -0.11790938E-08
    1    5    0.11182769E-09  0.16057496E-09  0.23372827E-09 -0.23290738E-09  0.15021840E-02  0.25117092E-10
    2    5   -0.19741339E-09 -0.14980114E-09 -0.30570283E-09 -0.31690484E-10  0.15021839E-02  0.11150979E-09
    3    5   -0.23947499E-09  0.12598075E-09  0.11711267E-09  0.20680656E-09 -0.77060057E-03 -0.39148013E-10
    4    5    0.83499596E-03  0.14057706E-10  0.66177779E-11  0.18121097E-10  0.34254086E-09 -0.13723690E-08
    5    5    0.81257823E-03  0.16310467E-10  0.13529942E-10  0.22484025E-10 -0.38870430E-09  0.34956642E-09

    2   -2    0
    1    1   -0.47326020E-09  0.20897502E-11  0.90988035E-09  0.82305339E-16 -0.17547763E-09 -0.49958087E-11
    2    1    0.51005015E-02  0.29436708E-11  0.13211032E-01  0.14498977E-11  0.17795958E-09  0.15612182E-09
    3    1   -0.22012662E-03  0.16479594E-11  0.20187088E-02 -0.72356736E-12 -0.23625346E-10 -0.37681898E-10
    4    1   -0.57901847E-09 -0.18489664E-09  0.42614940E-09  0.48308170E-09 -0.33368994E-02 -0.87155866E-10
    5    1    0.34713617E-09 -0.69125304E-10 -0.27855178E-09 -0.13817077E-09  0.48346068E-03  0.90667565E-10
    1    2   -0.70309837E-04 -0.40418459E-11  0.68791613E-04  0.19368355E-11  0.16010673E-09 -0.33057229E-10
    2    2   -0.47274715E-09 -0.60753486E-13 -0.90988024E-09 -0.21060290E-16 -0.14252351E-09 -0.20431589E-10
    3    2    0.17082057E-03  0.47520387E-11 -0.12371893E-02  0.20698143E-11 -0.99043139E-11  0.25469734E-10
    4    2    0.15253766E-09  0.33554663E-09  0.45480632E-10  0.23707819E-09  0.15021838E-02  0.42439456E-10
    5    2   -0.14393962E-09  0.21658306E-09 -0.90760171E-10  0.13909333E-09  0.42494362E-03 -0.46051427E-11
    1    3    0.35789544E-03  0.20143569E-11 -0.11166272E-02 -0.10402885E-11  0.86514237E-11  0.18801924E-10
    2    3   -0.13667773E-02 -0.70647654E-12  0.10983934E-02  0.46437203E-12 -0.56530310E-11 -0.23639424E-10
    3    3    0.87935730E-09  0.33335487E-12  0.67654216E-16 -0.10717271E-15 -0.32891713E-10  0.16904775E-11
    4    3    0.19006081E-09 -0.52312431E-10 -0.82183336E-10 -0.24684622E-09 -0.49964788E-03  0.40186614E-10
    5    3   -0.16363816E-09  0.72441853E-10  0.47682700E-09  0.89401147E-10 -0.49964899E-03 -0.50885230E-10
    1    4   -0.37487386E-10  0.94363193E-10 -0.28138228E-09  0.19588173E-10  0.15021837E-02 -0.61177488E-10
    2    4    0.22245465E-09 -0.22618132E-10 -0.13127345E-09  0.15024573E-09 -0.33368992E-02 -0.32966234E-10
    3    4   -0.17730818E-09 -0.59644915E-10 -0.11253624E-09 -0.23768226E-09 -0.49964781E-03  0.89385873E-10
    4    4    0.66979721E-03  0.16544816E-09 -0.26020852E-16  0.65297675E-16  0.91818034E-10 -0.13582114E-08
    5    4   -0.89358645E-03 -0.45377261E-10 -0.68415438E-03  0.23653049E-09  0.75497043E-09  0.55803768E-10
    1    5    0.58926487E-10  0.53941980E-10  0.30475176E-09  0.27431025E-09  0.42494373E-03  0.11052936E-09
    2    5   -0.47003063E-10 -0.81945092E-10  0.89253211E-11  0.23361921E-09  0.48346062E-03  0.67098063E-11
    3    5    0.45468679E-10  0.65171833E-10 -0.84695283E-10  0.46217208E-10 -0.49964902E-03 -0.12758355E-09
    4    5   -0.77168902E-03 -0.81434924E-10 -0.63431301E-03 -0.15760968E-09 -0.35661412E-10 -0.10237517E-08
    5    5   -0.66979715E-03  0.10211533E-09  0.27755576E-16  0.13408845E-15  0.44945226E-09  0.21449304E-08

    2   -1    0
    1    1   -0.25495405E-08  0.18129543E-11  0.50045848E-08  0.14893503E-11 -0.11932196E-09 -0.13579631E-10
    2    1    0.56229421E-02  0.29620151E-11  0.12117255E-02  0.32568115E-11 -0.37052551E-10  0.18997106E-09
    3    1   -0.41112059E-02 -0.37261340E-12 -0.17864586E-02  0.11022121E-11  0.26391616E-09 -0.11451469E-09
    4    1    0.12563783E-09 -0.95184315E-10 -0.22261880E-09  0.16961025E-09 -0.35244459E-02 -0.54168393E-10
    5    1   -0.38587241E-10 -0.70561447E-10 -0.43829684E-09 -0.13496185E-09  0.63611965E-02  0.10088955E-09
    1    2   -0.29828886E-03 -0.26836438E-11 -0.22022725E-03  0.59024758E-12  0.74157741E-10 -0.24626930E-10
    2    2   -0.92436806E-09  0.24523018E-11 -0.26931779E-08  0.20771930E-11  0.36474059E-11  0.97503992E-11
    3    2    0.10497824E-02 -0.19631422E-12  0.13138883E-02 -0.11118400E-11 -0.79531231E-10  0.45215616E-10
    4    2   -0.45620582E-10  0.19090535E-09 -0.45939942E-10  0.28651873E-09  0.48346035E-03 -0.35194295E-10
    5    2   -0.36340810E-09 -0.48493515E-09 -0.23235956E-09 -0.47049613E-09 -0.33369005E-02  0.10323685E-10
    1    3    0.47554951E-03 -0.14583465E-11 -0.85706171E-04 -0.38100310E-11 -0.83213195E-11  0.25741668E-10
    2    3   -0.16537104E-02  0.19959305E-12  0.11390015E-03  0.70996421E-12  0.37005460E-11 -0.78842473E-10
    3    3    0.25231733E-08  0.12526282E-11 -0.69741737E-09  0.30565307E-12  0.14125116E-10  0.25622161E-10
    4    3    0.11090384E-11  0.18013619E-09  0.48009124E-11  0.10114220E-09  0.48346021E-03  0.52542182E-10
    5    3   -0.16824619E-09 -0.51697836E-10 -0.17784482E-10 -0.15863294E-10  0.41430349E-03 -0.66955447E-10
    1    4   -0.85893519E-10 -0.13209406E-10 -0.20879909E-09 -0.31977854E-09  0.52978273E-04 -0.86488352E-10
    2    4    0.22704988E-09  0.28460409E-09  0.31737424E-11  0.35594313E-10  0.41431113E-03 -0.50453734E-11
    3    4   -0.21213258E-09 -0.89915393E-10  0.29732661E-09  0.34979853E-10  0.41431121E-03  0.50140599E-10
    4    4    0.61964661E-04  0.94809379E-10 -0.10732600E-03  0.41716200E-10  0.70172493E-09 -0.41017936E-10
    5    4    0.43987019E-03 -0.14967206E-09  0.33243442E-02  0.10399350E-09 -0.64495191E-09 -0.15230595E-08
    1    5   -0.84854626E-10  0.55537644E-10 -0.94949973E-10 -0.78009099E-11  0.42494367E-03  0.72003357E-10
    2    5    0.36719999E-09  0.11728806E-09  0.11200942E-10  0.92105297E-10 -0.49964894E-03  0.71419744E-10
    3    5    0.59861413E-10 -0.92321285E-10  0.20325209E-10 -0.63976446E-10  0.48346067E-03 -0.12832272E-10
    4    5   -0.44693269E-03 -0.12890559E-09 -0.93540107E-03 -0.19431422E-09  0.17296573E-09 -0.31744055E-09
    5    5   -0.61964730E-04  0.88316368E-10  0.10732596E-03  0.68818014E-10 -0.45350494E-09  0.54711977E-09

    2    0    0
    1    1   -0.37017183E-09 -0.89602024E-12  0.11533431E-08 -0.15519513E-11  0.19902201E-10 -0.13100349E-10
    2    1   -0.61296512E-03  0.38718137E-12  0.15660835E-02  0.30925396E-11  0.17551075E-10 -0.34986940E-10
    3    1   -0.92610634E-02 -0.69026816E-12  0.23630216E-02  0.21252436E-11 -0.93255156E-10  0.30707375E-10
    4    1   -0.70147001E-10 -0.21366119E-10 -0.19948517E-09  0.16957869E-09 -0.33368992E-02 -0.72008640E-10
    5    1   -0.17477077E-09  0.14944273E-09  0.59350887E-09 -0.11378819E-09  0.63611957E-02  0.72909839E-10
    1    2    0.17360375E-03 -0.87307624E-12 -0.96074371E-03  0.69564862E-12  0.38299576E-10 -0.10830555E-10
    2    2   -0.50691918E-09 -0.24472224E-12 -0.87875215E-09 -0.42364252E-12 -0.17424322E-10  0.24521281E-11
    3    2    0.79884822E-03 -0.22690943E-11  0.20989547E-02 -0.23209304E-11 -0.48517529E-10  0.39807348E-10
    4    2    0.14874195E-09 -0.25821467E-09  0.15746383E-09 -0.11947161E-09 -0.49964776E-03 -0.69869958E-10
    5    2    0.24106645E-09  0.53032058E-09  0.10105617E-09  0.38012762E-09  0.41430347E-03  0.11230907E-09
    1    3    0.73512230E-04 -0.10200966E-12  0.42296376E-04 -0.19337435E-11 -0.17689098E-10 -0.69817584E-11
    2    3    0.34012109E-03 -0.37021363E-12 -0.85901300E-03  0.54289624E-12 -0.42429147E-11  0.15651813E-10
    3    3    0.91489476E-09  0.61955042E-12 -0.24077046E-09  0.10731407E-11  0.40752991E-10  0.69285623E-11
    4    3    0.41824382E-10  0.36959911E-10 -0.39342826E-10 -0.11311969E-09  0.15021837E-02  0.35467727E-10
    5    3   -0.11736806E-09 -0.20714624E-09 -0.23309926E-09 -0.31059170E-09 -0.33369003E-02 -0.92039864E-10
    1    4   -0.45474741E-10 -0.13410615E-09  0.86001491E-10  0.32644991E-10  0.15021840E-02 -0.11705294E-10
    2    4   -0.12214912E-09  0.13517310E-09 -0.40665930E-09 -0.51876177E-10 -0.49964779E-03 -0.60921041E-10
    3    4    0.12836558E-09 -0.87165521E-11  0.16562302E-09  0.30549946E-10 -0.33368995E-02  0.16309341E-10
    4    4   -0.33489860E-03  0.25240620E-10 -0.58006139E-03  0.43718099E-10 -0.59338636E-09 -0.91683284E-09
    5    4   -0.73972044E-03 -0.15815008E-09  0.15175362E-02 -0.83401077E-10 -0.68761626E-09 -0.33108557E-09
    1    5   -0.11012667E-09 -0.43400215E-10 -0.53949619E-10 -0.26312701E-10  0.15021838E-02  0.45632152E-10
    2    5    0.11208146E-09 -0.42168801E-10  0.17167128E-10 -0.96418137E-10 -0.77060063E-03  0.19403480E-10
    3    5   -0.51808235E-10 -0.12793953E-09 -0.27644228E-10 -0.15271382E-09  0.15021840E-02 -0.87935184E-10
    4    5    0.41336561E-03  0.83761938E-11 -0.69280805E-03 -0.99922410E-10 -0.16392086E-09 -0.16400775E-08
    5    5    0.33489858E-03  0.13436841E-09  0.58006135E-03  0.23273330E-09  0.24385919E-09  0.94989610E-09

    2    1    0
    1    1    0.11610864E-09 -0.37886447E-12  0.37011769E-09 -0.23828812E-11 -0.14539302E-10 -0.99843435E-11
    2    1   -0.27685024E-03  0.18179407E-11  0.89780921E-04  0.44522297E-11  0.40572617E-10  0.11533314E-10
    3    1    0.41569234E-04  0.31342580E-11 -0.36844191E-03  0.10099985E-11 -0.23143726E-10  0.24733564E-10
    4    1    0.26080531E-10 -0.11848797E-09 -0.88569621E-10  0.23646824E-09  0.11777548E-03 -0.29149105E-10
    5    1    0.17577450E-09  0.46530302E-10 -0.16650021E-09 -0.20366769E-09  0.48346051E-03  0.88744211E-10
    1    2   -0.73309149E-03 -0.98892205E-12  0.95798226E-03  0.41307235E-11  0.70690455E-11 -0.81189146E-11
    2    2   -0.33131934E-09 -0.22238482E-11 -0.57722404E-09 -0.43245706E-11 -0.42178439E-10  0.22617228E-12
    3    2    0.91882972E-03  0.12927407E-11  0.33002707E-03 -0.25153094E-11  0.24524675E-10 -0.92188831E-11
    4    2   -0.25135935E-10  0.39079496E-09 -0.95502405E-10  0.48690175E-09 -0.77059954E-03 -0.60474442E-11
    5    2   -0.18530158E-09 -0.23576208E-10 -0.31144001E-09 -0.15487940E-09 -0.49964922E-03  0.46653960E-10
    1    3    0.56705424E-04  0.44225019E-12 -0.14754859E-03 -0.28084937E-11  0.17872995E-11  0.25001567E-10
    2    3    0.11915992E-03 -0.32311685E-11 -0.11452901E-03  0.99338094E-12 -0.13097228E-10 -0.44932262E-11
    3    3    0.21638598E-09 -0.11725282E-11  0.23574396E-09 -0.50735458E-12  0.17535493E-10 -0.63902332E-11
    4    3   -0.30333546E-10  0.45800759E-10  0.54305021E-10 -0.17210541E-10  0.11777546E-03  0.61428479E-10
    5    3   -0.45105587E-10 -0.23485926E-10  0.13573214E-09  0.57044730E-10  0.42494365E-03 -0.56868705E-10
    1    4    0.13295512E-09  0.20354668E-09 -0.39510256E-10 -0.28970144E-10  0.42494259E-03 -0.88153864E-10
    2    4   -0.23110834E-09 -0.59756746E-10  0.11548920E-09  0.49792419E-10 -0.21486941E-03 -0.25287166E-11
    3    4    0.13330089E-09  0.38052200E-10 -0.63354849E-11  0.97427740E-10  0.42494257E-03  0.12030191E-09
    4    4    0.40628912E-03  0.32135699E-10  0.70371339E-03 -0.72557741E-11  0.24444343E-09 -0.62351649E-09
    5    4    0.45941919E-03 -0.71379603E-10 -0.21148204E-03 -0.74618529E-10  0.10749059E-08 -0.38565735E-09
    1    5    0.12889583E-09 -0.13921749E-09  0.93304126E-11  0.40809667E-10  0.52979665E-04  0.92772059E-10
    2    5   -0.66463569E-10 -0.55510949E-10 -0.61851225E-10 -0.40959921E-10  0.11777431E-03  0.66569714E-10
    3    5   -0.24661165E-09 -0.34690292E-10  0.25117464E-09  0.45128800E-10  0.11777436E-03 -0.74070408E-10
    4    5   -0.48211375E-03  0.94010188E-10  0.31722065E-03 -0.13838592E-09  0.27442959E-10  0.16546555E-09
    5    5   -0.40628912E-03  0.53527423E-10 -0.70371340E-03  0.10158883E-09  0.41347206E-11  0.16415276E-08

    3   -2    0
    1    1   -0.31073887E-09  0.51604641E-12  0.96775331E-10  0.15772557E-11 -0.44317415E-10  0.42931194E-11
    2    1    0.50126978E-03  0.41935972E-11 -0.60158337E-04  0.39685301E-11  0.21802712E-10  0.56354328E-11
    3    1   -0.18582509E-03  0.72741943E-13 -0.10782115E-02 -0.18430292E-11  0.38763372E-10 -0.19049084E-10
    4    1    0.31077077E-09  0.83210665E-10 -0.12677050E-09 -0.11936053E-09  0.42494261E-03  0.65614031E-10
    5    1    0.82051830E-10  0.31273515E-09 -0.22005705E-09 -0.26663097E-09  0.15021840E-02 -0.25117139E-10
    1    2    0.50126978E-03 -0.10915004E-11  0.60158336E-04  0.27652620E-11  0.55045706E-10 -0.35302098E-10
    2    2   -0.31273435E-09  0.65653690E-12 -0.95690416E-10  0.22088498E-11 -0.35214043E-10  0.13331829E-10
    3    2   -0.18582509E-03  0.82699860E-12  0.10782115E-02  0.23854625E-11 -0.33614065E-10  0.77966621E-11
    4    2   -0.50710809E-09  0.69957945E-10 -0.68544960E-09 -0.21451787E-09  0.42494244E-03  0.95150245E-10
    5    2    0.21132130E-09 -0.27316830E-09  0.47078389E-09 -0.27229548E-10  0.15021839E-02 -0.11150982E-09
    1    3   -0.10189280E-03 -0.33451434E-12 -0.27509302E-03 -0.20880373E-12  0.10236303E-11  0.51586262E-11
    2    3   -0.10189280E-03 -0.28350002E-11  0.27509302E-03  0.62030697E-12  0.60382065E-12 -0.88878708E-11
    3    3    0.57602304E-09  0.99851811E-12 -0.37110462E-12  0.30787525E-12  0.73017553E-11 -0.84741017E-11
    4    3   -0.19829201E-09 -0.63661214E-10  0.22307985E-09  0.93625346E-10 -0.21486939E-03 -0.10503376E-10
    5    3    0.11890090E-09  0.43799231E-10 -0.36987282E-09  0.31652946E-09 -0.77060057E-03  0.39147983E-10
    1    4   -0.76194336E-10 -0.13120162E-11  0.94793859E-12 -0.73525372E-10  0.11777542E-03 -0.46403029E-11
    2    4    0.43688571E-10  0.69770307E-10 -0.34032024E-10 -0.74590831E-10  0.11777558E-03  0.28696370E-10
    3    4    0.68659283E-10 -0.61686333E-10  0.26204453E-09 -0.10586489E-09 -0.77059972E-03  0.11333777E-10
    4    4   -0.81257825E-03 -0.60941712E-10 -0.95765917E-11 -0.11691672E-11 -0.35989540E-09  0.39976731E-09
    5    4   -0.13026690E-02  0.12189862E-09 -0.22864944E-10  0.17564831E-10  0.34254083E-09  0.13723691E-08
    1    5   -0.62500681E-10 -0.27361662E-10 -0.30893901E-09  0.38130636E-11 -0.21486906E-03 -0.54951062E-10
    2    5   -0.13912014E-10  0.52722822E-10  0.17973996E-09 -0.31404056E-09 -0.21486906E-03 -0.52358267E-10
    3    5   -0.50565884E-10  0.64993803E-10 -0.27118304E-10 -0.18147337E-09 -0.21486907E-03  0.72079941E-10
    4    5   -0.47997849E-03  0.94159393E-10 -0.17456947E-10  0.92906836E-10 -0.87858569E-09  0.11790938E-08
    5    5    0.81257823E-03 -0.16310829E-10  0.13529941E-10 -0.22484034E-10 -0.38870430E-09 -0.34956642E-09

    3   -1    0
    1    1    0.11610888E-09  0.37894080E-12  0.37011785E-09  0.23829463E-11 -0.14539302E-10  0.99843435E-11
    2    1    0.11568495E-02  0.75007326E-12 -0.47066021E-03  0.33570284E-11  0.70690323E-11  0.81189360E-11
    3    1   -0.33236753E-03  0.18307610E-11 -0.29825323E-03 -0.60735163E-13  0.17873097E-11 -0.25001541E-10
    4    1   -0.73193374E-10  0.46768206E-10  0.22276339E-09 -0.35625854E-09  0.42494259E-03  0.88153873E-10
    5    1   -0.34940128E-10 -0.81395576E-10  0.11696136E-09  0.20453763E-09  0.52979665E-04 -0.92772081E-10
    1    2    0.23040146E-03 -0.52076822E-12  0.95547643E-05 -0.27623737E-11  0.40572590E-10 -0.11533320E-10
    2    2   -0.33131909E-09  0.22239419E-11 -0.57722418E-09  0.43244986E-11 -0.42178439E-10 -0.22617228E-12
    3    2   -0.60670699E-04 -0.49693757E-11  0.28464778E-03  0.51164987E-12 -0.13097215E-10  0.44932773E-11
    4    2    0.32504135E-09 -0.15488969E-09  0.13670637E-09 -0.18493572E-09 -0.21486941E-03  0.25287606E-11
    5    2    0.19165153E-09 -0.81116961E-10  0.39313619E-09  0.64927317E-10  0.11777431E-03 -0.66569740E-10
    1    3   -0.66791835E-04  0.13525172E-11 -0.23809484E-03 -0.12901813E-11 -0.23143746E-10 -0.24733573E-10
    2    3   -0.30689063E-03 -0.13709043E-11  0.60755160E-03 -0.26285016E-11  0.24524683E-10  0.92189046E-11
    3    3    0.21638647E-09  0.11727468E-11  0.23574396E-09  0.50735024E-12  0.17535493E-10  0.63902332E-11
    4    3   -0.15256426E-09 -0.93877796E-11 -0.27622595E-10 -0.11266064E-09  0.42494257E-03 -0.12030190E-09
    5    3    0.27104851E-09 -0.40785227E-10 -0.13061350E-10 -0.11465391E-10  0.11777436E-03  0.74070448E-10
    1    4   -0.10720504E-10 -0.66321477E-10  0.10965783E-10  0.15516394E-09  0.11777548E-03  0.29149130E-10
    2    4   -0.76319118E-10 -0.49172877E-10  0.43720228E-10  0.52273115E-10 -0.77059954E-03  0.60474195E-11
    3    4    0.19757195E-10 -0.82487268E-11 -0.63757945E-12  0.88317776E-11  0.11777546E-03 -0.61428455E-10
    4    4    0.40628912E-03 -0.32135559E-10  0.70371339E-03  0.72557923E-11  0.24444343E-09  0.62351649E-09
    5    4    0.54469940E-04  0.16723586E-09 -0.93220294E-03 -0.10918389E-09  0.27442924E-10 -0.16546557E-09
    1    5   -0.55027146E-10  0.32710127E-11  0.21947765E-09 -0.13020588E-09  0.48346051E-03 -0.88744230E-10
    2    5   -0.57254063E-10  0.88596705E-10  0.12813662E-09 -0.10261604E-09 -0.49964922E-03 -0.46653863E-10
    3    5    0.19404966E-10 -0.18232260E-11 -0.15645780E-09  0.94910570E-10  0.42494365E-03  0.56868712E-10
    4    5   -0.56895481E-03  0.89653822E-10 -0.30108826E-03  0.24151902E-09  0.10749058E-08  0.38565736E-09
    5    5   -0.40628912E-03 -0.53527034E-10 -0.70371340E-03 -0.10158885E-09  0.41347206E-11 -0.16415276E-08
