energy_eV,pristine,c0p1pc,c1p0pc (linear interpolation of the extracted polylines)
-1.199999999999999956e+00,nan,nan,nan
-1.199000000000000066e+00,1.454307521430785177e-01,1.428153124189648071e-01,1.425640144904841422e-01
-1.197999999999999954e+00,1.452837413512718945e-01,1.426747982617999067e-01,1.424314300350760232e-01
-1.197000000000000064e+00,1.451367305594652712e-01,1.425342841046350340e-01,1.422988455796679319e-01
-1.195999999999999952e+00,1.449897197676586480e-01,1.423937699474701335e-01,1.421662611242597851e-01
-1.195000000000000062e+00,1.448427089758520525e-01,1.422532557903052886e-01,1.420336766688516938e-01
-1.193999999999999950e+00,1.446956981840454015e-01,1.421127416331403881e-01,1.419010922134435748e-01
-1.193000000000000060e+00,1.445486873922388060e-01,1.419722274759755154e-01,1.417685077580354835e-01
-1.191999999999999948e+00,1.444016766004321550e-01,1.418317133188106149e-01,1.416359233026273645e-01
-1.191000000000000059e+00,1.442546658086255595e-01,1.416911991616457422e-01,1.415033388472192732e-01
-1.189999999999999947e+00,1.441076550168189363e-01,1.415507148007858484e-01,1.413707543918111542e-01
-1.189000000000000057e+00,1.439606442250123131e-01,1.414171049059039509e-01,1.412381699364030629e-01
-1.187999999999999945e+00,1.438136334332056898e-01,1.412834950110220256e-01,1.411055854809949439e-01
-1.187000000000000055e+00,1.436666226413990943e-01,1.411498851161401280e-01,1.409730010255868526e-01
-1.185999999999999943e+00,1.435196118495924433e-01,1.410162752212581749e-01,1.408404165701787336e-01
-1.185000000000000053e+00,1.433726010577858478e-01,1.408826653263762774e-01,1.407078321147706146e-01
-1.183999999999999941e+00,1.432255902659792246e-01,1.407490554314943521e-01,1.405752476593624956e-01
-1.183000000000000052e+00,1.430785794741726014e-01,1.406154455366124545e-01,1.404426632039544043e-01
-1.181999999999999940e+00,1.429315686823659781e-01,1.404818356417305292e-01,1.403100787485462853e-01
-1.181000000000000050e+00,1.427845578905593826e-01,1.403482257468486316e-01,1.401774942931381940e-01
-1.179999999999999938e+00,1.426375470987527316e-01,1.402138808847002149e-01,1.400438960231936425e-01
-1.179000000000000048e+00,1.424905363069461361e-01,1.400545274793862927e-01,1.398758009453596463e-01
-1.177999999999999936e+00,1.423435255151394851e-01,1.398951740740723426e-01,1.397077058675255945e-01
-1.177000000000000046e+00,1.421965147233328897e-01,1.397358206687584203e-01,1.395396107896915983e-01
-1.175999999999999934e+00,1.420495039315262664e-01,1.395764672634444425e-01,1.393715157118575465e-01
-1.175000000000000044e+00,1.419024931397196432e-01,1.394171138581305203e-01,1.392034206340235503e-01
-1.173999999999999932e+00,1.417554823479130199e-01,1.392577604528165702e-01,1.390353255561894985e-01
-1.173000000000000043e+00,1.416084715561064244e-01,1.390984070475026479e-01,1.388672304783555023e-01
-1.171999999999999931e+00,1.414614607642997735e-01,1.389390536421886702e-01,1.386991354005214505e-01
-1.171000000000000041e+00,1.413144499724931780e-01,1.387797002368747479e-01,1.385310403226874543e-01
-1.169999999999999929e+00,1.411675066329664274e-01,1.386204386040659486e-01,1.383630429358328195e-01
-1.169000000000000039e+00,1.410430721192742487e-01,1.384918014562843414e-01,1.382276450288638103e-01
-1.167999999999999927e+00,1.409186376055820422e-01,1.383631643085026786e-01,1.380922471218947734e-01
-1.167000000000000037e+00,1.407942030918898912e-01,1.382345271607210713e-01,1.379568492149257641e-01
-1.165999999999999925e+00,1.406697685781976848e-01,1.381058900129394085e-01,1.378214513079567549e-01
-1.165000000000000036e+00,1.405453340645055060e-01,1.379772528651578012e-01,1.376860534009877457e-01
-1.163999999999999924e+00,1.404208995508133273e-01,1.378486157173761384e-01,1.375506554940187087e-01
-1.163000000000000034e+00,1.402964650371211486e-01,1.377199785695945311e-01,1.374152575870496995e-01
-1.161999999999999922e+00,1.401720305234289421e-01,1.375913414218128961e-01,1.372798596800806625e-01
-1.161000000000000032e+00,1.400475960097367911e-01,1.374627042740312610e-01,1.371444617731116533e-01
-1.159999999999999920e+00,1.399227325153254431e-01,1.373336750262257877e-01,1.370087785260262758e-01
-1.159000000000000030e+00,1.397579161697302397e-01,1.371681277877454808e-01,1.368465203055290180e-01
-1.157999999999999918e+00,1.395930998241350085e-01,1.370025805492651183e-01,1.366842620850317047e-01
-1.157000000000000028e+00,1.394282834785398051e-01,1.368370333107847836e-01,1.365220038645344192e-01
-1.155999999999999917e+00,1.392634671329445462e-01,1.366714860723044489e-01,1.363597456440371336e-01
-1.155000000000000027e+00,1.390986507873493427e-01,1.365059388338241142e-01,1.361974874235398481e-01
-1.153999999999999915e+00,1.389338344417541116e-01,1.363403915953437517e-01,1.360352292030425625e-01
-1.153000000000000025e+00,1.387690180961589081e-01,1.361748443568634448e-01,1.358729709825452769e-01
-1.151999999999999913e+00,1.386042017505636492e-01,1.360092971183830823e-01,1.357107127620479914e-01
-1.151000000000000023e+00,1.384393854049684458e-01,1.358437498799027476e-01,1.355484545415507058e-01
-1.149999999999999911e+00,1.382754566892177295e-01,1.356791902148287432e-01,1.353873170234447254e-01
-1.149000000000000021e+00,1.381592550232850491e-01,1.355677314740361683e-01,1.352864386541185460e-01
-1.147999999999999909e+00,1.380430533573523688e-01,1.354562727332435657e-01,1.351855602847923665e-01
-1.147000000000000020e+00,1.379268516914197162e-01,1.353448139924509908e-01,1.350846819154661871e-01
-1.145999999999999908e+00,1.378106500254870359e-01,1.352333552516583881e-01,1.349838035461399799e-01
-1.145000000000000018e+00,1.376944483595543556e-01,1.351218965108658132e-01,1.348829251768138004e-01
-1.143999999999999906e+00,1.375782466936216752e-01,1.350104377700732383e-01,1.347820468074876210e-01
-1.143000000000000016e+00,1.374620450276890227e-01,1.348989790292806634e-01,1.346811684381614416e-01
-1.141999999999999904e+00,1.373458433617563146e-01,1.347875202884880608e-01,1.345802900688352344e-01
-1.141000000000000014e+00,1.372296416958236620e-01,1.346760615476954859e-01,1.344794116995090827e-01
-1.139999999999999902e+00,1.371129788167897434e-01,1.345641517676200161e-01,1.343780466825355846e-01
-1.139000000000000012e+00,1.369471588570836396e-01,1.344041692542402022e-01,1.342248137164705202e-01
-1.137999999999999901e+00,1.367813388973775079e-01,1.342441867408603606e-01,1.340715807504054558e-01
-1.137000000000000011e+00,1.366155189376714041e-01,1.340842042274805468e-01,1.339183477843403913e-01
-1.135999999999999899e+00,1.364496989779652725e-01,1.339242217141006774e-01,1.337651148182753269e-01
-1.135000000000000009e+00,1.362838790182591686e-01,1.337642392007208636e-01,1.336118818522102625e-01
-1.133999999999999897e+00,1.361180590585530370e-01,1.336042566873410220e-01,1.334586488861451981e-01
-1.133000000000000007e+00,1.359522390988469331e-01,1.334442741739612082e-01,1.333054159200801336e-01
-1.131999999999999895e+00,1.357864191391407738e-01,1.332842916605813388e-01,1.331521829540150692e-01
-1.131000000000000005e+00,1.356205991794346699e-01,1.331243091472015250e-01,1.329989499879500325e-01
-1.129999999999999893e+00,1.354547961100926179e-01,1.329643420116354280e-01,1.328457290653569101e-01
-1.129000000000000004e+00,1.353398549950435015e-01,1.328506820873591732e-01,1.327287746505219357e-01
-1.127999999999999892e+00,1.352249138799943851e-01,1.327370221630828906e-01,1.326118202356869336e-01
-1.127000000000000002e+00,1.351099727649452964e-01,1.326233622388066358e-01,1.324948658208519314e-01
-1.125999999999999890e+00,1.349950316498961800e-01,1.325097023145303810e-01,1.323779114060169293e-01
-1.125000000000000000e+00,1.348800905348470636e-01,1.323960423902541261e-01,1.322609569911819549e-01
-1.124000000000000110e+00,1.347651494197979749e-01,1.322823824659778713e-01,1.321440025763469528e-01
-1.122999999999999998e+00,1.346502083047488307e-01,1.321687225417015887e-01,1.320270481615119507e-01
-1.122000000000000108e+00,1.345352671896997421e-01,1.320550626174253339e-01,1.319100937466769763e-01
-1.120999999999999996e+00,1.344203260746506257e-01,1.319414026931490791e-01,1.317931393318419464e-01
-1.120000000000000107e+00,1.343042491906110136e-01,1.318264860481112577e-01,1.316748167505928102e-01
-1.118999999999999995e+00,1.341430746035220389e-01,1.316616690974722614e-01,1.315021687183212107e-01
-1.118000000000000105e+00,1.339819000164330642e-01,1.314968521468332652e-01,1.313295206860496667e-01
-1.116999999999999993e+00,1.338207254293440895e-01,1.313320351961942689e-01,1.311568726537780949e-01
-1.116000000000000103e+00,1.336595508422551426e-01,1.311672182455553004e-01,1.309842246215065509e-01
-1.114999999999999991e+00,1.334983762551661401e-01,1.310024012949162764e-01,1.308115765892349791e-01
-1.114000000000000101e+00,1.333372016680771932e-01,1.308375843442773079e-01,1.306389285569634351e-01
-1.112999999999999989e+00,1.331760270809881908e-01,1.306727673936382839e-01,1.304662805246918633e-01
-1.112000000000000099e+00,1.330148524938992438e-01,1.305079504429993154e-01,1.302936324924203193e-01
-1.110999999999999988e+00,1.328536779068102691e-01,1.303431334923602913e-01,1.301209844601487198e-01
-1.110000000000000098e+00,1.326925033197212944e-01,1.301783165417213228e-01,1.299483364278772035e-01
-1.108999999999999986e+00,1.325731588096230318e-01,1.300554846816813770e-01,1.298236713562902489e-01
-1.108000000000000096e+00,1.324538560003295506e-01,1.299326946769807367e-01,1.296990541193767943e-01
-1.106999999999999984e+00,1.323345531910360140e-01,1.298099046722800687e-01,1.295744368824633397e-01
-1.106000000000000094e+00,1.322152503817425051e-01,1.296871146675794284e-01,1.294498196455498851e-01
-1.104999999999999982e+00,1.320959475724489962e-01,1.295643246628787881e-01,1.293252024086364305e-01
-1.104000000000000092e+00,1.319766447631554873e-01,1.294415346581781479e-01,1.292005851717229759e-01
-1.102999999999999980e+00,1.318573419538619507e-01,1.293187446534774798e-01,1.290759679348094935e-01
-1.102000000000000091e+00,1.317380391445684695e-01,1.291959546487768395e-01,1.289513506978960666e-01
-1.100999999999999979e+00,1.316187363352749329e-01,1.290731646440761715e-01,1.288267334609825843e-01
-1.100000000000000089e+00,1.314994335259814240e-01,1.289501885725696795e-01,1.287019933274445027e-01
-1.098999999999999977e+00,1.313472319932547372e-01,1.287993741158810490e-01,1.285588660153928753e-01
-1.098000000000000087e+00,1.311946995207488031e-01,1.286485596591924185e-01,1.284157387033413034e-01
-1.096999999999999975e+00,1.310421670482428691e-01,1.284977452025037881e-01,1.282726113912897037e-01
-1.096000000000000085e+00,1.308896345757369351e-01,1.283469307458151576e-01,1.281294840792381318e-01
-1.094999999999999973e+00,1.307371021032310010e-01,1.281961162891265271e-01,1.279863567671865321e-01
-1.094000000000000083e+00,1.305845696307250670e-01,1.280453018324378966e-01,1.278432294551349602e-01
-1.092999999999999972e+00,1.304320371582191329e-01,1.278944873757492662e-01,1.277001021430833327e-01
-1.092000000000000082e+00,1.302795046857131989e-01,1.277436729190606357e-01,1.275569748310317608e-01
-1.090999999999999970e+00,1.301269722132072371e-01,1.275928584623720052e-01,1.274138475189801611e-01
-1.090000000000000080e+00,1.299750207311358707e-01,1.274429049013043047e-01,1.272716530177062377e-01
-1.088999999999999968e+00,1.298413067262243203e-01,1.273199751314906814e-01,1.271587397476552084e-01
-1.088000000000000078e+00,1.297075927213127700e-01,1.271970453616770580e-01,1.270458264776041790e-01
-1.086999999999999966e+00,1.295738787164012196e-01,1.270741155918634346e-01,1.269329132075531219e-01
-1.086000000000000076e+00,1.294401647114896969e-01,1.269511858220498113e-01,1.268199999375021203e-01
-1.084999999999999964e+00,1.293064507065781188e-01,1.268282560522361602e-01,1.267070866674510632e-01
-1.084000000000000075e+00,1.291727367016665962e-01,1.267053262824225646e-01,1.265941733974000338e-01
-1.082999999999999963e+00,1.290390226967550458e-01,1.265823965126089135e-01,1.264812601273490045e-01
-1.082000000000000073e+00,1.289053086918435231e-01,1.264594667427953179e-01,1.263683468572979751e-01
-1.080999999999999961e+00,1.287715946869319450e-01,1.263365369729816667e-01,1.262554335872469180e-01
-1.080000000000000071e+00,1.286378806820204224e-01,1.262135455793189920e-01,1.261424251524042583e-01
-1.078999999999999959e+00,1.285041666771088720e-01,1.260790139644565877e-01,1.260115953259672572e-01
-1.078000000000000069e+00,1.283704526721973216e-01,1.259444823495942389e-01,1.258807654995302838e-01
-1.076999999999999957e+00,1.282367386672857712e-01,1.258099507347318347e-01,1.257499356730932827e-01
-1.076000000000000068e+00,1.281030246623742486e-01,1.256754191198694859e-01,1.256191058466563093e-01
-1.074999999999999956e+00,1.279693106574626704e-01,1.255408875050070816e-01,1.254882760202193082e-01
-1.074000000000000066e+00,1.278355966525511478e-01,1.254063558901447328e-01,1.253574461937823348e-01
-1.072999999999999954e+00,1.277018826476395974e-01,1.252718242752823563e-01,1.252266163673453336e-01
-1.072000000000000064e+00,1.275681686427280470e-01,1.251372926604199798e-01,1.250957865409083603e-01
-1.070999999999999952e+00,1.274344546378164966e-01,1.250027610455576033e-01,1.249649567144713591e-01
-1.070000000000000062e+00,1.273006644204063287e-01,1.248682294306952406e-01,1.248339798873637219e-01
-1.068999999999999950e+00,1.271610638793478354e-01,1.247336978158328502e-01,1.246917959552751587e-01
-1.068000000000000060e+00,1.270214633382893421e-01,1.245991662009704876e-01,1.245496120231866094e-01
-1.066999999999999948e+00,1.268818627972308488e-01,1.244646345861080972e-01,1.244074280910980324e-01
-1.066000000000000059e+00,1.267422622561723833e-01,1.243301029712457345e-01,1.242652441590094831e-01
-1.064999999999999947e+00,1.266026617151138622e-01,1.241955713563833441e-01,1.241230602269209060e-01
-1.064000000000000057e+00,1.264630611740553967e-01,1.240610397415209815e-01,1.239808762948323567e-01
-1.062999999999999945e+00,1.263234606329968757e-01,1.239265081266586049e-01,1.238386923627437797e-01
-1.062000000000000055e+00,1.261838600919384101e-01,1.237919765117962423e-01,1.236965084306552443e-01
-1.060999999999999943e+00,1.260442595508798891e-01,1.236574448969338519e-01,1.235543244985666672e-01
-1.060000000000000053e+00,1.259049641447022305e-01,1.235229132820714892e-01,1.234121405664781179e-01
-1.058999999999999941e+00,1.257801887294777987e-01,1.233883816672090988e-01,1.232699566343895409e-01
-1.058000000000000052e+00,1.256554133142533947e-01,1.232538500523467362e-01,1.231277727023009916e-01
-1.056999999999999940e+00,1.255306378990289906e-01,1.231193184374843458e-01,1.229855887702124284e-01
-1.056000000000000050e+00,1.254058624838045866e-01,1.229847868226219970e-01,1.228434048381238791e-01
-1.054999999999999938e+00,1.252810870685801548e-01,1.228502552077596066e-01,1.227012209060353021e-01
-1.054000000000000048e+00,1.251563116533557507e-01,1.227157235928972440e-01,1.225590369739467528e-01
-1.052999999999999936e+00,1.250315362381313189e-01,1.225811919780348536e-01,1.224168530418581757e-01
-1.052000000000000046e+00,1.249067608229069148e-01,1.224466603631724909e-01,1.222746691097696264e-01
-1.050999999999999934e+00,1.247819854076824969e-01,1.223121287483101005e-01,1.221324851776810494e-01
-1.050000000000000044e+00,1.246569302124517914e-01,1.221774116350949763e-01,1.219903012455925140e-01
-1.048999999999999932e+00,1.245080753311314098e-01,1.220269149719953317e-01,1.218481173135039369e-01
-1.048000000000000043e+00,1.243592204498110559e-01,1.218764183088957148e-01,1.217059333814153876e-01
-1.046999999999999931e+00,1.242103655684906743e-01,1.217259216457960702e-01,1.215637494493268106e-01
-1.046000000000000041e+00,1.240615106871703205e-01,1.215754249826964534e-01,1.214215655172382613e-01
-1.044999999999999929e+00,1.239126558058499389e-01,1.214249283195968088e-01,1.212793815851496843e-01
-1.044000000000000039e+00,1.237638009245295850e-01,1.212744316564972058e-01,1.211371976530611488e-01
-1.042999999999999927e+00,1.236149460432092034e-01,1.211239349933975612e-01,1.209950137209725718e-01
-1.042000000000000037e+00,1.234660911618888635e-01,1.209734383302979444e-01,1.208528297888840225e-01
-1.040999999999999925e+00,1.233172362805684680e-01,1.208229416671982998e-01,1.207106458567954455e-01
-1.040000000000000036e+00,1.231684710032101421e-01,1.206725496442593165e-01,1.205685716633487642e-01
-1.038999999999999924e+00,1.230533553738032693e-01,1.205614539257206241e-01,1.204677084452017988e-01
-1.038000000000000034e+00,1.229382397443964242e-01,1.204503582071819456e-01,1.203668452270548472e-01
-1.036999999999999922e+00,1.228231241149895514e-01,1.203392624886432533e-01,1.202659820089078679e-01
-1.036000000000000032e+00,1.227080084855827063e-01,1.202281667701045886e-01,1.201651187907609164e-01
-1.034999999999999920e+00,1.225928928561758335e-01,1.201170710515658963e-01,1.200642555726139510e-01
-1.034000000000000030e+00,1.224777772267689885e-01,1.200059753330272178e-01,1.199633923544669994e-01
-1.032999999999999918e+00,1.223626615973621157e-01,1.198948796144885254e-01,1.198625291363200202e-01
-1.032000000000000028e+00,1.222475459679552706e-01,1.197837838959498608e-01,1.197616659181730686e-01
-1.030999999999999917e+00,1.221324303385483978e-01,1.196726881774111684e-01,1.196608027000261032e-01
-1.030000000000000027e+00,1.220169130517480688e-01,1.195612113833019602e-01,1.195595357039341972e-01
-1.028999999999999915e+00,1.218627679846944756e-01,1.194130861827723683e-01,1.194194369921032645e-01
-1.028000000000000025e+00,1.217086229176409379e-01,1.192649609822428042e-01,1.192793382802723456e-01
-1.026999999999999913e+00,1.215544778505873447e-01,1.191168357817132123e-01,1.191392395684413991e-01
-1.026000000000000023e+00,1.214003327835338070e-01,1.189687105811836620e-01,1.189991408566104941e-01
-1.024999999999999911e+00,1.212461877164802138e-01,1.188205853806540702e-01,1.188590421447795475e-01
-1.024000000000000021e+00,1.210920426494266761e-01,1.186724601801245060e-01,1.187189434329486287e-01
-1.022999999999999909e+00,1.209378975823730828e-01,1.185243349795949142e-01,1.185788447211176821e-01
-1.022000000000000020e+00,1.207837525153195452e-01,1.183762097790653500e-01,1.184387460092867772e-01
-1.020999999999999908e+00,1.206296074482659519e-01,1.182280845785357581e-01,1.182986472974558306e-01
-1.020000000000000018e+00,1.204755193033318766e-01,1.180800109754089194e-01,1.181585897673778640e-01
-1.018999999999999906e+00,1.203642408615719223e-01,1.179707424890830275e-01,1.180495040042732618e-01
-1.018000000000000016e+00,1.202529624198119818e-01,1.178614740027571633e-01,1.179404182411686736e-01
-1.016999999999999904e+00,1.201416839780520135e-01,1.177522055164312714e-01,1.178313324780640714e-01
-1.016000000000000014e+00,1.200304055362920869e-01,1.176429370301054211e-01,1.177222467149594831e-01
-1.014999999999999902e+00,1.199191270945321186e-01,1.175336685437795292e-01,1.176131609518548671e-01
-1.014000000000000012e+00,1.198078486527721781e-01,1.174244000574536650e-01,1.175040751887502927e-01
-1.012999999999999901e+00,1.196965702110122237e-01,1.173151315711277731e-01,1.173949894256456766e-01
-1.012000000000000011e+00,1.195852917692522832e-01,1.172058630848019228e-01,1.172859036625411022e-01
-1.010999999999999899e+00,1.194740133274923150e-01,1.170965945984760309e-01,1.171768178994364862e-01
-1.010000000000000009e+00,1.193623670122042207e-01,1.169869140616402875e-01,1.170672808412349386e-01
-1.008999999999999897e+00,1.192100461471276157e-01,1.168316744734005236e-01,1.169078455884481615e-01
-1.008000000000000007e+00,1.190577252820510523e-01,1.166764348851608013e-01,1.167484103356614261e-01
-1.006999999999999895e+00,1.189054044169744473e-01,1.165211952969210513e-01,1.165889750828746491e-01
-1.006000000000000005e+00,1.187530835518978700e-01,1.163659557086813290e-01,1.164295398300878998e-01
-1.004999999999999893e+00,1.186007626868212650e-01,1.162107161204415651e-01,1.162701045773011227e-01
-1.004000000000000004e+00,1.184484418217447016e-01,1.160554765322018428e-01,1.161106693245143873e-01
-1.002999999999999892e+00,1.182961209566680966e-01,1.159002369439620789e-01,1.159512340717276102e-01
-1.002000000000000002e+00,1.181438000915915332e-01,1.157449973557223566e-01,1.157917988189408748e-01
-1.000999999999999890e+00,1.179914792265149281e-01,1.155897577674826066e-01,1.156323635661540977e-01
-1.000000000000000000e+00,1.178391583614383509e-01,1.154345181792428843e-01,1.154729283133673484e-01
-9.989999999999999991e-01,1.177256872410227667e-01,1.153177467916609439e-01,1.153557908712788682e-01
-9.979999999999999982e-01,1.176122161206074324e-01,1.152009754040792117e-01,1.152386534291906101e-01
-9.969999999999999973e-01,1.174987450001920980e-01,1.150842040164974794e-01,1.151215159871023519e-01
-9.959999999999999964e-01,1.173852738797767498e-01,1.149674326289157472e-01,1.150043785450140937e-01
-9.949999999999999956e-01,1.172718027593614154e-01,1.148506612413340150e-01,1.148872411029258356e-01
-9.939999999999999947e-01,1.171583316389460672e-01,1.147338898537522828e-01,1.147701036608375774e-01
-9.929999999999999938e-01,1.170448605185307328e-01,1.146171184661705506e-01,1.146529662187493193e-01
-9.919999999999999929e-01,1.169313893981153984e-01,1.145003470785888183e-01,1.145358287766610611e-01
-9.909999999999999920e-01,1.168179182777000502e-01,1.143835756910070861e-01,1.144186913345728029e-01
-9.899999999999999911e-01,1.167042141659185017e-01,1.142661770989265024e-01,1.143011079688281556e-01
-9.889999999999999902e-01,1.165602282675492762e-01,1.141235245043278335e-01,1.141655697619396448e-01
-9.879999999999999893e-01,1.164162423691800508e-01,1.139808719097291506e-01,1.140300315550511201e-01
-9.869999999999999885e-01,1.162722564708108114e-01,1.138382193151304678e-01,1.138944933481625954e-01
-9.859999999999999876e-01,1.161282705724415859e-01,1.136955667205317849e-01,1.137589551412740846e-01
-9.849999999999999867e-01,1.159842846740723604e-01,1.135529141259331160e-01,1.136234169343855599e-01
-9.839999999999999858e-01,1.158402987757031349e-01,1.134102615313344331e-01,1.134878787274970491e-01
-9.829999999999999849e-01,1.156963128773339095e-01,1.132676089367357503e-01,1.133523405206085244e-01
-9.819999999999999840e-01,1.155523269789646701e-01,1.131249563421370674e-01,1.132168023137200136e-01
-9.809999999999999831e-01,1.154083410805954446e-01,1.129823037475383984e-01,1.130812641068314889e-01
-9.799999999999999822e-01,1.152646958969023583e-01,1.128400465494755339e-01,1.129461661219992030e-01
-9.789999999999999813e-01,1.151430216250387828e-01,1.127232864110771504e-01,1.128394557607712706e-01
-9.779999999999999805e-01,1.150213473531752073e-01,1.126065262726787808e-01,1.127327453995433382e-01
-9.769999999999999796e-01,1.148996730813116318e-01,1.124897661342803973e-01,1.126260350383154057e-01
-9.759999999999999787e-01,1.147779988094480563e-01,1.123730059958820277e-01,1.125193246770874733e-01
-9.749999999999999778e-01,1.146563245375844808e-01,1.122562458574836441e-01,1.124126143158595409e-01
-9.739999999999999769e-01,1.145346502657209192e-01,1.121394857190852745e-01,1.123059039546316085e-01
-9.729999999999999760e-01,1.144129759938573437e-01,1.120227255806868910e-01,1.121991935934036760e-01
-9.719999999999999751e-01,1.142913017219937682e-01,1.119059654422885214e-01,1.120924832321757436e-01
-9.709999999999999742e-01,1.141696274501301928e-01,1.117892053038901379e-01,1.119857728709478112e-01
-9.699999999999999734e-01,1.140478834474560194e-01,1.116721919246697475e-01,1.118787197451102389e-01
-9.689999999999999725e-01,1.139151539060678092e-01,1.115443761728170530e-01,1.117570454732466634e-01
-9.679999999999999716e-01,1.137824243646795991e-01,1.114165604209643584e-01,1.116353712013830879e-01
-9.669999999999999707e-01,1.136496948232913889e-01,1.112887446691116639e-01,1.115136969295194985e-01
-9.659999999999999698e-01,1.135169652819031788e-01,1.111609289172589693e-01,1.113920226576559230e-01
-9.649999999999999689e-01,1.133842357405149825e-01,1.110331131654062747e-01,1.112703483857923475e-01
-9.639999999999999680e-01,1.132515061991267724e-01,1.109052974135535802e-01,1.111486741139287721e-01
-9.629999999999999671e-01,1.131187766577385623e-01,1.107774816617008856e-01,1.110269998420651827e-01
-9.619999999999999662e-01,1.129860471163503521e-01,1.106496659098481772e-01,1.109053255702016072e-01
-9.609999999999999654e-01,1.128533175749621420e-01,1.105218501579954826e-01,1.107836512983380317e-01
-9.599999999999999645e-01,1.127205880335739457e-01,1.103940344061427881e-01,1.106618225481835610e-01
-9.589999999999999636e-01,1.125878584921857356e-01,1.102662186542900935e-01,1.105290688726092152e-01
-9.579999999999999627e-01,1.124551289507975255e-01,1.101384029024373989e-01,1.103963151970348694e-01
-9.569999999999999618e-01,1.123223994094093153e-01,1.100105871505847044e-01,1.102635615214605375e-01
-9.559999999999999609e-01,1.121896698680211052e-01,1.098827713987320098e-01,1.101308078458861917e-01
-9.549999999999999600e-01,1.120569403266329089e-01,1.097549556468793153e-01,1.099980541703118597e-01
-9.539999999999999591e-01,1.119242107852446988e-01,1.096271398950266207e-01,1.098653004947375139e-01
-9.529999999999999583e-01,1.117914812438564887e-01,1.094993241431739261e-01,1.097325468191631820e-01
-9.519999999999999574e-01,1.116587517024682785e-01,1.093715083913212316e-01,1.095997931435888362e-01
-9.509999999999999565e-01,1.115260221610800684e-01,1.092436926394685232e-01,1.094670394680145042e-01
-9.499999999999999556e-01,1.113933594792281684e-01,1.091158768876158286e-01,1.093342857924401584e-01
-9.489999999999999547e-01,1.112740566699346456e-01,1.089880611357631340e-01,1.092015321168658265e-01
-9.479999999999999538e-01,1.111547538606411228e-01,1.088602453839104395e-01,1.090687784412914807e-01
-9.469999999999999529e-01,1.110354510513476001e-01,1.087324296320577449e-01,1.089360247657171349e-01
-9.459999999999999520e-01,1.109161482420540773e-01,1.086046138802050504e-01,1.088032710901428030e-01
-9.449999999999999512e-01,1.107968454327605545e-01,1.084767981283523558e-01,1.086705174145684571e-01
-9.439999999999999503e-01,1.106775426234670318e-01,1.083489823764996612e-01,1.085377637389941252e-01
-9.429999999999999494e-01,1.105582398141735090e-01,1.082211666246469667e-01,1.084050100634197794e-01
-9.419999999999999485e-01,1.104389370048799723e-01,1.080933508727942721e-01,1.082722563878454475e-01
-9.409999999999999476e-01,1.103196341955864496e-01,1.079655351209415637e-01,1.081395027122711017e-01
-9.399999999999999467e-01,1.102003313862929268e-01,1.078377193690888691e-01,1.080067490366967697e-01
-9.389999999999999458e-01,1.100591737468226972e-01,1.076945258684495338e-01,1.078739953611224239e-01
-9.379999999999999449e-01,1.099179286967726793e-01,1.075512708629654396e-01,1.077412416855480781e-01
-9.370000000000000551e-01,1.097766836467226892e-01,1.074080158574813593e-01,1.076084880099737601e-01
-9.360000000000000542e-01,1.096354385966726713e-01,1.072647608519972789e-01,1.074757343343994143e-01
-9.350000000000000533e-01,1.094941935466226673e-01,1.071215058465131847e-01,1.073429806588250823e-01
-9.340000000000000524e-01,1.093529484965726634e-01,1.069782508410290905e-01,1.072102269832507365e-01
-9.330000000000000515e-01,1.092117034465226455e-01,1.068349958355449963e-01,1.070774733076764046e-01
-9.320000000000000506e-01,1.090704583964726415e-01,1.066917408300609021e-01,1.069447196321020588e-01
-9.310000000000000497e-01,1.089292133464226237e-01,1.065484858245768218e-01,1.068119659565277269e-01
-9.300000000000000488e-01,1.087880810615247662e-01,1.064053649362263487e-01,1.066793460836530927e-01
-9.290000000000000480e-01,1.086777162358711912e-01,1.062988372982196783e-01,1.065832336692594251e-01
-9.280000000000000471e-01,1.085673514102176163e-01,1.061923096602130079e-01,1.064871212548657575e-01
-9.270000000000000462e-01,1.084569865845640413e-01,1.060857820222063236e-01,1.063910088404720899e-01
-9.260000000000000453e-01,1.083466217589104663e-01,1.059792543841996532e-01,1.062948964260784224e-01
-9.250000000000000444e-01,1.082362569332568913e-01,1.058727267461929827e-01,1.061987840116847548e-01
-9.240000000000000435e-01,1.081258921076033164e-01,1.057661991081863123e-01,1.061026715972910872e-01
-9.230000000000000426e-01,1.080155272819497414e-01,1.056596714701796419e-01,1.060065591828974058e-01
-9.220000000000000417e-01,1.079051624562961664e-01,1.055531438321729715e-01,1.059104467685037382e-01
-9.210000000000000409e-01,1.077947976306425915e-01,1.054466161941662872e-01,1.058143343541100706e-01
-9.200000000000000400e-01,1.076840416042882248e-01,1.053397199324913602e-01,1.057178366491977467e-01
-9.190000000000000391e-01,1.075390175471194892e-01,1.052005333216489147e-01,1.055875886280424197e-01
-9.180000000000000382e-01,1.073939934899507676e-01,1.050613467108064691e-01,1.054573406068871066e-01
-9.170000000000000373e-01,1.072489694327820459e-01,1.049221600999640236e-01,1.053270925857317797e-01
-9.160000000000000364e-01,1.071039453756133103e-01,1.047829734891215642e-01,1.051968445645764666e-01
-9.150000000000000355e-01,1.069589213184445886e-01,1.046437868782791186e-01,1.050665965434211396e-01
-9.140000000000000346e-01,1.068138972612758669e-01,1.045046002674366731e-01,1.049363485222658265e-01
-9.130000000000000338e-01,1.066688732041071314e-01,1.043654136565942275e-01,1.048061005011105135e-01
-9.120000000000000329e-01,1.065238491469384097e-01,1.042262270457517820e-01,1.046758524799551865e-01
-9.110000000000000320e-01,1.063788250897696741e-01,1.040870404349093364e-01,1.045456044587998734e-01
-9.100000000000000311e-01,1.062338841216011742e-01,1.039479284433351275e-01,1.044154170791791875e-01
-9.090000000000000302e-01,1.061246156352753101e-01,1.038408526356646294e-01,1.043112648430491729e-01
-9.080000000000000293e-01,1.060153471489494459e-01,1.037337768279941175e-01,1.042071126069191583e-01
-9.070000000000000284e-01,1.059060786626235956e-01,1.036267010203236194e-01,1.041029603707891438e-01
-9.060000000000000275e-01,1.057968101762977314e-01,1.035196252126531075e-01,1.039988081346591292e-01
-9.050000000000000266e-01,1.056875416899718811e-01,1.034125494049825955e-01,1.038946558985291008e-01
-9.040000000000000258e-01,1.055782732036460170e-01,1.033054735973120974e-01,1.037905036623990862e-01
-9.030000000000000249e-01,1.054690047173201528e-01,1.031983977896415855e-01,1.036863514262690716e-01
-9.020000000000000240e-01,1.053597362309943025e-01,1.030913219819710874e-01,1.035821991901390571e-01
-9.010000000000000231e-01,1.052504677446684384e-01,1.029842461743005755e-01,1.034780469540090425e-01
-9.000000000000000222e-01,1.051408716995355791e-01,1.028767973135442937e-01,1.033734870891414026e-01
-8.990000000000000213e-01,1.049987130333791541e-01,1.027322632455112406e-01,1.032284048514445080e-01
-8.980000000000000204e-01,1.048565543672227290e-01,1.025877291774781874e-01,1.030833226137475994e-01
-8.970000000000000195e-01,1.047143957010663040e-01,1.024431951094451204e-01,1.029382403760507048e-01
-8.960000000000000187e-01,1.045722370349098929e-01,1.022986610414120673e-01,1.027931581383538101e-01
-8.950000000000000178e-01,1.044300783687534678e-01,1.021541269733790142e-01,1.026480759006569154e-01
-8.940000000000000169e-01,1.042879197025970428e-01,1.020095929053459610e-01,1.025029936629600208e-01
-8.930000000000000160e-01,1.041457610364406178e-01,1.018650588373128940e-01,1.023579114252631261e-01
-8.920000000000000151e-01,1.040036023702841927e-01,1.017205247692798409e-01,1.022128291875662315e-01
-8.910000000000000142e-01,1.038614437041277677e-01,1.015759907012467878e-01,1.020677469498693368e-01
-8.900000000000000133e-01,1.037197962116875316e-01,1.014319613770718470e-01,1.019232354007615915e-01
-8.890000000000000124e-01,1.036066905377147490e-01,1.013161148547798707e-01,1.018105887335861715e-01
-8.880000000000000115e-01,1.034935848637419803e-01,1.012002683324878805e-01,1.016979420664107514e-01
-8.870000000000000107e-01,1.033804791897692116e-01,1.010844218101959041e-01,1.015852953992353452e-01
-8.860000000000000098e-01,1.032673735157964290e-01,1.009685752879039139e-01,1.014726487320599252e-01
-8.850000000000000089e-01,1.031542678418236603e-01,1.008527287656119376e-01,1.013600020648845051e-01
-8.840000000000000080e-01,1.030411621678508777e-01,1.007368822433199612e-01,1.012473553977090851e-01
-8.830000000000000071e-01,1.029280564938781090e-01,1.006210357210279710e-01,1.011347087305336651e-01
-8.820000000000000062e-01,1.028149508199053264e-01,1.005051891987359947e-01,1.010220620633582589e-01
-8.810000000000000053e-01,1.027018451459325576e-01,1.003893426764440044e-01,1.009094153961828388e-01
-8.800000000000000044e-01,1.025883855723547372e-01,1.002731374083503657e-01,1.007967687290074188e-01
-8.790000000000000036e-01,1.024612529012699502e-01,1.001430718073927362e-01,1.006841220618319988e-01
-8.780000000000000027e-01,1.023341202301851632e-01,1.000130062064351205e-01,1.005714753946565787e-01
-8.770000000000000018e-01,1.022069875591003624e-01,9.988294060547750486e-02,1.004588287274811725e-01
-8.760000000000000009e-01,1.020798548880155754e-01,9.975287500451988920e-02,1.003461820603057525e-01
-8.750000000000000000e-01,1.019527222169307884e-01,9.962280940356225967e-02,1.002335353931303324e-01
-8.739999999999999991e-01,1.018255895458460014e-01,9.949274380260464401e-02,1.001208887259549124e-01
-8.729999999999999982e-01,1.016984568747612144e-01,9.936267820164702835e-02,1.000082420587794924e-01
-8.719999999999999973e-01,1.015713242036764136e-01,9.923261260068941270e-02,9.989559539160408619e-02
-8.709999999999999964e-01,1.014441915325916266e-01,9.910254699973178316e-02,9.978294872442866614e-02
-8.699999999999999956e-01,1.013170588615068396e-01,9.897269347047109311e-02,9.967030205725324610e-02
-8.689999999999999947e-01,1.011899261904220526e-01,9.885566508528560725e-02,9.955765539007782605e-02
-8.679999999999999938e-01,1.010627935193372517e-01,9.873863670010012139e-02,9.944500872290240601e-02
-8.669999999999999929e-01,1.009356608482524648e-01,9.862160831491463553e-02,9.933236205572698596e-02
-8.659999999999999920e-01,1.008085281771676778e-01,9.850457992972914967e-02,9.921971538855157979e-02
-8.649999999999999911e-01,1.006813955060828908e-01,9.838755154454366381e-02,9.910706872137615975e-02
-8.639999999999999902e-01,1.005542628349981038e-01,9.827052315935817794e-02,9.899442205420073970e-02
-8.629999999999999893e-01,1.004271301639133029e-01,9.815349477417269208e-02,9.888177538702531966e-02
-8.619999999999999885e-01,1.002999974928285160e-01,9.803646638898720622e-02,9.876912871984989961e-02
-8.609999999999999876e-01,1.001728648217437290e-01,9.791943800380172036e-02,9.865648205267449344e-02
-8.599999999999999867e-01,1.000457321506589420e-01,9.780240961861623450e-02,9.854383538549907340e-02
-8.589999999999999858e-01,9.992469395523195796e-02,9.768538123343074864e-02,9.843118871832365335e-02
-8.579999999999999849e-01,9.980371294082517053e-02,9.756835284824526278e-02,9.831854205114823331e-02
-8.569999999999999840e-01,9.968273192641838309e-02,9.745132446305977691e-02,9.820589538397281326e-02
-8.559999999999999831e-01,9.956175091201159566e-02,9.733429607787429105e-02,9.809324871679740709e-02
-8.549999999999999822e-01,9.944076989760479435e-02,9.721726769268880519e-02,9.798060204962198705e-02
-8.539999999999999813e-01,9.931978888319800691e-02,9.710023930750331933e-02,9.786795538244656700e-02
-8.529999999999999805e-01,9.919880786879121948e-02,9.698321092231783347e-02,9.775530871527114696e-02
-8.519999999999999796e-01,9.907782685438441816e-02,9.686618253713236149e-02,9.764266204809572691e-02
-8.509999999999999787e-01,9.895684583997763073e-02,9.674915415194687562e-02,9.753001538092032074e-02
-8.499999999999999778e-01,9.883568551111446276e-02,9.663189013009074180e-02,9.741710849662842120e-02
-8.489999999999999769e-01,9.870270118699371598e-02,9.649908822616769244e-02,9.728704289567081942e-02
-8.479999999999999760e-01,9.856971686287296919e-02,9.636628632224464308e-02,9.715697729471320376e-02
-8.469999999999999751e-01,9.843673253875220852e-02,9.623348441832157985e-02,9.702691169375560198e-02
-8.459999999999999742e-01,9.830374821463146173e-02,9.610068251439853049e-02,9.689684609279800021e-02
-8.449999999999999734e-01,9.817076389051071494e-02,9.596788061047548113e-02,9.676678049184038455e-02
-8.439999999999999725e-01,9.803777956638996816e-02,9.583507870655243177e-02,9.663671489088278277e-02
-8.429999999999999716e-01,9.790479524226920749e-02,9.570227680262938241e-02,9.650664928992516711e-02
-8.419999999999999707e-01,9.777181091814846070e-02,9.556947489870631918e-02,9.637658368896756533e-02
-8.409999999999999698e-01,9.763882659402771391e-02,9.543667299478326982e-02,9.624651808800996355e-02
-8.399999999999999689e-01,9.750598288661135871e-02,9.530399208662912458e-02,9.611656803256139747e-02
-8.389999999999999680e-01,9.739653076799344167e-02,9.519143882465036510e-02,9.600583897255959842e-02
-8.379999999999999671e-01,9.728707864937552463e-02,9.507888556267160562e-02,9.589510991255781325e-02
-8.369999999999999662e-01,9.717762653075760759e-02,9.496633230069284615e-02,9.578438085255602807e-02
-8.359999999999999654e-01,9.706817441213969055e-02,9.485377903871408667e-02,9.567365179255424290e-02
-8.349999999999999645e-01,9.695872229352177352e-02,9.474122577673534107e-02,9.556292273255244385e-02
-8.339999999999999636e-01,9.684927017490385648e-02,9.462867251475658159e-02,9.545219367255065868e-02
-8.329999999999999627e-01,9.673981805628593944e-02,9.451611925277782211e-02,9.534146461254887350e-02
-8.319999999999999618e-01,9.663036593766802240e-02,9.440356599079906263e-02,9.523073555254708833e-02
-8.309999999999999609e-01,9.652091381905011924e-02,9.429101272882030316e-02,9.512000649254528928e-02
-8.299999999999999600e-01,9.641146170043220220e-02,9.417845946684154368e-02,9.500927743254350410e-02
-8.289999999999999591e-01,9.627400080537108773e-02,9.403948626816713285e-02,9.487741459843640479e-02
-8.279999999999999583e-01,9.613645597630790518e-02,9.390043389677249497e-02,9.474548843267170672e-02
-8.269999999999999574e-01,9.599891114724472263e-02,9.376138152537784320e-02,9.461356226690700866e-02
-8.259999999999999565e-01,9.586136631818154008e-02,9.362232915398320532e-02,9.448163610114231059e-02
-8.249999999999999556e-01,9.572382148911837141e-02,9.348327678258855356e-02,9.434970993537761252e-02
-8.239999999999999547e-01,9.558627666005518886e-02,9.334422441119391567e-02,9.421778376961291446e-02
-8.229999999999999538e-01,9.544873183099200631e-02,9.320517203979926391e-02,9.408585760384821639e-02
-8.219999999999999529e-01,9.531118700192882376e-02,9.306611966840462602e-02,9.395393143808351832e-02
-8.209999999999999520e-01,9.517364217286564121e-02,9.292706729700997426e-02,9.382200527231882026e-02
-8.199999999999999512e-01,9.503609734380245866e-02,9.278818307246952668e-02,9.369027018252479300e-02
-8.189999999999999503e-01,9.492884304710015597e-02,9.268530989888848493e-02,9.359945674154827866e-02
-8.179999999999999494e-01,9.482195513119465180e-02,9.258243672530742929e-02,9.350864330057176432e-02
-8.169999999999999485e-01,9.471506721528913375e-02,9.247956355172638754e-02,9.341782985959526386e-02
-8.159999999999999476e-01,9.460817929938361570e-02,9.237669037814534578e-02,9.332701641861874953e-02
-8.149999999999999467e-01,9.450129138347809765e-02,9.227381720456430403e-02,9.323620297764223519e-02
-8.139999999999999458e-01,9.439440346757259348e-02,9.217094403098326227e-02,9.314538953666572085e-02
-8.129999999999999449e-01,9.428751555166707543e-02,9.206807085740220664e-02,9.305457609568920652e-02
-8.120000000000000551e-01,9.418062763576157126e-02,9.196519768382117876e-02,9.296376265471270606e-02
-8.110000000000000542e-01,9.407373971985605321e-02,9.186232451024013701e-02,9.287294921373619172e-02
-8.100000000000000533e-01,9.396648922779142488e-02,9.175911997782440488e-02,9.278178602780894069e-02
-8.090000000000000524e-01,9.383008271284268287e-02,9.162926971726571834e-02,9.266249862154535277e-02
-8.080000000000000515e-01,9.369367619789392698e-02,9.149941945670703181e-02,9.254321121528176486e-02
-8.070000000000000506e-01,9.355726968294517110e-02,9.136956919614834527e-02,9.242392380901817694e-02
-8.060000000000000497e-01,9.342086316799642909e-02,9.123971893558965873e-02,9.230463640275457515e-02
-8.050000000000000488e-01,9.328445665304767320e-02,9.110986867503098607e-02,9.218534899649098724e-02
-8.040000000000000480e-01,9.314805013809891732e-02,9.098001841447229954e-02,9.206606159022739932e-02
-8.030000000000000471e-01,9.301164362315017531e-02,9.085016815391361300e-02,9.194677418396381141e-02
-8.020000000000000462e-01,9.287523710820141942e-02,9.072031789335492646e-02,9.182748677770022350e-02
-8.010000000000000453e-01,9.273883059325266354e-02,9.059046763279623993e-02,9.170819937143662171e-02
-8.000000000000000444e-01,9.260242407830392153e-02,9.046061737223755339e-02,9.158891196517303379e-02
-7.990000000000000435e-01,9.249117255734642939e-02,9.035107558279789619e-02,9.148582082880356292e-02
-7.980000000000000426e-01,9.238025956202902678e-02,9.024180709647201815e-02,9.138294765522250729e-02
-7.970000000000000417e-01,9.226934656671162416e-02,9.013253861014615398e-02,9.128007448164145166e-02
-7.960000000000000409e-01,9.215843357139423542e-02,9.002327012382027593e-02,9.117720130806039602e-02
-7.950000000000000400e-01,9.204752057607683280e-02,8.991400163749441177e-02,9.107432813447935427e-02
-7.940000000000000391e-01,9.193660758075943018e-02,8.980473315116853372e-02,9.097145496089829864e-02
-7.930000000000000382e-01,9.182569458544204144e-02,8.969546466484266956e-02,9.086858178731724300e-02
-7.920000000000000373e-01,9.171478159012463882e-02,8.958619617851679151e-02,9.076570861373618737e-02
-7.910000000000000364e-01,9.160386859480725008e-02,8.947692769219091347e-02,9.066283544015513174e-02
-7.900000000000000355e-01,9.149295559948984746e-02,8.936765920586504930e-02,9.055996226657407611e-02
-7.890000000000000346e-01,9.136996008500021527e-02,8.924240182198794891e-02,9.044028258136249665e-02
-7.880000000000000338e-01,9.124689599546764729e-02,8.911705369218937689e-02,9.032050750981297782e-02
-7.870000000000000329e-01,9.112383190593507931e-02,8.899170556239079100e-02,9.020073243826345899e-02
-7.860000000000000320e-01,9.100076781640251133e-02,8.886635743259220510e-02,9.008095736671394016e-02
-7.850000000000000311e-01,9.087770372686994336e-02,8.874100930279363308e-02,8.996118229516443521e-02
-7.840000000000000302e-01,9.075463963733737538e-02,8.861566117299504719e-02,8.984140722361491638e-02
-7.830000000000000293e-01,9.063157554780480740e-02,8.849031304319646130e-02,8.972163215206539755e-02
-7.820000000000000284e-01,9.050851145827223942e-02,8.836496491339787540e-02,8.960185708051587872e-02
-7.810000000000000275e-01,9.038544736873965757e-02,8.823961678359930338e-02,8.948208200896637377e-02
-7.800000000000000266e-01,9.026238327920708959e-02,8.811426865380071749e-02,8.936230693741685494e-02
-7.790000000000000258e-01,9.013931918967452162e-02,8.798892052400213160e-02,8.924253186586733610e-02
-7.780000000000000249e-01,9.001625510014195364e-02,8.786357239420355958e-02,8.912275679431781727e-02
-7.770000000000000240e-01,8.989319101060938566e-02,8.773822426440497368e-02,8.900298172276831232e-02
-7.760000000000000231e-01,8.977012692107681768e-02,8.761287613460638779e-02,8.888320665121879349e-02
-7.750000000000000222e-01,8.964706283154424971e-02,8.748752800480780190e-02,8.876343157966927466e-02
-7.740000000000000213e-01,8.952399874201168173e-02,8.736217987500922988e-02,8.864365650811975583e-02
-7.730000000000000204e-01,8.940093465247909987e-02,8.723683174521064398e-02,8.852388143657025088e-02
-7.720000000000000195e-01,8.927787056294653190e-02,8.711148361541205809e-02,8.840410636502073205e-02
-7.710000000000000187e-01,8.915480647341396392e-02,8.698613548561348607e-02,8.828433129347121322e-02
-7.700000000000000178e-01,8.903181020596750983e-02,8.686090350972507090e-02,8.816473287557735627e-02
-7.690000000000000169e-01,8.891579096023251305e-02,8.674762056695553558e-02,8.806330724565808454e-02
-7.680000000000000160e-01,8.879977171449750240e-02,8.663433762418598638e-02,8.796188161573879893e-02
-7.670000000000000151e-01,8.868375246876250562e-02,8.652105468141643718e-02,8.786045598581952720e-02
-7.660000000000000142e-01,8.856773322302750884e-02,8.640777173864688798e-02,8.775903035590025547e-02
-7.650000000000000133e-01,8.845171397729249818e-02,8.629448879587733878e-02,8.765760472598096986e-02
-7.640000000000000124e-01,8.833569473155750140e-02,8.618120585310778958e-02,8.755617909606169813e-02
-7.630000000000000115e-01,8.821967548582250462e-02,8.606792291033825426e-02,8.745475346614241252e-02
-7.620000000000000107e-01,8.810365624008749397e-02,8.595463996756870506e-02,8.735332783622314079e-02
-7.610000000000000098e-01,8.798763699435249719e-02,8.584135702479915586e-02,8.725190220630385518e-02
-7.600000000000000089e-01,8.787160840048637012e-02,8.572806654053864717e-02,8.715046991173149016e-02
-7.590000000000000080e-01,8.774150946693448638e-02,8.560342498106661424e-02,8.703900631449439096e-02
-7.580000000000000071e-01,8.761141053338261653e-02,8.547878342159458132e-02,8.692754271725729176e-02
-7.570000000000000062e-01,8.748131159983073279e-02,8.535414186212256227e-02,8.681607912002019256e-02
-7.560000000000000053e-01,8.735121266627886294e-02,8.522950030265052934e-02,8.670461552278309336e-02
-7.550000000000000044e-01,8.722111373272697921e-02,8.510485874317849642e-02,8.659315192554599416e-02
-7.540000000000000036e-01,8.709101479917510935e-02,8.498021718370647737e-02,8.648168832830890884e-02
-7.530000000000000027e-01,8.696091586562322562e-02,8.485557562423444444e-02,8.637022473107180964e-02
-7.520000000000000018e-01,8.683081693207135576e-02,8.473093406476241152e-02,8.625876113383471044e-02
-7.510000000000000009e-01,8.670071799851947203e-02,8.460629250529039247e-02,8.614729753659761124e-02
-7.500000000000000000e-01,8.657081615654445284e-02,8.448220594889851998e-02,8.603632383169623754e-02
-7.489999999999999991e-01,8.646446518128737824e-02,8.437985553314258924e-02,8.594453627023540543e-02
-7.479999999999999982e-01,8.635811420603031752e-02,8.427750511738667238e-02,8.585274870877457332e-02
-7.469999999999999973e-01,8.625176323077324292e-02,8.417515470163074165e-02,8.576096114731374120e-02
-7.459999999999999964e-01,8.614541225551618220e-02,8.407280428587482479e-02,8.566917358585290909e-02
-7.449999999999999956e-01,8.603906128025910760e-02,8.397045387011889406e-02,8.557738602439207698e-02
-7.439999999999999947e-01,8.593271030500204688e-02,8.386810345436297720e-02,8.548559846293124487e-02
-7.429999999999999938e-01,8.582635932974497228e-02,8.376575303860704647e-02,8.539381090147041276e-02
-7.419999999999999929e-01,8.572000835448791156e-02,8.366340262285112961e-02,8.530202334000958064e-02
-7.409999999999999920e-01,8.561365737923083696e-02,8.356105220709521275e-02,8.521023577854874853e-02
-7.399999999999999911e-01,8.550730640397377624e-02,8.345870179133928202e-02,8.511844821708793030e-02
-7.389999999999999902e-01,8.537543355740336015e-02,8.332661266032793945e-02,8.499421798106331083e-02
-7.379999999999999893e-01,8.524354375446875631e-02,8.319450377134195163e-02,8.486996619059240798e-02
-7.369999999999999885e-01,8.511165395153416635e-02,8.306239488235597768e-02,8.474571440012150514e-02
-7.359999999999999876e-01,8.497976414859956251e-02,8.293028599336998985e-02,8.462146260965058842e-02
-7.349999999999999867e-01,8.484787434566497255e-02,8.279817710438400202e-02,8.449721081917968557e-02
-7.339999999999999858e-01,8.471598454273038259e-02,8.266606821539802807e-02,8.437295902870878272e-02
-7.329999999999999849e-01,8.458409473979577875e-02,8.253395932641204025e-02,8.424870723823786600e-02
-7.319999999999999840e-01,8.445220493686118879e-02,8.240185043742606630e-02,8.412445544776696316e-02
-7.309999999999999831e-01,8.432031513392658495e-02,8.226974154844007847e-02,8.400020365729606031e-02
-7.299999999999999822e-01,8.418842533099199499e-02,8.213779825862872752e-02,8.387612128751918694e-02
-7.289999999999999813e-01,8.408165924746871522e-02,8.202944338840924277e-02,8.377617168547862869e-02
-7.279999999999999805e-01,8.397513738606972311e-02,8.192108851818975801e-02,8.367622208343805656e-02
-7.269999999999999796e-01,8.386861552467071712e-02,8.181273364797027325e-02,8.357627248139748444e-02
-7.259999999999999787e-01,8.376209366327172501e-02,8.170437877775078850e-02,8.347632287935691231e-02
-7.249999999999999778e-01,8.365557180187273290e-02,8.159602390753130374e-02,8.337637327731634018e-02
-7.239999999999999769e-01,8.354904994047372691e-02,8.148766903731181899e-02,8.327642367527578193e-02
-7.229999999999999760e-01,8.344252807907473479e-02,8.137931416709233423e-02,8.317647407323520981e-02
-7.219999999999999751e-01,8.333600621767572880e-02,8.127095929687284948e-02,8.307652447119463768e-02
-7.209999999999999742e-01,8.322948435627673669e-02,8.116260442665335084e-02,8.297657486915406555e-02
-7.199999999999999734e-01,8.312263504290962057e-02,8.105394887882022559e-02,8.287638270648260697e-02
-7.189999999999999725e-01,8.299369537323844637e-02,8.092500920914906526e-02,8.275982707288156992e-02
-7.179999999999999716e-01,8.286475570356727216e-02,8.079606953947791881e-02,8.264327143928051900e-02
-7.169999999999999707e-01,8.273581603389609795e-02,8.066712986980675848e-02,8.252671580567948195e-02
-7.159999999999999698e-01,8.260687636422492375e-02,8.053819020013561203e-02,8.241016017207844491e-02
-7.149999999999999689e-01,8.247793669455374954e-02,8.040925053046445170e-02,8.229360453847739398e-02
-7.139999999999999680e-01,8.234899702488257534e-02,8.028031086079330525e-02,8.217704890487635694e-02
-7.129999999999999671e-01,8.222005735521140113e-02,8.015137119112215880e-02,8.206049327127531989e-02
-7.119999999999999662e-01,8.209111768554022692e-02,8.002243152145099847e-02,8.194393763767426897e-02
-7.109999999999999654e-01,8.196217801586903884e-02,7.989349185177985202e-02,8.182738200407323192e-02
-7.099999999999999645e-01,8.183323834619786463e-02,7.976455218210869169e-02,8.171082637047219488e-02
-7.089999999999999636e-01,8.171833661559697870e-02,7.965497731066008280e-02,8.161673574439939904e-02
-7.079999999999999627e-01,8.160359037520840964e-02,7.954561693199220518e-02,8.152289395035050568e-02
-7.069999999999999618e-01,8.148884413481984057e-02,7.943625655332434143e-02,8.142905215630161231e-02
-7.059999999999999609e-01,8.137409789443127150e-02,7.932689617465646381e-02,8.133521036225271894e-02
-7.049999999999999600e-01,8.125935165404270244e-02,7.921753579598860007e-02,8.124136856820382557e-02
-7.039999999999999591e-01,8.114460541365413337e-02,7.910817541732072244e-02,8.114752677415493221e-02
-7.029999999999999583e-01,8.102985917326556431e-02,7.899881503865285870e-02,8.105368498010605272e-02
-7.019999999999999574e-01,8.091511293287698137e-02,7.888945465998498108e-02,8.095984318605715935e-02
-7.009999999999999565e-01,8.080036669248841230e-02,7.878009428131711733e-02,8.086600139200826598e-02
-6.999999999999999556e-01,8.068562045209984324e-02,7.867073390264923971e-02,8.077215959795937261e-02
-6.989999999999999547e-01,8.057087421171127417e-02,7.856137352398137597e-02,8.067831780391047924e-02
-6.979999999999999538e-01,8.045612797132270511e-02,7.845201314531349834e-02,8.058447600986158588e-02
-6.969999999999999529e-01,8.034138173093413604e-02,7.834265276664563460e-02,8.049063421581270639e-02
-6.959999999999999520e-01,8.022663549054556698e-02,7.823329238797775698e-02,8.039679242176381302e-02
-6.949999999999999512e-01,8.011188925015699791e-02,7.812393200930989323e-02,8.030295062771491965e-02
-6.939999999999999503e-01,7.999714300976842885e-02,7.801457163064201561e-02,8.020910883366602628e-02
-6.929999999999999494e-01,7.988239676937985978e-02,7.790521125197415186e-02,8.011526703961713292e-02
-6.919999999999999485e-01,7.976765052899127684e-02,7.779585087330627424e-02,8.002142524556823955e-02
-6.909999999999999476e-01,7.965290428860270777e-02,7.768649049463841050e-02,7.992758345151936006e-02
-6.899999999999999467e-01,7.953815804821413871e-02,7.757713011597053288e-02,7.983374165747046669e-02
-6.889999999999999458e-01,7.941636923903885870e-02,7.745715208994645440e-02,7.972652760477247358e-02
-6.879999999999999449e-01,7.929449285044461171e-02,7.733704202582457332e-02,7.961914725839983054e-02
-6.870000000000000551e-01,7.917261646185039248e-02,7.721693196170272000e-02,7.951176691202720137e-02
-6.860000000000000542e-01,7.905074007325614549e-02,7.709682189758085280e-02,7.940438656565455833e-02
-6.850000000000000533e-01,7.892886368466191238e-02,7.697671183345898560e-02,7.929700621928191528e-02
-6.840000000000000524e-01,7.880698729606766539e-02,7.685660176933711840e-02,7.918962587290927224e-02
-6.830000000000000515e-01,7.868511090747343228e-02,7.673649170521525120e-02,7.908224552653662920e-02
-6.820000000000000506e-01,7.856323451887918530e-02,7.661638164109338400e-02,7.897486518016397228e-02
-6.810000000000000497e-01,7.844135813028493831e-02,7.649627157697150293e-02,7.886748483379132924e-02
-6.800000000000000488e-01,7.831948174169070520e-02,7.637616151284963573e-02,7.876010448741868619e-02
-6.790000000000000480e-01,7.820979091074418965e-02,7.625605144872776853e-02,7.865272414104604315e-02
-6.780000000000000471e-01,7.810015697797573209e-02,7.613594138460590133e-02,7.854534379467340011e-02
-6.770000000000000462e-01,7.799052304520727452e-02,7.601583132048403413e-02,7.843796344830075706e-02
-6.760000000000000453e-01,7.788088911243883083e-02,7.589572125636216693e-02,7.833058310192811402e-02
-6.750000000000000444e-01,7.777125517967037327e-02,7.577561119224029973e-02,7.822320275555547098e-02
-6.740000000000000435e-01,7.766162124690191570e-02,7.565550112811843253e-02,7.811582240918281406e-02
-6.730000000000000426e-01,7.755198731413345814e-02,7.553539106399655145e-02,7.800844206281017101e-02
-6.720000000000000417e-01,7.744235338136501445e-02,7.541528099987468425e-02,7.790106171643752797e-02
-6.710000000000000409e-01,7.733271944859655689e-02,7.529517093575281705e-02,7.779368137006488493e-02
-6.700000000000000400e-01,7.722303037676232773e-02,7.517506087163094985e-02,7.768630102369224188e-02
-6.690000000000000391e-01,7.709494139864453421e-02,7.505495080750908266e-02,7.757892067731959884e-02
-6.680000000000000382e-01,7.696685242052672682e-02,7.493484074338721546e-02,7.747154033094695580e-02
-6.670000000000000373e-01,7.683876344240893330e-02,7.481473067926534826e-02,7.736415998457431276e-02
-6.660000000000000364e-01,7.671067446429113978e-02,7.469462061514346718e-02,7.725677963820165584e-02
-6.650000000000000355e-01,7.658258548617334627e-02,7.457451055102159998e-02,7.714939929182901279e-02
-6.640000000000000346e-01,7.645449650805555275e-02,7.445440048689973278e-02,7.704201894545636975e-02
-6.630000000000000338e-01,7.632640752993774536e-02,7.433429042277786558e-02,7.693463859908372671e-02
-6.620000000000000329e-01,7.619831855181995184e-02,7.421418035865599838e-02,7.682725825271108366e-02
-6.610000000000000320e-01,7.607022957370215832e-02,7.409407029453413118e-02,7.671987790633844062e-02
-6.600000000000000311e-01,7.594240446461422711e-02,7.397418778530023831e-02,7.661279336200585433e-02
-6.590000000000000302e-01,7.583915463271802271e-02,7.387549845834642803e-02,7.653325815581017710e-02
-6.580000000000000293e-01,7.573590480082180443e-02,7.377680913139261776e-02,7.645372294961449988e-02
-6.570000000000000284e-01,7.563265496892558615e-02,7.367811980443880748e-02,7.637418774341883654e-02
-6.560000000000000275e-01,7.552940513702936787e-02,7.357943047748501109e-02,7.629465253722315932e-02
-6.550000000000000266e-01,7.542615530513314959e-02,7.348074115053120081e-02,7.621511733102748209e-02
-6.540000000000000258e-01,7.532290547323694518e-02,7.338205182357739054e-02,7.613558212483180487e-02
-6.530000000000000249e-01,7.521965564134072690e-02,7.328336249662358026e-02,7.605604691863614153e-02
-6.520000000000000240e-01,7.511640580944450862e-02,7.318467316966976999e-02,7.597651171244046431e-02
-6.510000000000000231e-01,7.501315597754829034e-02,7.308598384271595971e-02,7.589697650624478709e-02
-6.500000000000000222e-01,7.490986764577299561e-02,7.298725966799977927e-02,7.581740771828010539e-02
-6.490000000000000213e-01,7.478342317664672667e-02,7.286757595806089838e-02,7.571764083946082302e-02
-6.480000000000000204e-01,7.465697870752045773e-02,7.274789224812201749e-02,7.561787396064154065e-02
-6.470000000000000195e-01,7.453053423839420266e-02,7.262820853818313660e-02,7.551810708182225829e-02
-6.460000000000000187e-01,7.440408976926793372e-02,7.250852482824425571e-02,7.541834020300297592e-02
-6.450000000000000178e-01,7.427764530014166477e-02,7.238884111830537482e-02,7.531857332418369355e-02
-6.440000000000000169e-01,7.415120083101540971e-02,7.226915740836649393e-02,7.521880644536441118e-02
-6.430000000000000160e-01,7.402475636188914077e-02,7.214947369842761304e-02,7.511903956654511494e-02
-6.420000000000000151e-01,7.389831189276287182e-02,7.202978998848874603e-02,7.501927268772583257e-02
-6.410000000000000142e-01,7.377186742363661676e-02,7.191010627854986514e-02,7.491950580890655020e-02
-6.400000000000000133e-01,7.364554105474070689e-02,7.179054649935188992e-02,7.481984051053773566e-02
-6.390000000000000124e-01,7.353180206147692799e-02,7.168419552409481532e-02,7.473100187425953111e-02
-6.380000000000000115e-01,7.341806306821314909e-02,7.157784454883774072e-02,7.464216323798131270e-02
-6.370000000000000107e-01,7.330432407494937019e-02,7.147149357358065225e-02,7.455332460170310815e-02
-6.360000000000000098e-01,7.319058508168559130e-02,7.136514259832357765e-02,7.446448596542488974e-02
-6.350000000000000089e-01,7.307684608842179852e-02,7.125879162306650305e-02,7.437564732914667132e-02
-6.340000000000000080e-01,7.296310709515801962e-02,7.115244064780941458e-02,7.428680869286846677e-02
-6.330000000000000071e-01,7.284936810189424072e-02,7.104608967255233998e-02,7.419797005659024836e-02
-6.320000000000000062e-01,7.273562910863046183e-02,7.093973869729526538e-02,7.410913142031202994e-02
-6.310000000000000053e-01,7.262189011536668293e-02,7.083338772203817690e-02,7.402029278403382540e-02
-6.300000000000000044e-01,7.250815112210290403e-02,7.072703299004694244e-02,7.393145057767211425e-02
-6.290000000000000036e-01,7.239441212883911125e-02,7.060936560431833875e-02,7.383185777873502165e-02
-6.280000000000000027e-01,7.228067313557533236e-02,7.049169821858972118e-02,7.373226497979792904e-02
-6.270000000000000018e-01,7.216693414231155346e-02,7.037403083286111749e-02,7.363267218086085031e-02
-6.260000000000000009e-01,7.205319514904777456e-02,7.025636344713251380e-02,7.353307938192375770e-02
-6.250000000000000000e-01,7.193945615578399566e-02,7.013869606140389623e-02,7.343348658298666509e-02
-6.239999999999999991e-01,7.182571716252020289e-02,7.002102867567529254e-02,7.333389378404957248e-02
-6.229999999999999982e-01,7.171197816925642399e-02,6.990336128994668885e-02,7.323430098511249375e-02
-6.219999999999999973e-01,7.159823917599264509e-02,6.978569390421808516e-02,7.313470818617540115e-02
-6.209999999999999964e-01,7.148450018272886619e-02,6.966802651848946759e-02,7.303511538723830854e-02
-6.199999999999999956e-01,7.137076118946508729e-02,6.955035913276086390e-02,7.293552258830121593e-02
-6.189999999999999947e-01,7.125409118515869944e-02,6.943269174703226021e-02,7.283592978936412332e-02
-6.179999999999999938e-01,7.113739566222151978e-02,6.931502436130364264e-02,7.273633699042704459e-02
-6.169999999999999929e-01,7.102070013928434011e-02,6.919735697557503895e-02,7.263674419148995198e-02
-6.159999999999999920e-01,7.090400461634714657e-02,6.907968958984643526e-02,7.253715139255285937e-02
-6.149999999999999911e-01,7.078730909340996691e-02,6.896202220411783157e-02,7.243755859361576677e-02
-6.139999999999999902e-01,7.067061357047278725e-02,6.884435481838921400e-02,7.233796579467868804e-02
-6.129999999999999893e-01,7.055391804753559370e-02,6.872668743266061031e-02,7.223837299574159543e-02
-6.119999999999999885e-01,7.043722252459841404e-02,6.860902004693200662e-02,7.213878019680450282e-02
-6.109999999999999876e-01,7.032052700166123438e-02,6.849135266120340293e-02,7.203918739786741021e-02
-6.099999999999999867e-01,7.020383147872404084e-02,6.837368527547478536e-02,7.193959459893031760e-02
-6.089999999999999858e-01,7.008713595578686117e-02,6.826915449689260895e-02,7.185862964162906263e-02
-6.079999999999999849e-01,6.997044043284968151e-02,6.816463681432001487e-02,7.177768325460168186e-02
-6.069999999999999840e-01,6.985374490991250185e-02,6.806011913174743466e-02,7.169673686757430109e-02
-6.059999999999999831e-01,6.973704938697530831e-02,6.795560144917484058e-02,7.161579048054693419e-02
-6.049999999999999822e-01,6.962035386403812864e-02,6.785108376660226037e-02,7.153484409351955342e-02
-6.039999999999999813e-01,6.950365834110094898e-02,6.774656608402966629e-02,7.145389770649218653e-02
-6.029999999999999805e-01,6.938696281816375544e-02,6.764204840145707220e-02,7.137295131946480575e-02
-6.019999999999999796e-01,6.927026729522657578e-02,6.753753071888449200e-02,7.129200493243742498e-02
-6.009999999999999787e-01,6.915357177228939611e-02,6.743301303631189791e-02,7.121105854541005808e-02
-5.999999999999999778e-01,6.903687624935220257e-02,6.732840203337998874e-02,7.113002947900688711e-02
-5.989999999999999769e-01,6.892018072641502291e-02,6.720982890487725570e-02,7.103663033778627456e-02
-5.979999999999999760e-01,6.880348520347784325e-02,6.709125577637450877e-02,7.094323119656566201e-02
-5.969999999999999751e-01,6.868678968054064971e-02,6.697268264787177572e-02,7.084983205534504946e-02
-5.959999999999999742e-01,6.857009415760347004e-02,6.685410951936904267e-02,7.075643291412443692e-02
-5.949999999999999734e-01,6.845339863466629038e-02,6.673553639086630962e-02,7.066303377290382437e-02
-5.939999999999999725e-01,6.833670311172911072e-02,6.661696326236357657e-02,7.056963463168321182e-02
-5.929999999999999716e-01,6.822000758879191717e-02,6.649839013386084352e-02,7.047623549046259928e-02
-5.919999999999999707e-01,6.810331206585473751e-02,6.637981700535809659e-02,7.038283634924198673e-02
-5.909999999999999698e-01,6.798661654291755785e-02,6.626124387685536354e-02,7.028943720802136030e-02
-5.899999999999999689e-01,6.786992101998036431e-02,6.614267074835263049e-02,7.019603806680074776e-02
-5.889999999999999680e-01,6.776645794662160271e-02,6.604393521530675659e-02,7.012265851732558952e-02
-5.879999999999999671e-01,6.766302569452768700e-02,6.594524588835294632e-02,7.004932559785159718e-02
-5.869999999999999662e-01,6.755959344243375742e-02,6.584655656139913604e-02,6.997599267837759096e-02
-5.859999999999999654e-01,6.745616119033984170e-02,6.574786723444532577e-02,6.990265975890359862e-02
-5.849999999999999645e-01,6.735272893824592599e-02,6.564917790749151549e-02,6.982932683942959240e-02
-5.839999999999999636e-01,6.724929668615199641e-02,6.555048858053770522e-02,6.975599391995560006e-02
-5.829999999999999627e-01,6.714586443405808069e-02,6.545179925358389494e-02,6.968266100048160772e-02
-5.819999999999999618e-01,6.704243218196416498e-02,6.535310992663008467e-02,6.960932808100760150e-02
-5.809999999999999609e-01,6.693899992987023539e-02,6.525442059967627439e-02,6.953599516153360915e-02
-5.799999999999999600e-01,6.683556767777631968e-02,6.515573127272246412e-02,6.946266224205960294e-02
-5.789999999999999591e-01,6.671387993016798801e-02,6.503536378867805223e-02,6.936773459380875251e-02
-5.779999999999999583e-01,6.659198377949487879e-02,6.491474882877780461e-02,6.927256042211203668e-02
-5.769999999999999574e-01,6.647008762882178345e-02,6.479413386887754311e-02,6.917738625041533473e-02
-5.759999999999999565e-01,6.634819147814867424e-02,6.467351890897728162e-02,6.908221207871861891e-02
-5.749999999999999556e-01,6.622629532747556502e-02,6.455290394907703400e-02,6.898703790702191696e-02
-5.739999999999999547e-01,6.610439917680246968e-02,6.443228898917677250e-02,6.889186373532520113e-02
-5.729999999999999538e-01,6.598250302612936047e-02,6.431167402927652488e-02,6.879668956362849919e-02
-5.719999999999999529e-01,6.586060687545626513e-02,6.419105906937626338e-02,6.870151539193178336e-02
-5.709999999999999520e-01,6.573871072478315591e-02,6.407044410947601576e-02,6.860634122023508141e-02
-5.699999999999999512e-01,6.561693787201992867e-02,6.394999660811312436e-02,6.851136344152612689e-02
-5.689999999999999503e-01,6.550456506222014641e-02,6.384231588801578261e-02,6.843135836206680478e-02
-5.679999999999999494e-01,6.539219225242035027e-02,6.373463516791844086e-02,6.835135328260746879e-02
-5.669999999999999485e-01,6.527981944262056802e-02,6.362695444782109910e-02,6.827134820314814667e-02
-5.659999999999999476e-01,6.516744663282078576e-02,6.351927372772375735e-02,6.819134312368881068e-02
-5.649999999999999467e-01,6.505507382302100350e-02,6.341159300762641560e-02,6.811133804422948856e-02
-5.639999999999999458e-01,6.494270101322122124e-02,6.330391228752907384e-02,6.803133296477015257e-02
-5.629999999999999449e-01,6.483032820342142510e-02,6.319623156743173209e-02,6.795132788531083046e-02
-5.620000000000000551e-01,6.471795539362165672e-02,6.308855084733440421e-02,6.787132280585150834e-02
-5.610000000000000542e-01,6.460558258382187447e-02,6.298087012723706246e-02,6.779131772639218623e-02
-5.600000000000000533e-01,6.449320977402209221e-02,6.287318940713972071e-02,6.771131264693285023e-02
-5.590000000000000524e-01,6.438083696422230995e-02,6.276550868704237895e-02,6.763130756747352812e-02
-5.580000000000000515e-01,6.426846415442251381e-02,6.265782796694503720e-02,6.755130248801419213e-02
-5.570000000000000506e-01,6.415609134462273155e-02,6.255014724684768157e-02,6.747129740855487001e-02
-5.560000000000000497e-01,6.404371853482294930e-02,6.244246652675034676e-02,6.739129232909553402e-02
-5.550000000000000488e-01,6.393134572502316704e-02,6.233478580665300500e-02,6.731128724963621190e-02
-5.540000000000000480e-01,6.381897291522338478e-02,6.222710508655566325e-02,6.723128217017687591e-02
-5.530000000000000471e-01,6.370660010542358864e-02,6.211942436645832150e-02,6.715127709071755380e-02
-5.520000000000000462e-01,6.359422729562380638e-02,6.201174364636097974e-02,6.707127201125821780e-02
-5.510000000000000453e-01,6.348185448582402413e-02,6.190406292626363799e-02,6.699126693179889569e-02
-5.500000000000000444e-01,6.336945835575462371e-02,6.179638220616629624e-02,6.691126185233955970e-02
-5.490000000000000435e-01,6.325507847029185338e-02,6.168870148606895448e-02,6.683125677288023758e-02
-5.480000000000000426e-01,6.314069858482909692e-02,6.158102076597160579e-02,6.675125169342090159e-02
-5.470000000000000417e-01,6.302631869936632658e-02,6.147334004587426404e-02,6.667124661396157947e-02
-5.460000000000000409e-01,6.291193881390357012e-02,6.136565932577692228e-02,6.659124153450224348e-02
-5.450000000000000400e-01,6.279755892844079979e-02,6.125797860567958053e-02,6.651123645504292137e-02
-5.440000000000000391e-01,6.268317904297804333e-02,6.115029788558223878e-02,6.643123137558358537e-02
-5.430000000000000382e-01,6.256879915751528687e-02,6.104261716548489702e-02,6.635122629612426326e-02
-5.420000000000000373e-01,6.245441927205251653e-02,6.093493644538755527e-02,6.627122121666494114e-02
-5.410000000000000364e-01,6.234003938658975313e-02,6.082725572529021352e-02,6.619121613720560515e-02
-5.400000000000000355e-01,6.222565950112698974e-02,6.071957500519287176e-02,6.611125854088989451e-02
-5.390000000000000346e-01,6.211127961566422634e-02,6.061189428509553001e-02,6.604913264565444309e-02
-5.380000000000000338e-01,6.199689973020146294e-02,6.050421356499818826e-02,6.598700675041899166e-02
-5.370000000000000329e-01,6.188251984473869954e-02,6.039653284490084650e-02,6.592488085518354024e-02
-5.360000000000000320e-01,6.176813995927593615e-02,6.028885212480350475e-02,6.586275495994808882e-02
-5.350000000000000311e-01,6.165376007381317275e-02,6.018117140470616300e-02,6.580062906471263739e-02
-5.340000000000000302e-01,6.153938018835040935e-02,6.007349068460882124e-02,6.573850316947717209e-02
-5.330000000000000293e-01,6.142500030288764595e-02,5.996580996451147949e-02,6.567637727424172067e-02
-5.320000000000000284e-01,6.131062041742488256e-02,5.985812924441413774e-02,6.561425137900626925e-02
-5.310000000000000275e-01,6.119624053196211916e-02,5.975044852431679598e-02,6.555212548377081783e-02
-5.300000000000000266e-01,6.108186064649935576e-02,5.964276780421945423e-02,6.548979602183245541e-02
-5.290000000000000258e-01,6.096748076103659930e-02,5.953508708412211248e-02,6.540788935306672547e-02
-5.280000000000000249e-01,6.085310087557383590e-02,5.942740636402476379e-02,6.532598268430098165e-02
-5.270000000000000240e-01,6.073872099011107251e-02,5.931972564392742203e-02,6.524407601553525171e-02
-5.260000000000000231e-01,6.062434110464830911e-02,5.921204492383008028e-02,6.516216934676950789e-02
-5.250000000000000222e-01,6.050996121918554571e-02,5.910436420373273853e-02,6.508026267800377795e-02
-5.240000000000000213e-01,6.039558133372278231e-02,5.899668348363539677e-02,6.499835600923803414e-02
-5.230000000000000204e-01,6.028120144826001892e-02,5.888900276353805502e-02,6.491644934047230420e-02
-5.220000000000000195e-01,6.016682156279725552e-02,5.878132204344071327e-02,6.483454267170656038e-02
-5.210000000000000187e-01,6.005244167733449212e-02,5.867364132334337151e-02,6.475263600294083044e-02
-5.200000000000000178e-01,5.993807537305459454e-02,5.856596060324602976e-02,6.467075197579780221e-02
-5.190000000000000169e-01,5.983392313692455916e-02,5.845827988314868801e-02,6.460589614712583528e-02
-5.180000000000000160e-01,5.972977090079453072e-02,5.835059916305134625e-02,6.454104031845385447e-02
-5.170000000000000151e-01,5.962561866466450228e-02,5.824291844295400450e-02,6.447618448978188754e-02
-5.160000000000000142e-01,5.952146642853446690e-02,5.813523772285666275e-02,6.441132866110990673e-02
-5.150000000000000133e-01,5.941731419240443846e-02,5.802755700275932099e-02,6.434647283243793980e-02
-5.140000000000000124e-01,5.931316195627441001e-02,5.791987628266197924e-02,6.428161700376597287e-02
-5.130000000000000115e-01,5.920900972014438157e-02,5.781219556256463749e-02,6.421676117509399206e-02
-5.120000000000000107e-01,5.910485748401434619e-02,5.770451484246728879e-02,6.415190534642202513e-02
-5.110000000000000098e-01,5.900070524788431775e-02,5.759683412236994704e-02,6.408704951775004433e-02
-5.100000000000000089e-01,5.889647446277243570e-02,5.748915340227260529e-02,6.402219368907807739e-02
-5.090000000000000080e-01,5.878355877856164535e-02,5.738147268217526353e-02,6.395733786040611046e-02
-5.080000000000000071e-01,5.867064309435086195e-02,5.727379196207792178e-02,6.389248203173412965e-02
-5.070000000000000062e-01,5.855772741014007854e-02,5.716611124198058003e-02,6.382762620306216272e-02
-5.060000000000000053e-01,5.844481172592928819e-02,5.705843052188323827e-02,6.376277037439018192e-02
-5.050000000000000044e-01,5.833189604171850479e-02,5.695074980178589652e-02,6.369791454571821498e-02
-5.040000000000000036e-01,5.821898035750771444e-02,5.684306908168855477e-02,6.363305871704623418e-02
-5.030000000000000027e-01,5.810606467329693103e-02,5.673538836159121301e-02,6.356820288837426725e-02
-5.020000000000000018e-01,5.799314898908614763e-02,5.662770764149387126e-02,6.350334705970230031e-02
-5.010000000000000009e-01,5.788023330487535728e-02,5.652002692139652951e-02,6.343849123103031951e-02
-5.000000000000000000e-01,5.776731762066457387e-02,5.641234620129918775e-02,6.337363540235835258e-02
-4.989999999999999991e-01,5.765440193645378353e-02,5.630466548120184600e-02,6.330877957368637177e-02
-4.979999999999999982e-01,5.754148625224300012e-02,5.619698476110450425e-02,6.324392374501440484e-02
-4.969999999999999973e-01,5.742857056803221671e-02,5.608930404100716249e-02,6.317906791634243791e-02
-4.959999999999999964e-01,5.731565488382142637e-02,5.598162332090982074e-02,6.311421208767045710e-02
-4.949999999999999956e-01,5.720273919961064296e-02,5.587394260081247899e-02,6.304935625899849017e-02
-4.939999999999999947e-01,5.708982351539985262e-02,5.576626188071513723e-02,6.298450043032650936e-02
-4.929999999999999938e-01,5.697690783118906921e-02,5.565858116061779548e-02,6.291964460165454243e-02
-4.919999999999999929e-01,5.686399214697827886e-02,5.555090044052045373e-02,6.285478877298256162e-02
-4.909999999999999920e-01,5.675107646276749546e-02,5.544321972042311197e-02,6.278993294431059469e-02
-4.899999999999999911e-01,5.663816077855671205e-02,5.533553900032576328e-02,6.272507711563862776e-02
-4.889999999999999902e-01,5.652686094823346913e-02,5.522785828022842153e-02,6.267270235966054814e-02
-4.879999999999999893e-01,5.641560350565572729e-02,5.512017756013107977e-02,6.262044048646239758e-02
-4.869999999999999885e-01,5.630434606307798545e-02,5.501249684003373802e-02,6.256817861326424701e-02
-4.859999999999999876e-01,5.619308862050024361e-02,5.490481611993639627e-02,6.251591674006611032e-02
-4.849999999999999867e-01,5.608183117792250177e-02,5.479713539983905451e-02,6.246365486686795976e-02
-4.839999999999999858e-01,5.597057373534475994e-02,5.468945467974171276e-02,6.241139299366981613e-02
-4.829999999999999849e-01,5.585931629276702504e-02,5.458177395964437101e-02,6.235913112047167250e-02
-4.819999999999999840e-01,5.574805885018928320e-02,5.447409323954702925e-02,6.230686924727352194e-02
-4.809999999999999831e-01,5.563680140761154136e-02,5.436641251944968750e-02,6.225460737407537831e-02
-4.799999999999999822e-01,5.552554396503379952e-02,5.425873179935234575e-02,6.220234550087723469e-02
-4.789999999999999813e-01,5.541428652245605768e-02,5.415105107925500399e-02,6.215008362767908412e-02
-4.779999999999999805e-01,5.530302907987831584e-02,5.404337035915766224e-02,6.209782175448094049e-02
-4.769999999999999796e-01,5.519177163730057400e-02,5.393568963906032049e-02,6.204555988128279687e-02
-4.759999999999999787e-01,5.508051419472283911e-02,5.382800891896297180e-02,6.199329800808464630e-02
-4.749999999999999778e-01,5.496925675214509727e-02,5.372032819886563004e-02,6.194103613488650267e-02
-4.739999999999999769e-01,5.485799930956735543e-02,5.361264747876828829e-02,6.188877426168835905e-02
-4.729999999999999760e-01,5.474674186698961359e-02,5.350496675867094654e-02,6.183651238849020848e-02
-4.719999999999999751e-01,5.463548442441187175e-02,5.339728603857360478e-02,6.178425051529206485e-02
-4.709999999999999742e-01,5.452422698183412991e-02,5.328960531847626303e-02,6.173198864209392123e-02
-4.699999999999999734e-01,5.441296953925638807e-02,5.318197315229859085e-02,6.167972676889577066e-02
-4.689999999999999725e-01,5.430171209667864624e-02,5.308199027285018246e-02,6.162746489569762703e-02
-4.680000000000000271e-01,5.419045465410091134e-02,5.298200739340178100e-02,6.157520302249948341e-02
-4.670000000000000262e-01,5.407919721152317644e-02,5.288202451395337261e-02,6.152294114930133978e-02
-4.660000000000000253e-01,5.396793976894543460e-02,5.278204163450496422e-02,6.147067927610318921e-02
-4.650000000000000244e-01,5.385668232636769276e-02,5.268205875505655583e-02,6.141841740290504559e-02
-4.640000000000000235e-01,5.374542488378995092e-02,5.258207587560814744e-02,6.136615552970690196e-02
-4.630000000000000226e-01,5.363416744121220908e-02,5.248209299615973211e-02,6.131389365650875140e-02
-4.620000000000000218e-01,5.352290999863446724e-02,5.238211011671132372e-02,6.126163178331060777e-02
-4.610000000000000209e-01,5.341165255605672540e-02,5.228212723726291533e-02,6.120936991011246414e-02
-4.600000000000000200e-01,5.330039511347899051e-02,5.218214435781450694e-02,6.115710803691431358e-02
-4.590000000000000191e-01,5.318913767090124867e-02,5.206695274494718695e-02,6.109937876308076804e-02
-4.580000000000000182e-01,5.307788022832350683e-02,5.195146254813830244e-02,6.104154215104969777e-02
-4.570000000000000173e-01,5.296662278574576499e-02,5.183597235132942488e-02,6.098370553901862057e-02
-4.560000000000000164e-01,5.285536534316802315e-02,5.172048215452054731e-02,6.092586892698755030e-02
-4.550000000000000155e-01,5.274410790059028131e-02,5.160499195771166975e-02,6.086803231495648003e-02
-4.540000000000000147e-01,5.263285045801253947e-02,5.148950176090278524e-02,6.081019570292540977e-02
-4.530000000000000138e-01,5.252159301543479764e-02,5.137401156409390768e-02,6.075235909089433950e-02
-4.520000000000000129e-01,5.241033557285706274e-02,5.125852136728503011e-02,6.069452247886326229e-02
-4.510000000000000120e-01,5.229907813027932090e-02,5.114303117047614561e-02,6.063668586683219203e-02
-4.500000000000000111e-01,5.218782068770157906e-02,5.102763053945314625e-02,6.057898326835949032e-02
-4.490000000000000102e-01,5.207656324512383722e-02,5.093012694378434846e-02,6.054805925915130588e-02
-4.480000000000000093e-01,5.196530580254609538e-02,5.083262334811555067e-02,6.051713524994312143e-02
-4.470000000000000084e-01,5.185404835996835354e-02,5.073511975244675287e-02,6.048621124073493699e-02
-4.460000000000000075e-01,5.174279091739061170e-02,5.063761615677796202e-02,6.045528723152675254e-02
-4.450000000000000067e-01,5.163153347481287680e-02,5.054011256110916422e-02,6.042436322231856810e-02
-4.440000000000000058e-01,5.152027603223513497e-02,5.044260896544036643e-02,6.039343921311038366e-02
-4.430000000000000049e-01,5.140901858965739313e-02,5.034510536977156864e-02,6.036251520390219921e-02
-4.420000000000000040e-01,5.129776114707965129e-02,5.024760177410277778e-02,6.033159119469400783e-02
-4.410000000000000031e-01,5.118650370450190945e-02,5.015009817843397999e-02,6.030066718548582338e-02
-4.400000000000000022e-01,5.107524626192416761e-02,5.005259458276518220e-02,6.026974317627763894e-02
-4.390000000000000013e-01,5.096398881934642577e-02,4.995509098709638440e-02,6.023881916706945450e-02
-4.380000000000000004e-01,5.085273137676868394e-02,4.985758739142759355e-02,6.020789515786127005e-02
-4.369999999999999996e-01,5.074147393419094904e-02,4.976008379575879575e-02,6.017697114865308561e-02
-4.359999999999999987e-01,5.063021649161320720e-02,4.966258020008999796e-02,6.014604713944490116e-02
-4.349999999999999978e-01,5.051895904903546536e-02,4.956507660442120017e-02,6.011512313023671672e-02
-4.339999999999999969e-01,5.040770160645772352e-02,4.946757300875240931e-02,6.008419912102853228e-02
-4.329999999999999960e-01,5.029644416387998168e-02,4.937006941308361152e-02,6.005327511182034783e-02
-4.319999999999999951e-01,5.018518672130223984e-02,4.927256581741481373e-02,6.002235110261215645e-02
-4.309999999999999942e-01,5.007392927872449800e-02,4.917506222174601593e-02,5.999142709340397200e-02
-4.299999999999999933e-01,4.996267183614676310e-02,4.907755862607722508e-02,5.996050308419578756e-02
-4.289999999999999925e-01,4.985141439356902127e-02,4.897312875999602910e-02,5.992957907498760312e-02
-4.279999999999999916e-01,4.974015695099127943e-02,4.886860804383372919e-02,5.989865506577941867e-02
-4.269999999999999907e-01,4.962889950841353759e-02,4.876408732767142234e-02,5.986773105657123423e-02
-4.259999999999999898e-01,4.951764206583579575e-02,4.865956661150911550e-02,5.983680704736304978e-02
-4.249999999999999889e-01,4.940638462325805391e-02,4.855504589534681559e-02,5.980588303815486534e-02
-4.239999999999999880e-01,4.929512718068031207e-02,4.845052517918450874e-02,5.977495902894668089e-02
-4.229999999999999871e-01,4.918386973810257023e-02,4.834600446302220189e-02,5.974403501973848951e-02
-4.219999999999999862e-01,4.907261229552482840e-02,4.824148374685989504e-02,5.971311101053030507e-02
-4.209999999999999853e-01,4.896135485294709350e-02,4.813696303069759513e-02,5.968218700132212062e-02
-4.199999999999999845e-01,4.885009741036935166e-02,4.803244231453528829e-02,5.965131142103922285e-02
-4.189999999999999836e-01,4.873883996779160982e-02,4.792792159837298144e-02,5.962467807217553678e-02
-4.179999999999999827e-01,4.862758252521386798e-02,4.782340088221067459e-02,5.959804472331184377e-02
-4.169999999999999818e-01,4.851632508263612614e-02,4.771888016604837468e-02,5.957141137444815077e-02
-4.159999999999999809e-01,4.840506764005838430e-02,4.761435944988606783e-02,5.954477802558445776e-02
-4.149999999999999800e-01,4.829381019748064940e-02,4.750983873372376098e-02,5.951814467672076475e-02
-4.139999999999999791e-01,4.818255275490290757e-02,4.740531801756145414e-02,5.949151132785707174e-02
-4.129999999999999782e-01,4.807129531232516573e-02,4.730079730139915423e-02,5.946487797899338568e-02
-4.119999999999999774e-01,4.796003786974742389e-02,4.719627658523684738e-02,5.943824463012969267e-02
-4.109999999999999765e-01,4.784878042716968205e-02,4.709175586907454053e-02,5.941161128126599966e-02
-4.099999999999999756e-01,4.773752298459194021e-02,4.698723515291223368e-02,5.938497793240230666e-02
-4.089999999999999747e-01,4.762626554201419837e-02,4.688271443674993377e-02,5.935834458353861365e-02
-4.079999999999999738e-01,4.751500809943645653e-02,4.677819372058762692e-02,5.933171123467492064e-02
-4.069999999999999729e-01,4.740375065685871470e-02,4.667367300442532008e-02,5.930507788581122763e-02
-4.060000000000000275e-01,4.729249321428098674e-02,4.656915228826302017e-02,5.927844453694754157e-02
-4.050000000000000266e-01,4.718123577170324490e-02,4.646463157210072026e-02,5.925181118808384856e-02
-4.040000000000000258e-01,4.706997832912550306e-02,4.636011085593841341e-02,5.922517783922015555e-02
-4.030000000000000249e-01,4.695872088654776122e-02,4.625559013977610656e-02,5.919854449035646254e-02
-4.020000000000000240e-01,4.684746344397001938e-02,4.615106942361379971e-02,5.917191114149276954e-02
-4.010000000000000231e-01,4.673620600139227754e-02,4.604654870745149980e-02,5.914527779262908347e-02
-4.000000000000000222e-01,4.662494855881453570e-02,4.594202799128919296e-02,5.911864444376539046e-02
-3.990000000000000213e-01,4.652220122838158362e-02,4.585166807173523401e-02,5.911701553278774640e-02
-3.980000000000000204e-01,4.641951077802181774e-02,4.576140280042254732e-02,5.911555374701749771e-02
-3.970000000000000195e-01,4.631682032766205881e-02,4.567113752910986757e-02,5.911409196124725596e-02
-3.960000000000000187e-01,4.621412987730229294e-02,4.558087225779718088e-02,5.911263017547700727e-02
-3.950000000000000178e-01,4.611143942694252706e-02,4.549060698648450113e-02,5.911116838970675857e-02
-3.940000000000000169e-01,4.600874897658276813e-02,4.540034171517182138e-02,5.910970660393651682e-02
-3.930000000000000160e-01,4.590605852622300226e-02,4.531007644385913469e-02,5.910824481816626813e-02
-3.920000000000000151e-01,4.580336807586324332e-02,4.521981117254645494e-02,5.910678303239601944e-02
-3.910000000000000142e-01,4.570067762550347745e-02,4.512954590123377518e-02,5.910532124662577075e-02
-3.900000000000000133e-01,4.559797807930587865e-02,4.503927105937345632e-02,5.910385946085552900e-02
-3.890000000000000124e-01,4.548615449811790890e-02,4.493939600113461275e-02,5.910239767508528030e-02
-3.880000000000000115e-01,4.537433091692993220e-02,4.483952094289577611e-02,5.910093588931503161e-02
-3.870000000000000107e-01,4.526250733574196244e-02,4.473964588465693254e-02,5.909947410354478986e-02
-3.860000000000000098e-01,4.515068375455399269e-02,4.463977082641808897e-02,5.909801231777454117e-02
-3.850000000000000089e-01,4.503886017336602293e-02,4.453989576817924539e-02,5.909655053200429248e-02
-3.840000000000000080e-01,4.492703659217804624e-02,4.444002070994040876e-02,5.909508874623404379e-02
-3.830000000000000071e-01,4.481521301099007648e-02,4.434014565170156519e-02,5.909362696046380203e-02
-3.820000000000000062e-01,4.470338942980210672e-02,4.424027059346272162e-02,5.909216517469355334e-02
-3.810000000000000053e-01,4.459156584861413697e-02,4.414039553522387804e-02,5.909070338892330465e-02
-3.800000000000000044e-01,4.447974226742616027e-02,4.404052047698503447e-02,5.908924160315306290e-02
-3.790000000000000036e-01,4.436791868623819052e-02,4.394064541874619784e-02,5.908777981738281421e-02
-3.780000000000000027e-01,4.425609510505022076e-02,4.384077036050735426e-02,5.908631803161256552e-02
-3.770000000000000018e-01,4.414427152386225101e-02,4.374089530226851069e-02,5.908485624584232376e-02
-3.760000000000000009e-01,4.403244794267427431e-02,4.364102024402966712e-02,5.908339446007207507e-02
-3.750000000000000000e-01,4.392062436148630455e-02,4.354114518579083049e-02,5.908193267430182638e-02
-3.739999999999999991e-01,4.380880078029833480e-02,4.344127012755198691e-02,5.908047088853157769e-02
-3.729999999999999982e-01,4.369697719911036504e-02,4.334139506931314334e-02,5.907900910276133594e-02
-3.719999999999999973e-01,4.358515361792238835e-02,4.324152001107429977e-02,5.907754731699108725e-02
-3.709999999999999964e-01,4.347333003673441859e-02,4.314164495283546313e-02,5.907608553122083855e-02
-3.699999999999999956e-01,4.336150645554644883e-02,4.304176989459661956e-02,5.907462374545059680e-02
-3.689999999999999947e-01,4.325705397487039638e-02,4.294636019611369759e-02,5.907316195968034811e-02
-3.679999999999999938e-01,4.315272844051055989e-02,4.285102740079749922e-02,5.907170017391009942e-02
-3.669999999999999929e-01,4.304840290615072340e-02,4.275569460548130085e-02,5.907023838813985767e-02
-3.659999999999999920e-01,4.294407737179088691e-02,4.266036181016510248e-02,5.906877660236960897e-02
-3.649999999999999911e-01,4.283975183743105736e-02,4.256502901484891105e-02,5.906731481659936028e-02
-3.639999999999999902e-01,4.273542630307122087e-02,4.246969621953271268e-02,5.906585303082911159e-02
-3.629999999999999893e-01,4.263110076871138437e-02,4.237436342421651431e-02,5.906439124505886984e-02
-3.619999999999999885e-01,4.252677523435154788e-02,4.227903062890031594e-02,5.906292945928862115e-02
-3.609999999999999876e-01,4.242244969999171833e-02,4.218369783358411756e-02,5.906146767351837246e-02
-3.599999999999999867e-01,4.231804681517409294e-02,4.208816223454880934e-02,5.906003213576625777e-02
-3.589999999999999858e-01,4.220313024517056283e-02,4.198434463863230659e-02,5.905966850145481783e-02
-3.579999999999999849e-01,4.208821367516703271e-02,4.188052704271579690e-02,5.905930486714338484e-02
-3.569999999999999840e-01,4.197329710516349566e-02,4.177670944679928722e-02,5.905894123283194491e-02
-3.559999999999999831e-01,4.185838053515996554e-02,4.167289185088278447e-02,5.905857759852050498e-02
-3.549999999999999822e-01,4.174346396515643542e-02,4.156907425496627478e-02,5.905821396420907199e-02
-3.539999999999999813e-01,4.162854739515289837e-02,4.146525665904976510e-02,5.905785032989763206e-02
-3.529999999999999805e-01,4.151363082514936825e-02,4.136143906313326235e-02,5.905748669558619213e-02
-3.519999999999999796e-01,4.139871425514583814e-02,4.125762146721675266e-02,5.905712306127475220e-02
-3.509999999999999787e-01,4.128379768514230108e-02,4.115380387130024298e-02,5.905675942696331920e-02
-3.499999999999999778e-01,4.116888111513877097e-02,4.104998627538374023e-02,5.905639579265187927e-02
-3.489999999999999769e-01,4.106130546079683752e-02,4.095652731838272942e-02,5.907494799790954237e-02
-3.479999999999999760e-01,4.095386633313853608e-02,4.086326101181978615e-02,5.909385200081255368e-02
-3.469999999999999751e-01,4.084642720548023465e-02,4.076999470525684288e-02,5.911275600371556499e-02
-3.459999999999999742e-01,4.073898807782193321e-02,4.067672839869389961e-02,5.913166000661857630e-02
-3.449999999999999734e-01,4.063154895016363177e-02,4.058346209213096328e-02,5.915056400952158761e-02
-3.439999999999999725e-01,4.052410982250533728e-02,4.049019578556802001e-02,5.916946801242459891e-02
-3.430000000000000271e-01,4.041667069484704278e-02,4.039692947900508369e-02,5.918837201532761022e-02
-3.420000000000000262e-01,4.030923156718874134e-02,4.030366317244214042e-02,5.920727601823062153e-02
-3.410000000000000253e-01,4.020179243953043990e-02,4.021039686587920409e-02,5.922618002113363284e-02
-3.400000000000000244e-01,4.009435331187213847e-02,4.011713055931626082e-02,5.924508402403664414e-02
-3.390000000000000235e-01,3.998691418421384397e-02,4.002386425275331755e-02,5.926398802693965545e-02
-3.380000000000000226e-01,3.987947505655554253e-02,3.993059794619037428e-02,5.928289202984266676e-02
-3.370000000000000218e-01,3.977203592889724110e-02,3.983733163962743795e-02,5.930179603274567807e-02
-3.360000000000000209e-01,3.966459680123893966e-02,3.974406533306449468e-02,5.932070003564868937e-02
-3.350000000000000200e-01,3.955715767358064516e-02,3.965079902650155141e-02,5.933960403855170068e-02
-3.340000000000000191e-01,3.944971854592234373e-02,3.955753271993860815e-02,5.935850804145471893e-02
-3.330000000000000182e-01,3.934227941826404229e-02,3.946426641337567182e-02,5.937741204435773024e-02
-3.320000000000000173e-01,3.923484029060574085e-02,3.937100010681272855e-02,5.939631604726074154e-02
-3.310000000000000164e-01,3.912740116294743942e-02,3.927773380024978528e-02,5.941522005016375285e-02
-3.300000000000000155e-01,3.901996923848650989e-02,3.918445017862607488e-02,5.943412405306676416e-02
-3.290000000000000147e-01,3.891305933500976283e-02,3.908991172187824964e-02,5.945302805596977547e-02
-3.280000000000000138e-01,3.880614943153302271e-02,3.899537326513041746e-02,5.947193205887278677e-02
-3.270000000000000129e-01,3.869923952805627565e-02,3.890083480838259222e-02,5.949083606177579808e-02
-3.260000000000000120e-01,3.859232962457952859e-02,3.880629635163476004e-02,5.950974006467880939e-02
-3.250000000000000111e-01,3.848541972110278847e-02,3.871175789488693481e-02,5.952864406758182070e-02
-3.240000000000000102e-01,3.837850981762604141e-02,3.861721943813910263e-02,5.954754807048483201e-02
-3.230000000000000093e-01,3.827159991414929435e-02,3.852268098139127739e-02,5.956645207338784331e-02
-3.220000000000000084e-01,3.816469001067254729e-02,3.842814252464344521e-02,5.958535607629085462e-02
-3.210000000000000075e-01,3.805778010719580717e-02,3.833360406789561997e-02,5.960426007919386593e-02
-3.200000000000000067e-01,3.795087020371906011e-02,3.823906561114778779e-02,5.962316408209687724e-02
-3.190000000000000058e-01,3.784396030024231306e-02,3.814452715439996255e-02,5.964206808499988854e-02
-3.180000000000000049e-01,3.773705039676557293e-02,3.804998869765213038e-02,5.966097208790289985e-02
-3.170000000000000040e-01,3.763014049328882588e-02,3.795545024090430514e-02,5.967987609080591116e-02
-3.160000000000000031e-01,3.752323058981207882e-02,3.786091178415647296e-02,5.969878009370892247e-02
-3.150000000000000022e-01,3.741632068633533176e-02,3.776637332740864772e-02,5.971768409661193378e-02
-3.140000000000000013e-01,3.730941078285859164e-02,3.767183487066082248e-02,5.973658809951494508e-02
-3.130000000000000004e-01,3.720250087938184458e-02,3.757729641391299030e-02,5.975549210241795639e-02
-3.119999999999999996e-01,3.709559097590509752e-02,3.748275795716516506e-02,5.977439610532096770e-02
-3.109999999999999987e-01,3.698868107242835046e-02,3.738821950041733289e-02,5.979330010822397901e-02
-3.099999999999999978e-01,3.688177116895161034e-02,3.729368104366950765e-02,5.981220411112699031e-02
-3.089999999999999969e-01,3.677486126547486328e-02,3.719914258692167547e-02,5.982338370786392107e-02
-3.079999999999999960e-01,3.666795136199811622e-02,3.710460413017385023e-02,5.983452982436204826e-02
-3.069999999999999951e-01,3.656104145852137610e-02,3.701006567342601805e-02,5.984567594086016851e-02
-3.059999999999999942e-01,3.645413155504462904e-02,3.691552721667819281e-02,5.985682205735828876e-02
-3.049999999999999933e-01,3.634722165156788198e-02,3.682098875993036063e-02,5.986796817385640901e-02
-3.039999999999999925e-01,3.624031174809114186e-02,3.672645030318253540e-02,5.987911429035452926e-02
-3.029999999999999916e-01,3.613340184461439480e-02,3.663191184643470322e-02,5.989026040685264951e-02
-3.019999999999999907e-01,3.602649194113764775e-02,3.653737338968687798e-02,5.990140652335076976e-02
-3.009999999999999898e-01,3.591958203766090069e-02,3.644283493293904580e-02,5.991255263984889001e-02
-2.999999999999999889e-01,3.581267213418416057e-02,3.634829647619122056e-02,5.992372534069866086e-02
-2.989999999999999880e-01,3.570576223070741351e-02,3.625375801944338838e-02,5.994287946145679391e-02
-2.979999999999999871e-01,3.559885232723066645e-02,3.615921956269556314e-02,5.996203358221493390e-02
-2.969999999999999862e-01,3.549194242375391939e-02,3.606468110594773790e-02,5.998118770297307389e-02
-2.959999999999999853e-01,3.538503252027717927e-02,3.597014264919990573e-02,6.000034182373120695e-02
-2.949999999999999845e-01,3.527812261680043221e-02,3.587560419245208049e-02,6.001949594448934694e-02
-2.939999999999999836e-01,3.517121271332368515e-02,3.578106573570424831e-02,6.003865006524748693e-02
-2.929999999999999827e-01,3.506430280984694503e-02,3.568652727895642307e-02,6.005780418600561998e-02
-2.919999999999999818e-01,3.495739290637019797e-02,3.559198882220859089e-02,6.007695830676375998e-02
-2.909999999999999809e-01,3.485048300289345091e-02,3.549745036546076565e-02,6.009611242752189997e-02
-2.899999999999999800e-01,3.474357309941671079e-02,3.540291190871293348e-02,6.011526654828003302e-02
-2.889999999999999791e-01,3.463666319593996373e-02,3.530837345196510824e-02,6.012082540562962985e-02
-2.879999999999999782e-01,3.452975329246321667e-02,3.521383499521727606e-02,6.012630710226805203e-02
-2.869999999999999774e-01,3.442284338898646961e-02,3.511929653846945082e-02,6.013178879890647421e-02
-2.859999999999999765e-01,3.431593348550972949e-02,3.502475808172161864e-02,6.013727049554489640e-02
-2.849999999999999756e-01,3.420902358203298244e-02,3.493021962497379340e-02,6.014275219218331858e-02
-2.839999999999999747e-01,3.410211367855623538e-02,3.483568116822596122e-02,6.014823388882174077e-02
-2.829999999999999738e-01,3.399520377507948832e-02,3.474114271147813598e-02,6.015371558546016295e-02
-2.819999999999999729e-01,3.388829387160274820e-02,3.464660425473030381e-02,6.015919728209859207e-02
-2.810000000000000275e-01,3.378138396812600808e-02,3.455206579798248551e-02,6.016467897873701426e-02
-2.800000000000000266e-01,3.367447406464926102e-02,3.445752734123465333e-02,6.017016067537543644e-02
-2.790000000000000258e-01,3.356756416117251396e-02,3.436298888448682809e-02,6.017564237201385863e-02
-2.780000000000000249e-01,3.346065425769577384e-02,3.426845042773899591e-02,6.018112406865228081e-02
-2.770000000000000240e-01,3.335374435421902678e-02,3.417391197099117067e-02,6.018660576529070300e-02
-2.760000000000000231e-01,3.324683445074227972e-02,3.407937351424333849e-02,6.019208746192912518e-02
-2.750000000000000222e-01,3.313992454726553960e-02,3.398483505749551326e-02,6.019756915856754736e-02
-2.740000000000000213e-01,3.303301464378879254e-02,3.389029660074768108e-02,6.020305085520596955e-02
-2.730000000000000204e-01,3.292610474031204548e-02,3.379575814399985584e-02,6.020853255184439173e-02
-2.720000000000000195e-01,3.281919483683529842e-02,3.370121968725202366e-02,6.021401424848281392e-02
-2.710000000000000187e-01,3.271228493335855830e-02,3.360668123050419842e-02,6.021949594512123610e-02
-2.700000000000000178e-01,3.260537502988181124e-02,3.351214277375637318e-02,6.022482317773655836e-02
-2.690000000000000169e-01,3.249846512640506419e-02,3.341760431700854100e-02,6.021426032344145973e-02
-2.680000000000000160e-01,3.239155522292831713e-02,3.332306586026071576e-02,6.020369746914635417e-02
-2.670000000000000151e-01,3.228464531945157701e-02,3.322852740351288359e-02,6.019313461485125555e-02
-2.660000000000000142e-01,3.217773541597482995e-02,3.313398894676505835e-02,6.018257176055615693e-02
-2.650000000000000133e-01,3.207082551249808289e-02,3.303945049001722617e-02,6.017200890626105136e-02
-2.640000000000000124e-01,3.196391560902134277e-02,3.294491203326940093e-02,6.016144605196595274e-02
-2.630000000000000115e-01,3.185700570554459571e-02,3.285037357652156875e-02,6.015088319767084718e-02
-2.620000000000000107e-01,3.175009580206784865e-02,3.275583511977374351e-02,6.014032034337574856e-02
-2.610000000000000098e-01,3.164318589859110853e-02,3.266129666302591134e-02,6.012975748908064300e-02
-2.600000000000000089e-01,3.153627599511436147e-02,3.256675820627808610e-02,6.011919463478554437e-02
-2.590000000000000080e-01,3.142936609163761441e-02,3.246060740722687965e-02,6.008240424416113473e-02
-2.580000000000000071e-01,3.132245618816086735e-02,3.235426857308112969e-02,6.004518915909141247e-02
-2.570000000000000062e-01,3.121554628468412376e-02,3.224792973893537973e-02,6.000797407402168326e-02
-2.560000000000000053e-01,3.110863638120738017e-02,3.214159090478962977e-02,5.997075898895196100e-02
-2.550000000000000044e-01,3.100172647773063311e-02,3.203525207064388675e-02,5.993354390388223873e-02
-2.540000000000000036e-01,3.089481657425388952e-02,3.192891323649813679e-02,5.989632881881250953e-02
-2.530000000000000027e-01,3.078790667077714593e-02,3.182257440235238682e-02,5.985911373374278727e-02
-2.520000000000000018e-01,3.068099676730039888e-02,3.171623556820663686e-02,5.982189864867306500e-02
-2.510000000000000009e-01,3.057408686382365182e-02,3.160989673406088690e-02,5.978468356360333580e-02
-2.500000000000000000e-01,3.046717696034690823e-02,3.150363803908919763e-02,5.974746847853361353e-02
-2.489999999999999991e-01,3.036026705687016464e-02,3.140695533431005215e-02,5.971025339346389127e-02
-2.479999999999999982e-01,3.025335715339341758e-02,3.131027262953089974e-02,5.967303830839416900e-02
-2.469999999999999973e-01,3.014644724991667399e-02,3.121358992475174732e-02,5.963582322332443980e-02
-2.459999999999999964e-01,3.003953734643993040e-02,3.111690721997259837e-02,5.959860813825471754e-02
-2.449999999999999956e-01,2.993262744296318334e-02,3.102022451519344595e-02,5.956139305318499527e-02
-2.439999999999999947e-01,2.982571753948643628e-02,3.092354181041429353e-02,5.952417796811526607e-02
-2.429999999999999938e-01,2.971880763600969269e-02,3.082685910563514459e-02,5.948696288304554380e-02
-2.419999999999999929e-01,2.961189773253294910e-02,3.073017640085599217e-02,5.944974779797582154e-02
-2.409999999999999920e-01,2.950498782905620204e-02,3.063349369607684322e-02,5.941253271290609927e-02
-2.399999999999999911e-01,2.939807792557945845e-02,3.053681099129769080e-02,5.937499651016541619e-02
-2.389999999999999902e-01,2.929116802210271486e-02,3.044012828651854186e-02,5.931762928425240305e-02
-2.379999999999999893e-01,2.918425811862596780e-02,3.034344558173938944e-02,5.926026205833938298e-02
-2.369999999999999885e-01,2.907734821514922074e-02,3.024676287696024049e-02,5.920289483242636291e-02
-2.359999999999999876e-01,2.897043831167247716e-02,3.015008017218108807e-02,5.914552760651334284e-02
-2.349999999999999867e-01,2.886352840819573357e-02,3.005339746740193912e-02,5.908816038060032971e-02
-2.340000000000000135e-01,2.875661850471898998e-02,2.995671476262279018e-02,5.903079315468730964e-02
-2.330000000000000127e-01,2.864970860124224639e-02,2.986003205784363776e-02,5.897342592877429651e-02
-2.320000000000000118e-01,2.854279869776549933e-02,2.976334935306448881e-02,5.891605870286127644e-02
-2.310000000000000109e-01,2.843588879428875574e-02,2.966666664828533639e-02,5.885869147694825637e-02
-2.300000000000000100e-01,2.832897889081201215e-02,2.956998394350618745e-02,5.880132425103523630e-02
-2.290000000000000091e-01,2.822206898733526509e-02,2.946366975779147676e-02,5.871970004464808351e-02
-2.280000000000000082e-01,2.811515908385851803e-02,2.935726194657906074e-02,5.863784004151431639e-02
-2.270000000000000073e-01,2.800824918038177444e-02,2.925085413536664472e-02,5.855598003838054927e-02
-2.260000000000000064e-01,2.790133927690503085e-02,2.914444632415423217e-02,5.847412003524678215e-02
-2.250000000000000056e-01,2.779442937342828379e-02,2.903803851294181615e-02,5.839226003211301502e-02
-2.240000000000000047e-01,2.768751946995153673e-02,2.893163070172940360e-02,5.831040002897924096e-02
-2.230000000000000038e-01,2.758060956647479661e-02,2.882522289051698758e-02,5.822854002584547384e-02
-2.220000000000000029e-01,2.747369966299804955e-02,2.871881507930457156e-02,5.814668002271170671e-02
-2.210000000000000020e-01,2.736678975952130249e-02,2.861240726809215901e-02,5.806482001957793959e-02
-2.200000000000000011e-01,2.725987985604455890e-02,2.850599945687974299e-02,5.798296001644417247e-02
-2.190000000000000002e-01,2.715296995256781531e-02,2.839959164566733044e-02,5.787848746419624324e-02
-2.179999999999999993e-01,2.704606004909106826e-02,2.829318383445491442e-02,5.777396978162365609e-02
-2.169999999999999984e-01,2.693915014561432120e-02,2.818677602324250187e-02,5.766945209905106895e-02
-2.159999999999999976e-01,2.683224024213758108e-02,2.808036821203008584e-02,5.756493441647847487e-02
-2.149999999999999967e-01,2.672533033866083402e-02,2.797396040081766982e-02,5.746041673390588772e-02
-2.139999999999999958e-01,2.661842043518408696e-02,2.786755258960525727e-02,5.735589905133330058e-02
-2.129999999999999949e-01,2.651151053170734337e-02,2.776114477839284125e-02,5.725138136876071343e-02
-2.119999999999999940e-01,2.640460062823059978e-02,2.765473696718042870e-02,5.714686368618812629e-02
-2.109999999999999931e-01,2.629769072475385272e-02,2.754832915596801268e-02,5.704234600361553220e-02
-2.099999999999999922e-01,2.619078082127710566e-02,2.744192134475559666e-02,5.693767384570987827e-02
-2.089999999999999913e-01,2.608387091780036207e-02,2.733551353354318411e-02,5.680578404277530219e-02
-2.079999999999999905e-01,2.597696101432361848e-02,2.722910572233076809e-02,5.667389423984072611e-02
-2.069999999999999896e-01,2.587005111084687142e-02,2.712269791111835554e-02,5.654200443690615002e-02
-2.059999999999999887e-01,2.576314120737012783e-02,2.701629009990593952e-02,5.641011463397157394e-02
-2.049999999999999878e-01,2.565623130389338424e-02,2.690988228869352350e-02,5.627822483103700479e-02
-2.039999999999999869e-01,2.554932140041663718e-02,2.680347447748111095e-02,5.614633502810242871e-02
-2.030000000000000138e-01,2.544241149693989706e-02,2.669706666626869840e-02,5.601444522516785263e-02
-2.020000000000000129e-01,2.533550159346315001e-02,2.659065885505628585e-02,5.588255542223327654e-02
-2.010000000000000120e-01,2.522859168998640295e-02,2.648425104384386983e-02,5.575066561929870046e-02
-2.000000000000000111e-01,2.512168178650965936e-02,2.637784323263145381e-02,5.561877581636412438e-02
-1.990000000000000102e-01,2.501853456617896335e-02,2.626894726747614622e-02,5.547524987818051867e-02
-1.980000000000000093e-01,2.491539987851706245e-02,2.616004301482808755e-02,5.533168518259336949e-02
-1.970000000000000084e-01,2.481226519085516502e-02,2.605113876218003235e-02,5.518812048700621337e-02
-1.960000000000000075e-01,2.470913050319326412e-02,2.594223450953197715e-02,5.504455579141905724e-02
-1.950000000000000067e-01,2.460599581553136322e-02,2.583333025688392195e-02,5.490099109583190112e-02
-1.940000000000000058e-01,2.450286112786946580e-02,2.572442600423586676e-02,5.475742640024475194e-02
-1.930000000000000049e-01,2.439972644020756490e-02,2.561552175158781156e-02,5.461386170465759582e-02
-1.920000000000000040e-01,2.429659175254566400e-02,2.550661749893975636e-02,5.447029700907043970e-02
-1.910000000000000031e-01,2.419345706488376310e-02,2.539771324629170116e-02,5.432673231348329052e-02
-1.900000000000000022e-01,2.409032237722186567e-02,2.528880899364364596e-02,5.418316761789613439e-02
-1.890000000000000013e-01,2.398718768955996478e-02,2.517990474099559076e-02,5.402033000782192201e-02
-1.880000000000000004e-01,2.388405300189806388e-02,2.507100048834753209e-02,5.385725272516466572e-02
-1.869999999999999996e-01,2.378091831423616645e-02,2.496209623569947689e-02,5.369417544250741636e-02
-1.859999999999999987e-01,2.367778362657426555e-02,2.485319198305142169e-02,5.353109815985016007e-02
-1.849999999999999978e-01,2.357464893891236465e-02,2.474428773040336649e-02,5.336802087719291071e-02
-1.839999999999999969e-01,2.347151425125046723e-02,2.463538347775531129e-02,5.320494359453565442e-02
-1.829999999999999960e-01,2.336837956358856633e-02,2.452647922510725609e-02,5.304186631187840506e-02
-1.819999999999999951e-01,2.326524487592666543e-02,2.441757497245920089e-02,5.287878902922114877e-02
-1.809999999999999942e-01,2.316211018826476453e-02,2.430867071981114569e-02,5.271571174656389941e-02
-1.799999999999999933e-01,2.305897550060286710e-02,2.419976646716309049e-02,5.255237643523235497e-02
-1.789999999999999925e-01,2.295584081294096621e-02,2.409086221451503529e-02,5.236770860324570231e-02
-1.779999999999999916e-01,2.285270612527906531e-02,2.398195796186698009e-02,5.218304077125904272e-02
-1.769999999999999907e-01,2.274957143761716788e-02,2.387305370921892489e-02,5.199837293927239007e-02
-1.759999999999999898e-01,2.264643674995526698e-02,2.376414945657086622e-02,5.181370510728573048e-02
-1.749999999999999889e-01,2.254330206229336608e-02,2.365524520392281102e-02,5.162903727529907782e-02
-1.739999999999999880e-01,2.244016737463146866e-02,2.354634095127475582e-02,5.144436944331241823e-02
-1.729999999999999871e-01,2.233703268696956776e-02,2.343743669862670062e-02,5.125970161132576558e-02
-1.719999999999999862e-01,2.223389799930766686e-02,2.332853244597864542e-02,5.107503377933910599e-02
-1.710000000000000131e-01,2.213076331164576943e-02,2.321962819333059369e-02,5.089036594735245334e-02
-1.700000000000000122e-01,2.202762862398387200e-02,2.311072394068253849e-02,5.070569811536580068e-02
-1.690000000000000113e-01,2.192449393632197110e-02,2.299633519820786648e-02,5.049518457266750221e-02
-1.680000000000000104e-01,2.182135924866007021e-02,2.288187077704609274e-02,5.028431439343312298e-02
-1.670000000000000095e-01,2.171822456099817278e-02,2.276740635588431899e-02,5.007344421419875069e-02
-1.660000000000000087e-01,2.161508987333627188e-02,2.265294193472254525e-02,4.986257403496437146e-02
-1.650000000000000078e-01,2.151195518567437098e-02,2.253847751356077497e-02,4.965170385572999917e-02
-1.640000000000000069e-01,2.140882049801247355e-02,2.242401309239900123e-02,4.944083367649561994e-02
-1.630000000000000060e-01,2.130568581035057266e-02,2.230954867123722749e-02,4.922996349726124765e-02
-1.620000000000000051e-01,2.120255112268867176e-02,2.219508425007545374e-02,4.901909331802686842e-02
-1.610000000000000042e-01,2.109941643502677433e-02,2.208061982891368000e-02,4.880822313879248919e-02
-1.600000000000000033e-01,2.099628174736487343e-02,2.196615540775190625e-02,4.859735295955811690e-02
-1.590000000000000024e-01,2.089314705970297253e-02,2.185169098659013251e-02,4.838648278032373767e-02
-1.580000000000000016e-01,2.079001237204107511e-02,2.173722656542835877e-02,4.817561260108936538e-02
-1.570000000000000007e-01,2.068687768437917421e-02,2.162276214426658502e-02,4.796474242185498615e-02
-1.559999999999999998e-01,2.058374299671727331e-02,2.150829772310481128e-02,4.775387224262061386e-02
-1.549999999999999989e-01,2.048060830905537241e-02,2.139383330194303753e-02,4.754300206338623463e-02
-1.539999999999999980e-01,2.037747362139347151e-02,2.127936888078126379e-02,4.733213188415185541e-02
-1.529999999999999971e-01,2.027433893373157409e-02,2.116490445961949005e-02,4.712126170491748312e-02
-1.519999999999999962e-01,2.017120424606967319e-02,2.105044003845771630e-02,4.691039152568310389e-02
-1.509999999999999953e-01,2.006806955840777229e-02,2.093597561729594256e-02,4.669952134644873160e-02
-1.499999999999999944e-01,1.996493487074587486e-02,2.082151119613417228e-02,4.648865116721435237e-02
-1.489999999999999936e-01,1.986180018308397396e-02,2.070704677497239854e-02,4.626464892638024878e-02
-1.479999999999999927e-01,1.975866549542207307e-02,2.059258235381062480e-02,4.604044753386879463e-02
-1.469999999999999918e-01,1.965553080776017564e-02,2.047811793264885105e-02,4.581624614135734047e-02
-1.459999999999999909e-01,1.955239612009827474e-02,2.036365351148707731e-02,4.559204474884588632e-02
-1.449999999999999900e-01,1.944926143243637384e-02,2.024918909032530356e-02,4.536784335633443216e-02
-1.439999999999999891e-01,1.934612674477447641e-02,2.013472466916352982e-02,4.514364196382297800e-02
-1.429999999999999882e-01,1.924299205711257552e-02,2.002026024800175608e-02,4.491944057131152385e-02
-1.419999999999999873e-01,1.913985736945067462e-02,1.990579582683998233e-02,4.469523917880006969e-02
-1.409999999999999865e-01,1.903672268178877719e-02,1.979133140567820859e-02,4.447103778628861553e-02
-1.400000000000000133e-01,1.893358799412687976e-02,1.967686698451643831e-02,4.424683639377716832e-02
-1.390000000000000124e-01,1.883045330646497886e-02,1.956240256335466457e-02,4.402263500126571416e-02
-1.380000000000000115e-01,1.872731861880307797e-02,1.944793814219289083e-02,4.379843360875426000e-02
-1.370000000000000107e-01,1.862418393114118054e-02,1.933347372103111708e-02,4.357423221624280585e-02
-1.360000000000000098e-01,1.852104924347927964e-02,1.921900929986934334e-02,4.335003082373135169e-02
-1.350000000000000089e-01,1.841791455581737874e-02,1.910454487870756959e-02,4.312582943121989754e-02
-1.340000000000000080e-01,1.831477986815548131e-02,1.899008045754579585e-02,4.290162803870844338e-02
-1.330000000000000071e-01,1.821164518049358041e-02,1.887561603638402211e-02,4.267742664619698922e-02
-1.320000000000000062e-01,1.810851049283167952e-02,1.876115161522225183e-02,4.245322525368554201e-02
-1.310000000000000053e-01,1.800537580516978209e-02,1.864668719406047809e-02,4.222902386117408091e-02
-1.300000000000000044e-01,1.790224111750788119e-02,1.853222277289870434e-02,4.200481783829859012e-02
-1.290000000000000036e-01,1.779910642984598029e-02,1.841775835173693060e-02,4.176666839994987862e-02
-1.280000000000000027e-01,1.769597174218408286e-02,1.830329393057515686e-02,4.152851896160116019e-02
-1.270000000000000018e-01,1.759283705452218197e-02,1.818882950941338311e-02,4.129036952325244869e-02
-1.260000000000000009e-01,1.748970236686028107e-02,1.807436508825160937e-02,4.105222008490373720e-02
-1.250000000000000000e-01,1.738656767919838017e-02,1.795990066708983562e-02,4.081407064655502570e-02
-1.239999999999999991e-01,1.728343299153647927e-02,1.784543624592806188e-02,4.057592120820631421e-02
-1.229999999999999982e-01,1.718029830387458184e-02,1.773097182476628814e-02,4.033777176985759577e-02
-1.219999999999999973e-01,1.707716361621268095e-02,1.761650740360451439e-02,4.009962233150888428e-02
-1.209999999999999964e-01,1.697402892855078005e-02,1.750204298244274065e-02,3.986147289316017278e-02
-1.199999999999999956e-01,1.687089424088888262e-02,1.738757856128096690e-02,3.962332345481146129e-02
-1.189999999999999947e-01,1.676775955322698172e-02,1.727311414011919316e-02,3.938517401646274979e-02
-1.179999999999999938e-01,1.666462486556508082e-02,1.715864971895741942e-02,3.914702457811403136e-02
-1.170000000000000068e-01,1.656149017790318340e-02,1.704418529779564914e-02,3.890887513976532680e-02
-1.160000000000000059e-01,1.645835549024128597e-02,1.692972087663387540e-02,3.867072570141660837e-02
-1.150000000000000050e-01,1.635522080257938507e-02,1.681525645547210165e-02,3.843257626306789687e-02
-1.140000000000000041e-01,1.625208611491748417e-02,1.670079203431032791e-02,3.819442682471918538e-02
-1.130000000000000032e-01,1.614895142725558674e-02,1.658632761314855417e-02,3.795627738637047388e-02
-1.120000000000000023e-01,1.604581673959368238e-02,1.647186319198678042e-02,3.771812794802176239e-02
-1.110000000000000014e-01,1.594268205193178495e-02,1.635739877082500668e-02,3.747997850967305089e-02
-1.100000000000000006e-01,1.583954736426988752e-02,1.624293434966323293e-02,3.724182907132433246e-02
-1.089999999999999997e-01,1.573641267660798315e-02,1.612846992850145919e-02,3.700367963297562096e-02
-1.079999999999999988e-01,1.563327798894608572e-02,1.601400550733968545e-02,3.676553019462690947e-02
-1.069999999999999979e-01,1.553014330128418483e-02,1.589954108617791170e-02,3.652738075627819797e-02
-1.059999999999999970e-01,1.542700861362228566e-02,1.578507666501614143e-02,3.628923131792947954e-02
-1.049999999999999961e-01,1.532387392596038650e-02,1.567061224385436768e-02,3.605108187958076804e-02
-1.039999999999999952e-01,1.522073923829848560e-02,1.555614782269259221e-02,3.581293244123205655e-02
-1.029999999999999943e-01,1.511760455063658644e-02,1.544168340153081846e-02,3.557478300288334505e-02
-1.019999999999999934e-01,1.501446986297468554e-02,1.532721898036904645e-02,3.533663356453463356e-02
-1.010000000000000064e-01,1.491133517531278811e-02,1.521275455920727271e-02,3.509848412618592206e-02
-1.000000000000000056e-01,1.480820048765088895e-02,1.509829013804549896e-02,3.486033468783721057e-02
-9.900000000000000466e-02,1.470990115643395525e-02,1.498382571688372696e-02,3.462218524948849907e-02
-9.800000000000000377e-02,1.461165046576070811e-02,1.486936129572195321e-02,3.438403581113978064e-02
-9.700000000000000289e-02,1.451339977508746097e-02,1.475489687456017947e-02,3.414588637279106914e-02
-9.600000000000000200e-02,1.441514908441421383e-02,1.464043245339840572e-02,3.390773693444235765e-02
-9.500000000000000111e-02,1.431689839374096496e-02,1.452596803223663198e-02,3.366958749609364615e-02
-9.400000000000000022e-02,1.421864770306771782e-02,1.441150361107485824e-02,3.343143805774492772e-02
-9.299999999999999933e-02,1.412039701239447068e-02,1.429703918991308449e-02,3.319328861939621622e-02
-9.199999999999999845e-02,1.402214632172122180e-02,1.418257476875131075e-02,3.295513918104750473e-02
-9.099999999999999756e-02,1.392389563104797466e-02,1.406811034758953700e-02,3.271698974269879323e-02
-8.999999999999999667e-02,1.382564494037472752e-02,1.395364592642776499e-02,3.247884030435008174e-02
-8.899999999999999578e-02,1.372739424970148038e-02,1.383918150526599125e-02,3.224069086600137024e-02
-8.799999999999999489e-02,1.362914355902823151e-02,1.372471708410421751e-02,3.200254142765265181e-02
-8.699999999999999400e-02,1.353089286835498437e-02,1.361025266294244376e-02,3.176439198930394031e-02
-8.599999999999999312e-02,1.343264217768173723e-02,1.349578824178067002e-02,3.152624255095522882e-02
-8.500000000000000611e-02,1.333439148700849008e-02,1.338132382061889801e-02,3.128809311260651732e-02
-8.400000000000000522e-02,1.323614079633524294e-02,1.326685939945712427e-02,3.104994367425780583e-02
-8.300000000000000433e-02,1.313789010566199580e-02,1.315239497829535052e-02,3.081179423590909433e-02
-8.200000000000000344e-02,1.303963941498874693e-02,1.303793055713357678e-02,3.057364479756038284e-02
-8.100000000000000255e-02,1.294138872431549979e-02,1.292346613597180477e-02,3.033549535921166787e-02
-8.000000000000000167e-02,1.284313803364225265e-02,1.280900171481003103e-02,3.009734592086295291e-02
-7.900000000000000078e-02,1.274488734296900551e-02,1.269453729364825728e-02,2.985919648251424141e-02
-7.799999999999999989e-02,1.264663665229575837e-02,1.258007287248648354e-02,2.962104704416552992e-02
-7.699999999999999900e-02,1.254838596162250949e-02,1.246560845132470979e-02,2.938289760581681842e-02
-7.599999999999999811e-02,1.245013527094926235e-02,1.235114403016293605e-02,2.914474816746810346e-02
-7.499999999999999722e-02,1.235188458027601521e-02,1.223667960900116231e-02,2.890659872911938849e-02
-7.399999999999999634e-02,1.225363388960276634e-02,1.212221518783938856e-02,2.866844929077067700e-02
-7.299999999999999545e-02,1.215538319892951920e-02,1.200775076667761482e-02,2.843029985242196550e-02
-7.199999999999999456e-02,1.205713250825627206e-02,1.189328634551584281e-02,2.819215041407325401e-02
-7.099999999999999367e-02,1.195888181758302318e-02,1.177882192435406906e-02,2.795400097572453904e-02
-7.000000000000000666e-02,1.186063112690977778e-02,1.166435750319229706e-02,2.771585153737583102e-02
-6.900000000000000577e-02,1.176935538639242371e-02,1.154989308203052331e-02,2.747770209902711605e-02
-6.800000000000000488e-02,1.167810520961472774e-02,1.143542866086874957e-02,2.723955266067840109e-02
-6.700000000000000400e-02,1.158685503283703178e-02,1.132096423970697582e-02,2.700140322232968959e-02
-6.600000000000000311e-02,1.149560485605933581e-02,1.120649981854520208e-02,2.676325378398097810e-02
-6.500000000000000222e-02,1.140435467928163984e-02,1.109203539738342834e-02,2.652510434563226660e-02
-6.400000000000000133e-02,1.131310450250394388e-02,1.097757097622165459e-02,2.628695490728355164e-02
-6.300000000000000044e-02,1.122185432572624791e-02,1.086310655505988258e-02,2.604880546893484014e-02
-6.199999999999999956e-02,1.113060414894855368e-02,1.074864213389810884e-02,2.581065603058612518e-02
-6.099999999999999867e-02,1.103935397217085772e-02,1.063417771273633509e-02,2.557250659223741368e-02
-5.999999999999999778e-02,1.094810379539316175e-02,1.051971329157456135e-02,2.533435715388869872e-02
-5.899999999999999689e-02,1.085685361861546579e-02,1.041461908599326629e-02,2.510931827422195964e-02
-5.800000000000000294e-02,1.076560344183776982e-02,1.030964459536748770e-02,2.488444689656581221e-02
-5.700000000000000205e-02,1.067435326506007559e-02,1.020467010474171085e-02,2.465957551890966479e-02
-5.600000000000000117e-02,1.058310308828237789e-02,1.009969561411593227e-02,2.443470414125351389e-02
-5.500000000000000028e-02,1.049185291150468366e-02,9.994721123490153680e-03,2.420983276359736647e-02
-5.399999999999999939e-02,1.040060273472698769e-02,9.889746632864375095e-03,2.398496138594121904e-02
-5.299999999999999850e-02,1.030935255794929173e-02,9.784772142238596510e-03,2.376009000828506815e-02
-5.199999999999999761e-02,1.021810238117159576e-02,9.679797651612817924e-03,2.353521863062892072e-02
-5.099999999999999672e-02,1.012685220439389980e-02,9.574823160987039339e-03,2.331034725297277330e-02
-5.000000000000000278e-02,1.003560202761620557e-02,9.469848670361260753e-03,2.308547587531662587e-02
-4.900000000000000189e-02,9.944351850838509602e-03,9.364874179735482168e-03,2.286060449766047498e-02
-4.800000000000000100e-02,9.853101674060813636e-03,9.259899689109705317e-03,2.263573312000432755e-02
-4.700000000000000011e-02,9.761851497283117671e-03,9.154925198483926732e-03,2.241086174234818013e-02
-4.599999999999999922e-02,9.670601320505421705e-03,9.049950707858148147e-03,2.218599036469202923e-02
-4.499999999999999833e-02,9.579351143727725740e-03,8.944976217232369561e-03,2.196111898703588181e-02
-4.399999999999999745e-02,9.488100966950029774e-03,8.840001726606590976e-03,2.173624760937973438e-02
-4.299999999999999656e-02,9.396850790172333809e-03,8.735027235980812391e-03,2.151137623172358695e-02
-4.200000000000000261e-02,9.305600613394639578e-03,8.630052745355033805e-03,2.128650485406743953e-02
-4.100000000000000172e-02,9.214350436616943613e-03,8.525078254729256955e-03,2.106163347641128863e-02
-4.000000000000000083e-02,9.123139924559866762e-03,8.420136239291355768e-03,2.083676209875514121e-02
-3.899999999999999994e-02,9.046825002551240127e-03,8.327389874744978854e-03,2.061189072109899378e-02
-3.799999999999999906e-02,8.970510080542613493e-03,8.234643510198603675e-03,2.038701934344284289e-02
-3.699999999999999817e-02,8.894195158533986859e-03,8.141897145652226761e-03,2.016214796578669546e-02
-3.599999999999999728e-02,8.817880236525360224e-03,8.049150781105849847e-03,1.993727658813054804e-02
-3.500000000000000333e-02,8.741565314516733590e-03,7.956404416559474668e-03,1.971240521047440061e-02
-3.400000000000000244e-02,8.665250392508106955e-03,7.863658052013097755e-03,1.948753383281825319e-02
-3.300000000000000155e-02,8.588935470499480321e-03,7.770911687466721708e-03,1.926266245516210229e-02
-3.200000000000000067e-02,8.512620548490853686e-03,7.678165322920345662e-03,1.903779107750595487e-02
-3.099999999999999978e-02,8.436305626482227052e-03,7.585418958373969615e-03,1.881291969984980744e-02
-2.999999999999999889e-02,8.359990704473600417e-03,7.492672593827593569e-03,1.858822800150808710e-02
-2.900000000000000147e-02,8.283675782464973783e-03,7.399926229281216655e-03,1.838081623672714257e-02
-2.800000000000000058e-02,8.207360860456347149e-03,7.307179864734840609e-03,1.817340447194619804e-02
-2.699999999999999969e-02,8.131045938447720514e-03,7.214433500188464563e-03,1.796599270716525351e-02
-2.599999999999999881e-02,8.054731016439093880e-03,7.121687135642088516e-03,1.775858094238430898e-02
-2.500000000000000139e-02,7.978416094430467245e-03,7.028940771095712470e-03,1.755116917760336792e-02
-2.400000000000000050e-02,7.902101172421840611e-03,6.936194406549335556e-03,1.734375741282242339e-02
-2.299999999999999961e-02,7.825786250413213976e-03,6.843448042002959510e-03,1.713634564804147886e-02
-2.199999999999999872e-02,7.749471328404586475e-03,6.750701677456583463e-03,1.692893388326053433e-02
-2.100000000000000130e-02,7.673156406395959840e-03,6.657955312910207417e-03,1.672152211847958980e-02
-2.000000000000000042e-02,7.596869425298960130e-03,6.565234242796144822e-03,1.651411035369864874e-02
-1.899999999999999953e-02,7.541596105396917993e-03,6.491536482926756751e-03,1.630669858891770421e-02
-1.799999999999999864e-02,7.486322785494875856e-03,6.417838723057369549e-03,1.609928682413675968e-02
-1.700000000000000122e-02,7.431049465592833719e-03,6.344140963187982346e-03,1.589187505935581515e-02
-1.600000000000000033e-02,7.375776145690791583e-03,6.270443203318594276e-03,1.568446329457487409e-02
-1.499999999999999944e-02,7.320502825788750313e-03,6.196745443449207073e-03,1.547705152979392783e-02
-1.400000000000000029e-02,7.265229505886708176e-03,6.123047683579819003e-03,1.526963976501298503e-02
-1.299999999999999940e-02,7.209956185984666040e-03,6.049349923710431801e-03,1.506222800023204050e-02
-1.200000000000000025e-02,7.154682866082623903e-03,5.975652163841043731e-03,1.485481623545109597e-02
-1.099999999999999936e-02,7.099409546180581766e-03,5.901954403971656528e-03,1.464740447067015318e-02
-1.000000000000000021e-02,7.044136226278539629e-03,5.828256644102268458e-03,1.443999270588921038e-02
-8.999999999999999320e-03,7.023768107515602870e-03,5.791246994307147795e-03,1.427376316048182756e-02
-8.000000000000000167e-03,7.003668553174718057e-03,5.754519626829719681e-03,1.410785047555891680e-02
-7.000000000000000146e-03,6.983568998833833245e-03,5.717792259352291566e-03,1.394193779063600779e-02
-6.000000000000000125e-03,6.963469444492947566e-03,5.681064891874864319e-03,1.377602510571309877e-02
-5.000000000000000104e-03,6.943369890152062754e-03,5.644337524397436204e-03,1.361011242079018801e-02
-4.000000000000000083e-03,6.923270335811177074e-03,5.607610156920008089e-03,1.344419973586727900e-02
-3.000000000000000062e-03,6.903170781470292262e-03,5.570882789442579974e-03,1.327828705094436998e-02
-2.000000000000000042e-03,6.883071227129406583e-03,5.534155421965151860e-03,1.311237436602145923e-02
-1.000000000000000021e-03,6.862971672788521771e-03,5.497428054487724612e-03,1.294646168109855021e-02
-0.000000000000000000e+00,6.842872118447636959e-03,5.460700687010296497e-03,1.278054899617564119e-02
1.000000000000000021e-03,6.864032861380228376e-03,5.467267814127142918e-03,1.265996924549799008e-02
2.000000000000000042e-03,6.885193604313040970e-03,5.473834941244220056e-03,1.253938949482058009e-02
3.000000000000000062e-03,6.906354347245852697e-03,5.480402068361298062e-03,1.241880974414317010e-02
4.000000000000000083e-03,6.927515090178664424e-03,5.486969195478375201e-03,1.229822999346576184e-02
5.000000000000000104e-03,6.948675833111477018e-03,5.493536322595453207e-03,1.217765024278835186e-02
6.000000000000000125e-03,6.969836576044288745e-03,5.500103449712530346e-03,1.205707049211094360e-02
7.000000000000000146e-03,6.990997318977100472e-03,5.506670576829608352e-03,1.193649074143353361e-02
8.000000000000000167e-03,7.012158061909913066e-03,5.513237703946685490e-03,1.181591099075612362e-02
8.999999999999999320e-03,7.033318804842724793e-03,5.519804831063762629e-03,1.169533124007871537e-02
1.000000000000000021e-02,7.054479547775537387e-03,5.526371958180840635e-03,1.157475148940130538e-02
1.099999999999999936e-02,7.110531818817366137e-03,5.569276894364864894e-03,1.149575231626321671e-02
1.200000000000000025e-02,7.166899659905587652e-03,5.612510481218934734e-03,1.141712921105602664e-02
1.299999999999999940e-02,7.223267500993809168e-03,5.655744068073004574e-03,1.133850610584883657e-02
1.400000000000000029e-02,7.279635342082031550e-03,5.698977654927074414e-03,1.125988300064164477e-02
1.499999999999999944e-02,7.336003183170253066e-03,5.742211241781144254e-03,1.118125989543445470e-02
1.600000000000000033e-02,7.392371024258475448e-03,5.785444828635213227e-03,1.110263679022726463e-02
1.700000000000000122e-02,7.448738865346696963e-03,5.828678415489283067e-03,1.102401368502007283e-02
1.799999999999999864e-02,7.505106706434918479e-03,5.871912002343352907e-03,1.094539057981288276e-02
1.899999999999999953e-02,7.561474547523140861e-03,5.915145589197422747e-03,1.086676747460569095e-02
2.000000000000000042e-02,7.617842388611362377e-03,5.958379176051492587e-03,1.078814436939850088e-02
2.100000000000000130e-02,7.695207834720638011e-03,6.019628055395627279e-03,1.073613069963227917e-02
2.199999999999999872e-02,7.772956565375587629e-03,6.081205780967239780e-03,1.068460275123110995e-02
2.299999999999999961e-02,7.850705296030536379e-03,6.142783506538852280e-03,1.063307480282993898e-02
2.400000000000000050e-02,7.928454026685486863e-03,6.204361232110463913e-03,1.058154685442876802e-02
2.500000000000000139e-02,8.006202757340435613e-03,6.265938957682076413e-03,1.053001890602759880e-02
2.599999999999999881e-02,8.083951487995384363e-03,6.327516683253688046e-03,1.047849095762642783e-02
2.699999999999999969e-02,8.161700218650334848e-03,6.389094408825300546e-03,1.042696300922525687e-02
2.800000000000000058e-02,8.239448949305283598e-03,6.450672134396913046e-03,1.037543506082408591e-02
2.900000000000000147e-02,8.317197679960232348e-03,6.512249859968524679e-03,1.032390711242291668e-02
2.999999999999999889e-02,8.394946410615181098e-03,6.573827585540137179e-03,1.027237916402174572e-02
3.099999999999999978e-02,8.472695141270131583e-03,6.644809136248438532e-03,1.024020139426723951e-02
3.200000000000000067e-02,8.550443871925080333e-03,6.715888469326642372e-03,1.020822483054311010e-02
3.300000000000000155e-02,8.628192602580030818e-03,6.786967802404845346e-03,1.017624826681898069e-02
3.400000000000000244e-02,8.705941333234979568e-03,6.858047135483049186e-03,1.014427170309484955e-02
3.500000000000000333e-02,8.783690063889928318e-03,6.929126468561253027e-03,1.011229513937072014e-02
3.599999999999999728e-02,8.861438794544877068e-03,7.000205801639456001e-03,1.008031857564659073e-02
3.699999999999999817e-02,8.939187525199827553e-03,7.071285134717659841e-03,1.004834201192245959e-02
3.799999999999999906e-02,9.016936255854776303e-03,7.142364467795862815e-03,1.001636544819833018e-02
3.899999999999999994e-02,9.094684986509725053e-03,7.213443800874066655e-03,9.984388884474200768e-03
4.000000000000000083e-02,9.172433717164675537e-03,7.284523133952270496e-03,9.952412320750069624e-03
4.100000000000000172e-02,9.265590832809597957e-03,7.371183811667661803e-03,9.944335479565750285e-03
4.200000000000000261e-02,9.358788978671270589e-03,7.457885980165369910e-03,9.936322279755677861e-03
4.299999999999999656e-02,9.451987124532941487e-03,7.544588148663077150e-03,9.928309079945605437e-03
4.399999999999999745e-02,9.545185270394612384e-03,7.631290317160785257e-03,9.920295880135533012e-03
4.499999999999999833e-02,9.638383416256283281e-03,7.717992485658493364e-03,9.912282680325458853e-03
4.599999999999999922e-02,9.731581562117955914e-03,7.804694654156202338e-03,9.904269480515386428e-03
4.700000000000000011e-02,9.824779707979626811e-03,7.891396822653910445e-03,9.896256280705314004e-03
4.800000000000000100e-02,9.917977853841297708e-03,7.978098991151618552e-03,9.888243080895241580e-03
4.900000000000000189e-02,1.001117599970296861e-02,8.064801159649326659e-03,9.880229881085169155e-03
5.000000000000000278e-02,1.010437414556464124e-02,8.151503328147034766e-03,9.872216681275096731e-03
5.099999999999999672e-02,1.019757229142631214e-02,8.238205496644742873e-03,9.879473249614710573e-03
5.199999999999999761e-02,1.029077043728798303e-02,8.324907665142450980e-03,9.887173206159484418e-03
5.299999999999999850e-02,1.038396858314965393e-02,8.411609833640159087e-03,9.894873162704256528e-03
5.399999999999999939e-02,1.047716672901132656e-02,8.498312002137867194e-03,9.902573119249030373e-03
5.500000000000000028e-02,1.057036487487299746e-02,8.585014170635575301e-03,9.910273075793804218e-03
5.600000000000000117e-02,1.066356302073466836e-02,8.671716339133283408e-03,9.917973032338578063e-03
5.700000000000000205e-02,1.075676116659634099e-02,8.758418507630991515e-03,9.925672988883351908e-03
5.800000000000000294e-02,1.084995931245801189e-02,8.845120676128699622e-03,9.933372945428125753e-03
5.899999999999999689e-02,1.094315745831968278e-02,8.931822844626407729e-03,9.941072901972899598e-03
5.999999999999999778e-02,1.103635560418135368e-02,9.018620891712694765e-03,9.948967979031947059e-03
6.099999999999999867e-02,1.112955375004302458e-02,9.112923456854868376e-03,9.972135344139406235e-03
6.199999999999999956e-02,1.122275189590469721e-02,9.207226021997043722e-03,9.995302709246863676e-03
6.300000000000000044e-02,1.131595004176636811e-02,9.301528587139219068e-03,1.001847007435432285e-02
6.400000000000000133e-02,1.140914818762803901e-02,9.395831152281394413e-03,1.004163743946178203e-02
6.500000000000000222e-02,1.150234633348971164e-02,9.490133717423568024e-03,1.006480480456923947e-02
6.600000000000000311e-02,1.159554447935138254e-02,9.584436282565743370e-03,1.008797216967669864e-02
6.700000000000000400e-02,1.168874262521305343e-02,9.678738847707918716e-03,1.011113953478415609e-02
6.800000000000000488e-02,1.178194077107472607e-02,9.773041412850094062e-03,1.013430689989161526e-02
6.900000000000000577e-02,1.187513891693639696e-02,9.867343977992269408e-03,1.015747426499907444e-02
7.000000000000000666e-02,1.196837085901799810e-02,9.961646543134443019e-03,1.018071737027462058e-02
7.099999999999999367e-02,1.207082394610055343e-02,1.005594910827661836e-02,1.022462583616714528e-02
7.199999999999999456e-02,1.217327703318311222e-02,1.015025167341879198e-02,1.026853430205967171e-02
7.299999999999999545e-02,1.227573012026566927e-02,1.024455423856096732e-02,1.031244276795219815e-02
7.399999999999999634e-02,1.237818320734822633e-02,1.033885680370314267e-02,1.035635123384472459e-02
7.499999999999999722e-02,1.248063629443078512e-02,1.043315936884531801e-02,1.040025969973724929e-02
7.599999999999999811e-02,1.258308938151334218e-02,1.052746193398749162e-02,1.044416816562977572e-02
7.699999999999999900e-02,1.268554246859590097e-02,1.062176449912966697e-02,1.048807663152230216e-02
7.799999999999999989e-02,1.278799555567845803e-02,1.071606706427184232e-02,1.053198509741482686e-02
7.900000000000000078e-02,1.289044864276101508e-02,1.081036962941401766e-02,1.057589356330735329e-02
8.000000000000000167e-02,1.299290172984357387e-02,1.090467219455619301e-02,1.061980202919987973e-02
8.100000000000000255e-02,1.309535481692613093e-02,1.099897475969836835e-02,1.066371049509240443e-02
8.200000000000000344e-02,1.319780790400868972e-02,1.109327732484054196e-02,1.070761896098493086e-02
8.300000000000000433e-02,1.330026099109124678e-02,1.118757988998271731e-02,1.075152742687745730e-02
8.400000000000000522e-02,1.340271407817380384e-02,1.128188245512489266e-02,1.079543589276998374e-02
8.500000000000000611e-02,1.350516716525636263e-02,1.137618502026706627e-02,1.083934435866250844e-02
8.599999999999999312e-02,1.360762025233891795e-02,1.147048758540923988e-02,1.088325282455503487e-02
8.699999999999999400e-02,1.371007333942147674e-02,1.156479015055141696e-02,1.092716129044755957e-02
8.799999999999999489e-02,1.381252642650403380e-02,1.165909271569359057e-02,1.097106975634008601e-02
8.899999999999999578e-02,1.391497951358659259e-02,1.175339528083576592e-02,1.101497822223261244e-02
8.999999999999999667e-02,1.401743260066914964e-02,1.184771713975822996e-02,1.105893259765653586e-02
9.099999999999999756e-02,1.411988568775170844e-02,1.195032236982724455e-02,1.112259724665261990e-02
9.199999999999999845e-02,1.422233877483426549e-02,1.205292759989626088e-02,1.118626189564870393e-02
9.299999999999999933e-02,1.432479186191682255e-02,1.215553282996527720e-02,1.124992654464478797e-02
9.400000000000000022e-02,1.442724494899938134e-02,1.225813806003429179e-02,1.131359119364087201e-02
9.500000000000000111e-02,1.452969803608193840e-02,1.236074329010330812e-02,1.137725584263695605e-02
9.600000000000000200e-02,1.463215112316449545e-02,1.246334852017232271e-02,1.144092049163304009e-02
9.700000000000000289e-02,1.473460421024705425e-02,1.256595375024133904e-02,1.150458514062912239e-02
9.800000000000000377e-02,1.483705729732961130e-02,1.266855898031035363e-02,1.156824978962520643e-02
9.900000000000000466e-02,1.493951038441216836e-02,1.277116421037936995e-02,1.163191443862129047e-02
1.000000000000000056e-01,1.504196347149472715e-02,1.287376944044838628e-02,1.169557908761737451e-02
1.010000000000000064e-01,1.514441655857728421e-02,1.297637467051740087e-02,1.177743216053774022e-02
1.019999999999999934e-01,1.524686964565984126e-02,1.307897990058641546e-02,1.185940680164269435e-02
1.029999999999999943e-01,1.534932273274239832e-02,1.318158513065543005e-02,1.194138144274765022e-02
1.039999999999999952e-01,1.545177581982495711e-02,1.328419036072444638e-02,1.202335608385260608e-02
1.049999999999999961e-01,1.555422890690751417e-02,1.338679559079346271e-02,1.210533072495756195e-02
1.059999999999999970e-01,1.565668199399007296e-02,1.348940082086247730e-02,1.218730536606251781e-02
1.069999999999999979e-01,1.575913508107262828e-02,1.359200605093149362e-02,1.226928000716747368e-02
1.079999999999999988e-01,1.586158816815518707e-02,1.369461128100050822e-02,1.235125464827242954e-02
1.089999999999999997e-01,1.596404125523774586e-02,1.379721651106952454e-02,1.243322928937738540e-02
1.100000000000000006e-01,1.606649434232030466e-02,1.389982174113853913e-02,1.251520393048234127e-02
1.110000000000000014e-01,1.616894742940285998e-02,1.400242697120755546e-02,1.259717857158729713e-02
1.120000000000000023e-01,1.627140051648541877e-02,1.410503220127657178e-02,1.267915321269225300e-02
1.130000000000000032e-01,1.637385360356797756e-02,1.420763743134558638e-02,1.276112785379721060e-02
1.140000000000000041e-01,1.647630669065053288e-02,1.431024266141460097e-02,1.284310249490216646e-02
1.150000000000000050e-01,1.657875977773309167e-02,1.441284789148361729e-02,1.292507713600712232e-02
1.160000000000000059e-01,1.668121286481565047e-02,1.451545312155263362e-02,1.300705177711207819e-02
1.170000000000000068e-01,1.678366595189820926e-02,1.461805835162164821e-02,1.308902641821703405e-02
1.179999999999999938e-01,1.688611903898076458e-02,1.472066358169066280e-02,1.317100105932198818e-02
1.189999999999999947e-01,1.698857212606331990e-02,1.482326881175967739e-02,1.325297570042694405e-02
1.199999999999999956e-01,1.709102521314587869e-02,1.492587404182869372e-02,1.333495034153189991e-02
1.209999999999999964e-01,1.719347830022843748e-02,1.502847927189771005e-02,1.343138046263975087e-02
1.219999999999999973e-01,1.729593138731099627e-02,1.513108450196672464e-02,1.352792668036451561e-02
1.229999999999999982e-01,1.739838447439355160e-02,1.523368973203574096e-02,1.362447289808928035e-02
1.239999999999999991e-01,1.750083756147611039e-02,1.533629496210475729e-02,1.372101911581404508e-02
1.250000000000000000e-01,1.760329064855866571e-02,1.543890019217377188e-02,1.381756533353880982e-02
1.260000000000000009e-01,1.770574373564122450e-02,1.554150542224278647e-02,1.391411155126357456e-02
1.270000000000000018e-01,1.780819682272378329e-02,1.564411065231180453e-02,1.401065776898833930e-02
1.280000000000000027e-01,1.791064990980634208e-02,1.574671588238081912e-02,1.410720398671310404e-02
1.290000000000000036e-01,1.801310299688890088e-02,1.584932111244983372e-02,1.420375020443786877e-02
1.300000000000000044e-01,1.811555608397145620e-02,1.595192634251885178e-02,1.430029642216263178e-02
1.310000000000000053e-01,1.822328487622228502e-02,1.605885657370186709e-02,1.439684263988739651e-02
1.320000000000000062e-01,1.833101542044244733e-02,1.616578824114204421e-02,1.449338885761216125e-02
1.330000000000000071e-01,1.843874596466260965e-02,1.627271990858221787e-02,1.458993507533692599e-02
1.340000000000000080e-01,1.854647650888276850e-02,1.637965157602239499e-02,1.468648129306169073e-02
1.350000000000000089e-01,1.865420705310293081e-02,1.648658324346256865e-02,1.478302751078645547e-02
1.360000000000000098e-01,1.876193759732309313e-02,1.659351491090274577e-02,1.487957372851122020e-02
1.370000000000000107e-01,1.886966814154325545e-02,1.670044657834291943e-02,1.497611994623598494e-02
1.380000000000000115e-01,1.897739868576341429e-02,1.680737824578309655e-02,1.507266616396074968e-02
1.390000000000000124e-01,1.908512922998357661e-02,1.691430991322327021e-02,1.516921238168551442e-02
1.400000000000000133e-01,1.919285977420373893e-02,1.702124158066344733e-02,1.526575859941027916e-02
1.409999999999999865e-01,1.930059031842389777e-02,1.712817324810362099e-02,1.536230481713504042e-02
1.419999999999999873e-01,1.940832086264406009e-02,1.723510491554379465e-02,1.545885103485980516e-02
1.429999999999999882e-01,1.951605140686421894e-02,1.734203658298397177e-02,1.555539725258456990e-02
1.439999999999999891e-01,1.962378195108438125e-02,1.744896825042414543e-02,1.565194347030933464e-02
1.449999999999999900e-01,1.973151249530454357e-02,1.755589991786432255e-02,1.574848968803409938e-02
1.459999999999999909e-01,1.983924303952470589e-02,1.766283158530449621e-02,1.584503590575886411e-02
1.469999999999999918e-01,1.994697358374486473e-02,1.776976325274467333e-02,1.594158212348362885e-02
1.479999999999999927e-01,2.005470412796502705e-02,1.787669492018485046e-02,1.603812834120839359e-02
1.489999999999999936e-01,2.016243467218518937e-02,1.798362658762502411e-02,1.613467455893315833e-02
1.499999999999999944e-01,2.027016521640535168e-02,1.809055825506520124e-02,1.623122077665792307e-02
1.509999999999999953e-01,2.037789576062551053e-02,1.819748992250537489e-02,1.634037775316803803e-02
1.519999999999999962e-01,2.048562630484567285e-02,1.830442158994555202e-02,1.644955569659004024e-02
1.529999999999999971e-01,2.059335684906583516e-02,1.841135325738572567e-02,1.655873364001204592e-02
1.539999999999999980e-01,2.070108739328599748e-02,1.851828492482590280e-02,1.666791158343404813e-02
1.549999999999999989e-01,2.080881793750615633e-02,1.862521659226607645e-02,1.677708952685605381e-02
1.559999999999999998e-01,2.091654848172631864e-02,1.873214825970625358e-02,1.688626747027805602e-02
1.570000000000000007e-01,2.102427902594648096e-02,1.883907992714643070e-02,1.699544541370006170e-02
1.580000000000000016e-01,2.113200957016664328e-02,1.894601159458660436e-02,1.710462335712206391e-02
1.590000000000000024e-01,2.123974011438680559e-02,1.905294326202678148e-02,1.721380130054406959e-02
1.600000000000000033e-01,2.134747065860696444e-02,1.915987492946695514e-02,1.732297924396607181e-02
1.610000000000000042e-01,2.145520120282712676e-02,1.926680659690713227e-02,1.743215718738807749e-02
1.620000000000000051e-01,2.156293174704728907e-02,1.937373826434730592e-02,1.754133513081008316e-02
1.630000000000000060e-01,2.167066229126744792e-02,1.948066993178748305e-02,1.765051307423208538e-02
1.640000000000000069e-01,2.177839283548761024e-02,1.958760159922765670e-02,1.775969101765408759e-02
1.650000000000000078e-01,2.188612337970777255e-02,1.969453326666783383e-02,1.786886896107609327e-02
1.660000000000000087e-01,2.199385392392793487e-02,1.980146493410801095e-02,1.797804690449809895e-02
1.670000000000000095e-01,2.210158446814809718e-02,1.990839660154818461e-02,1.808722484792010116e-02
1.680000000000000104e-01,2.220931501236825603e-02,2.001532826898836173e-02,1.819640279134210337e-02
1.690000000000000113e-01,2.231704555658841835e-02,2.012225993642853539e-02,1.830558073476410905e-02
1.700000000000000122e-01,2.242477610080858066e-02,2.022919160386871251e-02,1.841475867818611473e-02
1.710000000000000131e-01,2.253250664502873951e-02,2.033612327130888964e-02,1.852393662160811694e-02
1.719999999999999862e-01,2.264023718924890183e-02,2.044305493874905982e-02,1.863311456503011915e-02
1.729999999999999871e-01,2.274796773346906067e-02,2.054998660618923695e-02,1.874229250845212136e-02
1.739999999999999880e-01,2.285569827768922299e-02,2.065691827362941060e-02,1.885147045187412704e-02
1.749999999999999889e-01,2.296342882190938531e-02,2.076384994106958773e-02,1.896064839529612925e-02
1.759999999999999898e-01,2.307115936612954415e-02,2.087078160850976138e-02,1.906982633871813493e-02
1.769999999999999907e-01,2.317888991034970647e-02,2.097771327594993851e-02,1.917900428214013714e-02
1.779999999999999916e-01,2.328662045456986879e-02,2.108464494339011563e-02,1.928818222556214282e-02
1.789999999999999925e-01,2.339435099879003110e-02,2.119157661083028929e-02,1.939736016898414503e-02
1.799999999999999933e-01,2.350208154301019342e-02,2.129852532281174479e-02,1.950653811240615071e-02
1.809999999999999942e-01,2.360981208723035227e-02,2.140912436680630915e-02,1.961571605582815292e-02
1.819999999999999951e-01,2.371754263145051458e-02,2.151972341080087350e-02,1.972489399925015860e-02
1.829999999999999960e-01,2.382527317567067690e-02,2.163032245479543786e-02,1.983407194267216081e-02
1.839999999999999969e-01,2.393300371989083575e-02,2.174092149879000221e-02,1.994324988609416649e-02
1.849999999999999978e-01,2.404073426411099806e-02,2.185152054278456657e-02,2.005242782951616870e-02
1.859999999999999987e-01,2.414846480833116038e-02,2.196211958677913093e-02,2.016160577293817091e-02
1.869999999999999996e-01,2.425619535255132270e-02,2.207271863077369528e-02,2.027078371636017659e-02
1.880000000000000004e-01,2.436392589677148501e-02,2.218331767476825964e-02,2.037996165978218227e-02
1.890000000000000013e-01,2.447165644099164386e-02,2.229391671876282399e-02,2.048913960320418448e-02
1.900000000000000022e-01,2.457938698521180618e-02,2.240451576275738835e-02,2.059831754662618669e-02
1.910000000000000031e-01,2.468711752943196849e-02,2.251511480675195270e-02,2.070749549004819237e-02
1.920000000000000040e-01,2.479484807365212734e-02,2.262571385074651706e-02,2.081667343347019805e-02
1.930000000000000049e-01,2.490257861787228966e-02,2.273631289474108141e-02,2.092585137689220026e-02
1.940000000000000058e-01,2.501030916209245197e-02,2.284691193873564577e-02,2.103502932031420247e-02
1.950000000000000067e-01,2.511803970631261429e-02,2.295751098273021013e-02,2.114420726373620815e-02
1.960000000000000075e-01,2.522577025053277661e-02,2.306811002672477448e-02,2.125338520715821383e-02
1.970000000000000084e-01,2.533350079475293545e-02,2.317870907071933884e-02,2.136256315058021604e-02
1.980000000000000093e-01,2.544123133897309777e-02,2.328930811471390319e-02,2.147174109400221825e-02
1.990000000000000102e-01,2.554896188319326009e-02,2.339990715870846755e-02,2.158091903742422393e-02
2.000000000000000111e-01,2.565669242741341893e-02,2.351050620270303190e-02,2.169009698084622961e-02
2.010000000000000120e-01,2.576968318823231671e-02,2.362110524669759626e-02,2.179927492426823182e-02
2.020000000000000129e-01,2.588274473889881286e-02,2.373170429069216061e-02,2.190845286769023403e-02
2.030000000000000138e-01,2.599580628956531247e-02,2.384230333468672497e-02,2.201763081111223971e-02
2.039999999999999869e-01,2.610886784023180862e-02,2.395290237868128586e-02,2.212680875453424192e-02
2.049999999999999878e-01,2.622192939089830477e-02,2.406350142267585021e-02,2.223598669795624413e-02
2.059999999999999887e-01,2.633499094156480438e-02,2.417410046667041457e-02,2.234516464137824981e-02
2.069999999999999896e-01,2.644805249223130400e-02,2.428469951066497892e-02,2.245434258480025203e-02
2.079999999999999905e-01,2.656111404289780362e-02,2.439529855465954328e-02,2.256352052822225771e-02
2.089999999999999913e-01,2.667417559356429976e-02,2.450589759865410763e-02,2.267269847164425992e-02
2.099999999999999922e-01,2.678723714423079938e-02,2.461649664264867199e-02,2.278187641506626560e-02
2.109999999999999931e-01,2.690029869489729900e-02,2.472709568664323634e-02,2.289105435848826781e-02
2.119999999999999940e-01,2.701336024556379514e-02,2.483769473063780070e-02,2.300023230191027349e-02
2.129999999999999949e-01,2.712642179623029476e-02,2.494829377463236506e-02,2.310941024533227570e-02
2.139999999999999958e-01,2.723948334689679437e-02,2.505889281862692941e-02,2.321858818875428138e-02
2.149999999999999967e-01,2.735254489756329399e-02,2.516949186262149377e-02,2.332776613217628359e-02
2.159999999999999976e-01,2.746560644822979014e-02,2.528009090661605812e-02,2.343694407559828927e-02
2.169999999999999984e-01,2.757866799889628975e-02,2.539068995061062248e-02,2.354612201902029148e-02
2.179999999999999993e-01,2.769172954956278937e-02,2.550128899460518683e-02,2.365529996244229716e-02
2.190000000000000002e-01,2.780479110022928552e-02,2.561188803859975119e-02,2.376447790586429937e-02
2.200000000000000011e-01,2.791785265089578513e-02,2.572248708259431554e-02,2.387365584928630505e-02
2.210000000000000020e-01,2.803091420156228475e-02,2.583308612658887990e-02,2.398283379270830726e-02
2.220000000000000029e-01,2.814397575222878090e-02,2.594368517058344425e-02,2.409201173613031294e-02
2.230000000000000038e-01,2.825703730289528051e-02,2.605428421457800861e-02,2.420118967955231515e-02
2.240000000000000047e-01,2.837009885356178013e-02,2.616488325857257297e-02,2.431036762297431736e-02
2.250000000000000056e-01,2.848316040422827627e-02,2.627548230256713732e-02,2.441954556639632304e-02
2.260000000000000064e-01,2.859622195489477589e-02,2.638608134656170168e-02,2.452872350981832872e-02
2.270000000000000073e-01,2.870928350556127551e-02,2.649668039055626603e-02,2.463790145324033093e-02
2.280000000000000082e-01,2.882234505622777165e-02,2.660727943455083039e-02,2.474707939666233314e-02
2.290000000000000091e-01,2.893540660689427127e-02,2.671787847854539474e-02,2.485625734008433882e-02
2.300000000000000100e-01,2.904846815756077089e-02,2.682847752253995910e-02,2.496543528350634450e-02
2.310000000000000109e-01,2.916152970822727050e-02,2.693907656653452345e-02,2.507461322692834671e-02
2.320000000000000118e-01,2.927459125889376665e-02,2.704967561052908781e-02,2.518379117035034892e-02
2.330000000000000127e-01,2.938765280956026626e-02,2.716027465452365217e-02,2.529296911377235460e-02
2.340000000000000135e-01,2.950071436022676588e-02,2.727087369851821652e-02,2.540214705719436028e-02
2.349999999999999867e-01,2.961377591089325856e-02,2.738147274251277741e-02,2.551132500061636249e-02
2.359999999999999876e-01,2.972683746155975817e-02,2.749207178650734176e-02,2.562050294403836470e-02
2.369999999999999885e-01,2.983989901222625779e-02,2.760267083050190612e-02,2.572968088746036691e-02
2.379999999999999893e-01,2.995296056289275394e-02,2.771326987449647047e-02,2.583885883088237259e-02
2.389999999999999902e-01,3.006602211355925355e-02,2.782386891849103483e-02,2.594803677430437827e-02
2.399999999999999911e-01,3.017908366422575317e-02,2.793446796248559919e-02,2.605721471772638048e-02
2.409999999999999920e-01,3.029214521489225279e-02,2.804506700648016354e-02,2.616639266114838269e-02
2.419999999999999929e-01,3.040520676555875240e-02,2.815566605047472790e-02,2.627557060457038837e-02
2.429999999999999938e-01,3.051826831622524855e-02,2.826626509446929225e-02,2.638474854799239405e-02
2.439999999999999947e-01,3.063132986689174816e-02,2.837686413846385661e-02,2.649392649141439626e-02
2.449999999999999956e-01,3.074439141755824778e-02,2.848746318245842096e-02,2.660310443483639847e-02
2.459999999999999964e-01,3.085745296822474393e-02,2.859806222645298532e-02,2.671228237825840415e-02
2.469999999999999973e-01,3.097051451889124354e-02,2.870866127044754967e-02,2.682146032168040983e-02
2.479999999999999982e-01,3.108357606955774316e-02,2.881926031444211403e-02,2.693063826510241204e-02
2.489999999999999991e-01,3.119663762022423931e-02,2.892985935843667838e-02,2.703981620852441425e-02
2.500000000000000000e-01,3.130969917089074239e-02,2.904045840243124274e-02,2.714899415194641993e-02
2.510000000000000009e-01,3.142276072155723854e-02,2.915582236908598537e-02,2.726619511611845514e-02
2.520000000000000018e-01,3.153582227222373469e-02,2.927130800162422788e-02,2.738360093732122511e-02
2.530000000000000027e-01,3.164888382289023083e-02,2.938679363416246693e-02,2.750100675852399854e-02
2.540000000000000036e-01,3.176194537355673392e-02,2.950227926670070597e-02,2.761841257972677197e-02
2.550000000000000044e-01,3.187500692422323006e-02,2.961776489923894501e-02,2.773581840092954193e-02
2.560000000000000053e-01,3.198806847488973315e-02,2.973325053177718752e-02,2.785322422213231536e-02
2.570000000000000062e-01,3.210113002555622930e-02,2.984873616431542656e-02,2.797063004333508532e-02
2.580000000000000071e-01,3.221419157622272544e-02,2.996422179685366560e-02,2.808803586453785875e-02
2.590000000000000080e-01,3.232725312688922853e-02,3.007970742939190811e-02,2.820544168574063218e-02
2.600000000000000089e-01,3.244031467755572468e-02,3.019519306193014715e-02,2.832284750694340214e-02
2.610000000000000098e-01,3.255337622822222082e-02,3.031067869446838620e-02,2.844025332814617557e-02
2.620000000000000107e-01,3.266643777888872391e-02,3.042616432700662524e-02,2.855765914934894900e-02
2.630000000000000115e-01,3.277949932955522006e-02,3.054164995954486775e-02,2.867506497055171896e-02
2.640000000000000124e-01,3.289256088022171620e-02,3.065713559208310679e-02,2.879247079175449239e-02
2.650000000000000133e-01,3.300562243088821929e-02,3.077262122462134583e-02,2.890987661295726235e-02
2.660000000000000142e-01,3.311868398155471543e-02,3.088810685715958487e-02,2.902728243416003578e-02
2.670000000000000151e-01,3.323174553222121158e-02,3.100359248969782738e-02,2.914468825536280921e-02
2.680000000000000160e-01,3.334480708288771467e-02,3.111907812223606642e-02,2.926209407656557918e-02
2.690000000000000169e-01,3.345786863355421081e-02,3.123456375477430547e-02,2.937949989776835261e-02
2.700000000000000178e-01,3.357093018422070696e-02,3.134999969480610493e-02,2.949687888425651244e-02
2.710000000000000187e-01,3.368399173488721005e-02,3.145835729223782351e-02,2.961043545732259391e-02
2.720000000000000195e-01,3.379705328555370619e-02,3.156671488966954209e-02,2.972399203038867538e-02
2.730000000000000204e-01,3.391011483622020928e-02,3.167507248710126067e-02,2.983754860345475685e-02
2.740000000000000213e-01,3.402317638688670542e-02,3.178343008453297924e-02,2.995110517652083831e-02
2.750000000000000222e-01,3.413623793755320157e-02,3.189178768196469782e-02,3.006466174958691978e-02
2.760000000000000231e-01,3.424929948821969772e-02,3.200014527939641640e-02,3.017821832265300125e-02
2.770000000000000240e-01,3.436236103888620080e-02,3.210850287682813498e-02,3.029177489571908272e-02
2.780000000000000249e-01,3.447542258955269695e-02,3.221686047425985355e-02,3.040533146878516071e-02
2.790000000000000258e-01,3.458848414021920004e-02,3.232521807169157213e-02,3.051888804185124218e-02
2.800000000000000266e-01,3.470154569088569618e-02,3.243357566912329071e-02,3.063244461491732365e-02
2.810000000000000275e-01,3.481460724155219233e-02,3.254976513461305121e-02,3.074600118798340512e-02
2.819999999999999729e-01,3.492766879221868848e-02,3.266597023101405067e-02,3.085955776104947965e-02
2.829999999999999738e-01,3.504073034288518462e-02,3.278217532741505014e-02,3.097311433411556111e-02
2.839999999999999747e-01,3.515379189355168077e-02,3.289838042381605654e-02,3.108667090718164258e-02
2.849999999999999756e-01,3.526685344421818386e-02,3.301458552021706294e-02,3.120022748024772405e-02
2.859999999999999765e-01,3.537991499488468000e-02,3.313079061661806241e-02,3.131378405331380205e-02
2.869999999999999774e-01,3.549297654555118309e-02,3.324699571301906881e-02,3.142734062637988351e-02
2.879999999999999782e-01,3.560603809621767923e-02,3.336320080942007521e-02,3.154089719944596498e-02
2.889999999999999791e-01,3.571909964688417538e-02,3.347940590582108161e-02,3.165445377251204645e-02
2.899999999999999800e-01,3.583216119755067153e-02,3.359561100222208108e-02,3.176801034557812792e-02
2.909999999999999809e-01,3.594522274821717461e-02,3.371181609862308748e-02,3.188364641054449583e-02
2.919999999999999818e-01,3.605828429888367076e-02,3.382802119502409388e-02,3.199930550885182745e-02
2.929999999999999827e-01,3.617134584955017385e-02,3.394422629142509334e-02,3.211496460715915907e-02
2.939999999999999836e-01,3.628440740021666999e-02,3.406043138782609975e-02,3.223062370546649069e-02
2.949999999999999845e-01,3.639746895088316614e-02,3.417663648422710615e-02,3.234628280377382231e-02
2.959999999999999853e-01,3.651053050154966229e-02,3.429284158062810561e-02,3.246194190208115393e-02
2.969999999999999862e-01,3.662359205221616537e-02,3.440904667702911202e-02,3.257760100038848555e-02
2.979999999999999871e-01,3.673665360288266152e-02,3.452525177343011842e-02,3.269326009869581717e-02
2.989999999999999880e-01,3.684971515354916460e-02,3.464145686983112482e-02,3.280891919700314879e-02
2.999999999999999889e-01,3.696277670421566075e-02,3.475766196623212428e-02,3.292457829531048041e-02
3.009999999999999898e-01,3.707583825488215690e-02,3.487386706263313069e-02,3.304023739361781203e-02
3.019999999999999907e-01,3.718889980554865998e-02,3.499007215903413709e-02,3.315589649192514365e-02
3.029999999999999916e-01,3.730196135621515613e-02,3.510627725543513655e-02,3.327155559023247527e-02
3.039999999999999925e-01,3.741502290688165921e-02,3.522248235183614296e-02,3.338721468853980689e-02
3.049999999999999933e-01,3.752808445754815536e-02,3.533868744823714936e-02,3.350287378684713852e-02
3.059999999999999942e-01,3.764114600821465151e-02,3.545489254463814882e-02,3.361853288515447014e-02
3.069999999999999951e-01,3.775420755888114765e-02,3.557109764103915522e-02,3.373419198346180176e-02
3.079999999999999960e-01,3.786726910954765074e-02,3.568730273744016163e-02,3.384985108176913338e-02
3.089999999999999969e-01,3.798033066021414689e-02,3.580350783384116803e-02,3.396551018007646500e-02
3.099999999999999978e-01,3.809339221088064997e-02,3.591971293024216749e-02,3.408116927838379662e-02
3.109999999999999987e-01,3.820645376154714612e-02,3.603716266904302690e-02,3.419911472365984306e-02
3.119999999999999996e-01,3.831951531221364227e-02,3.615462788586924076e-02,3.431708860130838756e-02
3.130000000000000004e-01,3.843257686288013841e-02,3.627209310269544768e-02,3.443506247895693206e-02
3.140000000000000013e-01,3.854563841354664150e-02,3.638955831952165459e-02,3.455303635660547656e-02
3.150000000000000022e-01,3.865869996421313765e-02,3.650702353634786151e-02,3.467101023425402107e-02
3.160000000000000031e-01,3.877176151487964073e-02,3.662448875317406843e-02,3.478898411190255863e-02
3.170000000000000040e-01,3.888482306554613688e-02,3.674195397000027535e-02,3.490695798955110313e-02
3.180000000000000049e-01,3.899788461621263302e-02,3.685941918682648227e-02,3.502493186719964763e-02
3.190000000000000058e-01,3.911094616687912917e-02,3.697688440365268919e-02,3.514290574484819213e-02
3.200000000000000067e-01,3.922400771754563226e-02,3.709434962047889611e-02,3.526087962249673663e-02
3.210000000000000075e-01,3.933706926821212840e-02,3.721181483730510303e-02,3.537885350014527419e-02
3.220000000000000084e-01,3.945013081887863149e-02,3.732928005413130995e-02,3.549682737779381869e-02
3.230000000000000093e-01,3.956319236954512764e-02,3.744674527095752381e-02,3.561480125544236319e-02
3.240000000000000102e-01,3.967625392021162378e-02,3.756421048778373073e-02,3.573277513309090769e-02
3.250000000000000111e-01,3.978931547087812687e-02,3.768167570460993765e-02,3.585074901073945219e-02
3.260000000000000120e-01,3.990237702154462301e-02,3.779914092143614457e-02,3.596872288838798976e-02
3.270000000000000129e-01,4.001543857221112610e-02,3.791660613826235149e-02,3.608669676603653426e-02
3.280000000000000138e-01,4.012850012287762225e-02,3.803407135508855841e-02,3.620467064368507876e-02
3.290000000000000147e-01,4.024156167354411839e-02,3.815153657191476533e-02,3.632264452133362326e-02
3.300000000000000155e-01,4.035463396865565655e-02,3.826900178874097225e-02,3.644061839898216776e-02
3.310000000000000164e-01,4.047129168508258046e-02,3.838646700556717917e-02,3.655859227663070532e-02
3.320000000000000173e-01,4.058794940150950437e-02,3.850393222239338609e-02,3.667656615427924982e-02
3.330000000000000182e-01,4.070460711793642133e-02,3.862139743921959301e-02,3.679454003192779432e-02
3.340000000000000191e-01,4.082126483436334524e-02,3.873886265604579993e-02,3.691251390957633882e-02
3.350000000000000200e-01,4.093792255079026915e-02,3.885632787287200685e-02,3.703048778722488332e-02
3.360000000000000209e-01,4.105458026721718612e-02,3.897379308969822070e-02,3.714846166487342782e-02
3.370000000000000218e-01,4.117123798364411003e-02,3.909125830652442762e-02,3.726643554252196539e-02
3.380000000000000226e-01,4.128789570007103393e-02,3.920872352335063454e-02,3.738440942017050989e-02
3.390000000000000235e-01,4.140455341649795090e-02,3.932618874017684146e-02,3.750238329781905439e-02
3.400000000000000244e-01,4.152121113292487481e-02,3.944365395700304838e-02,3.762035717546759889e-02
3.410000000000000253e-01,4.163786884935179872e-02,3.956111917382925530e-02,3.773185484746340718e-02
3.420000000000000262e-01,4.175452656577871569e-02,3.967858439065546222e-02,3.784331358825598901e-02
3.430000000000000271e-01,4.187118428220563959e-02,3.979604960748166914e-02,3.795477232904856391e-02
3.439999999999999725e-01,4.198784199863255656e-02,3.991351482430786912e-02,3.806623106984113186e-02
3.449999999999999734e-01,4.210449971505947353e-02,4.003098004113407604e-02,3.817768981063371370e-02
3.459999999999999742e-01,4.222115743148639744e-02,4.014844525796028296e-02,3.828914855142628859e-02
3.469999999999999751e-01,4.233781514791332135e-02,4.026591047478649682e-02,3.840060729221886349e-02
3.479999999999999760e-01,4.245447286434023831e-02,4.038337569161270374e-02,3.851206603301143838e-02
3.489999999999999769e-01,4.257113058076716222e-02,4.050084090843891066e-02,3.862352477380402022e-02
3.499999999999999778e-01,4.268778829719408613e-02,4.061830612526511758e-02,3.873498351459659511e-02
3.509999999999999787e-01,4.280676879330840012e-02,4.073577134209132450e-02,3.885566488655693013e-02
3.519999999999999796e-01,4.292578451507768345e-02,4.085323655891753142e-02,3.897648612250226297e-02
3.529999999999999805e-01,4.304480023684696677e-02,4.097070177574373834e-02,3.909730735844760274e-02
3.539999999999999813e-01,4.316381595861625009e-02,4.108816699256994526e-02,3.921812859439293558e-02
3.549999999999999822e-01,4.328283168038552647e-02,4.120563220939615218e-02,3.933894983033826842e-02
3.559999999999999831e-01,4.340184740215480980e-02,4.132309742622235910e-02,3.945977106628360820e-02
3.569999999999999840e-01,4.352086312392409312e-02,4.144056264304857295e-02,3.958059230222894104e-02
3.579999999999999849e-01,4.363987884569336950e-02,4.155802785987477987e-02,3.970141353817427388e-02
3.589999999999999858e-01,4.375889456746265282e-02,4.167549307670098679e-02,3.982223477411960672e-02
3.599999999999999867e-01,4.387791028923193615e-02,4.179295829352719371e-02,3.994305601006494649e-02
3.609999999999999876e-01,4.399692601100121253e-02,4.191042351035340063e-02,4.006387724601027933e-02
3.619999999999999885e-01,4.411594173277049585e-02,4.202788872717960755e-02,4.018469848195561217e-02
3.629999999999999893e-01,4.423495745453977918e-02,4.214535394400581447e-02,4.030551971790095195e-02
3.639999999999999902e-01,4.435397317630905556e-02,4.226281916083202139e-02,4.042634095384628479e-02
3.649999999999999911e-01,4.447298889807833888e-02,4.238028437765822831e-02,4.054716218979161763e-02
3.659999999999999920e-01,4.459200461984762220e-02,4.249774959448443523e-02,4.066798342573695740e-02
3.669999999999999929e-01,4.471102034161689859e-02,4.261521481131064215e-02,4.078880466168229024e-02
3.679999999999999938e-01,4.483003606338618191e-02,4.273268002813684907e-02,4.090962589762762308e-02
3.689999999999999947e-01,4.494905178515546523e-02,4.285014524496305599e-02,4.103044713357296286e-02
3.699999999999999956e-01,4.506806750692474162e-02,4.296761046178926291e-02,4.115126836951829570e-02
3.709999999999999964e-01,4.518708322869402494e-02,4.308507567861547677e-02,4.127208960546362854e-02
3.719999999999999973e-01,4.530609895046330826e-02,4.320254089544168369e-02,4.139291084140896831e-02
3.729999999999999982e-01,4.542511467223258464e-02,4.332000611226789061e-02,4.151373207735430115e-02
3.739999999999999991e-01,4.554413039400186797e-02,4.343747132909409753e-02,4.163455331329963399e-02
3.750000000000000000e-01,4.566314611577115129e-02,4.355493654592030445e-02,4.175537454924497377e-02
3.760000000000000009e-01,4.578216183754042767e-02,4.367240176274651137e-02,4.187619578519030661e-02
3.770000000000000018e-01,4.590117755930971100e-02,4.378986697957271829e-02,4.199701702113563945e-02
3.780000000000000027e-01,4.602019328107899432e-02,4.390733219639892521e-02,4.211783825708097923e-02
3.790000000000000036e-01,4.613920900284827764e-02,4.402479741322513213e-02,4.223865949302631206e-02
3.800000000000000044e-01,4.625822472461755402e-02,4.414226263005134598e-02,4.235948072897164490e-02
3.810000000000000053e-01,4.637724044638683735e-02,4.425972784687755290e-02,4.248030196491698468e-02
3.820000000000000062e-01,4.649625616815612067e-02,4.437719306370375982e-02,4.260112320086231752e-02
3.830000000000000071e-01,4.661527188992539705e-02,4.449465828052996674e-02,4.272194443680765036e-02
3.840000000000000080e-01,4.673428761169468038e-02,4.461212349735617366e-02,4.284276567275299014e-02
3.850000000000000089e-01,4.685330333346396370e-02,4.472958871418238058e-02,4.296358690869832297e-02
3.860000000000000098e-01,4.697231905523324008e-02,4.484705393100858750e-02,4.308440814464365581e-02
3.870000000000000107e-01,4.709133477700252340e-02,4.496451914783479442e-02,4.320522938058899559e-02
3.880000000000000115e-01,4.721035049877180673e-02,4.508198436466100134e-02,4.332605061653432843e-02
3.890000000000000124e-01,4.732936622054108311e-02,4.519944958148720826e-02,4.344687185247966127e-02
3.900000000000000133e-01,4.744838194231036643e-02,4.531691479831341518e-02,4.356769308842500105e-02
3.910000000000000142e-01,4.756739766407964976e-02,4.543438001513962210e-02,4.368280592393061768e-02
3.920000000000000151e-01,4.768641338584892614e-02,4.555184523196582902e-02,4.379791306867712036e-02
3.930000000000000160e-01,4.780542910761820946e-02,4.566931044879203594e-02,4.391302021342361611e-02
3.940000000000000169e-01,4.792444482938749278e-02,4.578677566561824286e-02,4.402812735817011880e-02
3.950000000000000178e-01,4.804346055115676917e-02,4.590424088244445672e-02,4.414323450291662149e-02
3.960000000000000187e-01,4.816247627292605249e-02,4.602170609927066364e-02,4.425834164766312417e-02
3.970000000000000195e-01,4.828149199469533581e-02,4.613917131609687056e-02,4.437344879240962686e-02
3.980000000000000204e-01,4.840050771646461220e-02,4.625663653292307748e-02,4.448855593715612955e-02
3.990000000000000213e-01,4.851952343823389552e-02,4.637410174974928440e-02,4.460366308190263224e-02
4.000000000000000222e-01,4.863853916000317884e-02,4.649156696657549132e-02,4.471877022664913492e-02
4.010000000000000231e-01,4.875755488177245522e-02,4.661474531521508230e-02,4.484255772748384217e-02
4.020000000000000240e-01,4.887657060354173855e-02,4.673798113424815215e-02,4.496643254706004372e-02
4.030000000000000249e-01,4.899558632531102187e-02,4.686121695328122200e-02,4.509030736663624528e-02
4.040000000000000258e-01,4.911460204708030519e-02,4.698445277231429879e-02,4.521418218621244683e-02
4.050000000000000266e-01,4.923361776884958158e-02,4.710768859134736863e-02,4.533805700578865533e-02
4.060000000000000275e-01,4.935263349061886490e-02,4.723092441038043848e-02,4.546193182536485689e-02
4.069999999999999729e-01,4.947164921238814128e-02,4.735416022941350139e-02,4.558580664494105150e-02
4.079999999999999738e-01,4.959066493415741766e-02,4.747739604844657818e-02,4.570968146451725306e-02
4.089999999999999747e-01,4.970968065592670099e-02,4.760063186747964803e-02,4.583355628409346155e-02
4.099999999999999756e-01,4.982869637769598431e-02,4.772386768651271788e-02,4.595743110366966311e-02
4.109999999999999765e-01,4.994771209946526069e-02,4.784710350554578773e-02,4.608130592324586466e-02
4.119999999999999774e-01,5.006672782123454402e-02,4.797033932457886451e-02,4.620518074282206622e-02
4.129999999999999782e-01,5.018574354300382734e-02,4.809357514361193436e-02,4.632905556239826778e-02
4.139999999999999791e-01,5.030475926477310372e-02,4.821681096264500421e-02,4.645293038197447627e-02
4.149999999999999800e-01,5.042377498654238704e-02,4.834004678167807406e-02,4.657680520155067783e-02
4.159999999999999809e-01,5.054279070831167037e-02,4.846328260071115085e-02,4.670068002112687938e-02
4.169999999999999818e-01,5.066180643008094675e-02,4.858651841974422070e-02,4.682455484070308094e-02
4.179999999999999827e-01,5.078082215185023007e-02,4.870975423877729055e-02,4.694842966027928943e-02
4.189999999999999836e-01,5.089983787361951340e-02,4.883299005781036040e-02,4.707230447985549099e-02
4.199999999999999845e-01,5.101885359538879672e-02,4.895622587684343718e-02,4.719617929943169254e-02
4.209999999999999853e-01,5.113786931715807310e-02,4.906926522952094472e-02,4.732005411900789410e-02
4.219999999999999862e-01,5.125688503892735642e-02,4.918218818027244449e-02,4.744392893858409566e-02
4.229999999999999871e-01,5.137590076069663281e-02,4.929511113102394426e-02,4.756780375816030415e-02
4.239999999999999880e-01,5.149491648246591613e-02,4.940803408177544404e-02,4.769167857773650571e-02
4.249999999999999889e-01,5.161393220423519945e-02,4.952095703252694381e-02,4.781555339731270726e-02
4.259999999999999898e-01,5.173294792600448277e-02,4.963387998327844358e-02,4.793942821688890882e-02
4.269999999999999907e-01,5.185196364777375916e-02,4.974680293402994335e-02,4.806330303646511037e-02
4.279999999999999916e-01,5.197097936954304248e-02,4.985972588478144313e-02,4.818717785604131887e-02
4.289999999999999925e-01,5.208999509131231886e-02,4.997264883553294290e-02,4.831105267561752042e-02
4.299999999999999933e-01,5.220901081308160219e-02,5.008557178628444267e-02,4.843492749519372198e-02
4.309999999999999942e-01,5.233849080108920332e-02,5.020922470809099231e-02,4.855880231476992354e-02
4.319999999999999951e-01,5.246800914145371281e-02,5.033291695608343996e-02,4.868267713434612509e-02
4.329999999999999960e-01,5.259752748181821536e-02,5.045660920407588762e-02,4.880655195392233359e-02
4.339999999999999969e-01,5.272704582218272484e-02,5.058030145206833528e-02,4.893042677349853514e-02
4.349999999999999978e-01,5.285656416254722739e-02,5.070399370006078293e-02,4.905430159307473670e-02
4.359999999999999987e-01,5.298608250291173688e-02,5.082768594805323059e-02,4.917817641265093825e-02
4.369999999999999996e-01,5.311560084327623943e-02,5.095137819604567825e-02,4.930205123222714675e-02
4.380000000000000004e-01,5.324511918364074892e-02,5.107507044403812591e-02,4.942592605180334830e-02
4.390000000000000013e-01,5.337463752400525147e-02,5.119876269203057356e-02,4.954980087137954986e-02
4.400000000000000022e-01,5.350415586436976095e-02,5.132245494002302122e-02,4.967367569095575142e-02
4.410000000000000031e-01,5.362467677604190047e-02,5.144614718801546888e-02,4.978980390795743199e-02
4.420000000000000040e-01,5.374508273552681265e-02,5.156983943600791653e-02,4.990583315347069809e-02
4.430000000000000049e-01,5.386548869501173176e-02,5.169353168400036419e-02,5.002186239898397113e-02
4.440000000000000058e-01,5.398589465449664393e-02,5.181722393199281185e-02,5.013789164449723723e-02
4.450000000000000067e-01,5.410630061398155610e-02,5.194091617998525950e-02,5.025392089001051027e-02
4.460000000000000075e-01,5.422670657346647521e-02,5.206460842797770716e-02,5.036995013552377637e-02
4.470000000000000084e-01,5.434711253295138739e-02,5.218830067597015482e-02,5.048597938103704941e-02
4.480000000000000093e-01,5.446751849243629956e-02,5.231199292396260248e-02,5.060200862655031551e-02
4.490000000000000102e-01,5.458792445192121867e-02,5.243568517195505707e-02,5.071803787206358854e-02
4.500000000000000111e-01,5.470833041140613084e-02,5.255937741994749779e-02,5.083406711757685464e-02
4.510000000000000120e-01,5.482873637089104302e-02,5.268470463001936888e-02,5.096112737800576054e-02
4.520000000000000129e-01,5.494914233037596213e-02,5.281004002226560162e-02,5.108824284319357645e-02
4.530000000000000138e-01,5.506954828986087430e-02,5.293537541451182743e-02,5.121535830838139930e-02
4.540000000000000147e-01,5.518995424934579341e-02,5.306071080675806018e-02,5.134247377356922215e-02
4.550000000000000155e-01,5.531036020883070559e-02,5.318604619900428598e-02,5.146958923875703806e-02
4.560000000000000164e-01,5.543076616831561776e-02,5.331138159125051873e-02,5.159670470394486091e-02
4.570000000000000173e-01,5.555117212780053687e-02,5.343671698349674454e-02,5.172382016913267683e-02
4.580000000000000182e-01,5.567157808728544904e-02,5.356205237574297728e-02,5.185093563432049968e-02
4.590000000000000191e-01,5.579198404677036122e-02,5.368738776798920309e-02,5.197805109950831559e-02
4.600000000000000200e-01,5.591239000625528033e-02,5.381272316023543584e-02,5.210516656469613844e-02
4.610000000000000209e-01,5.603773808170003923e-02,5.393805855248166164e-02,5.223228202988396129e-02
4.620000000000000218e-01,5.616315603859461936e-02,5.406339394472789439e-02,5.235939749507177721e-02
4.630000000000000226e-01,5.628857399548919255e-02,5.418872933697412714e-02,5.248651296025960006e-02
4.640000000000000235e-01,5.641399195238376574e-02,5.431406472922035295e-02,5.261362842544741597e-02
4.650000000000000244e-01,5.653940990927834587e-02,5.443940012146658569e-02,5.274074389063523882e-02
4.660000000000000253e-01,5.666482786617292600e-02,5.456473551371281150e-02,5.286785935582305473e-02
4.670000000000000262e-01,5.679024582306749919e-02,5.469007090595904425e-02,5.299497482101087759e-02
4.680000000000000271e-01,5.691566377996207238e-02,5.481540629820527005e-02,5.312209028619869350e-02
4.689999999999999725e-01,5.704108173685664557e-02,5.494074169045149586e-02,5.324920575138650941e-02
4.699999999999999734e-01,5.716649969375121876e-02,5.506607708269772167e-02,5.337632121657433226e-02
4.709999999999999742e-01,5.729191765064579889e-02,5.519141247494395441e-02,5.350343668176214817e-02
4.719999999999999751e-01,5.741733560754037208e-02,5.531674786719018022e-02,5.363055214694997103e-02
4.729999999999999760e-01,5.754275356443495221e-02,5.544208325943641297e-02,5.375766761213778694e-02
4.739999999999999769e-01,5.766817152132952540e-02,5.556741865168264571e-02,5.388478307732560979e-02
4.749999999999999778e-01,5.779358947822410553e-02,5.569275404392887152e-02,5.401189854251342570e-02
4.759999999999999787e-01,5.791900743511867872e-02,5.581808943617510427e-02,5.413901400770124855e-02
4.769999999999999796e-01,5.804442539201325885e-02,5.594342482842133008e-02,5.426612947288907141e-02
4.779999999999999805e-01,5.816984334890783204e-02,5.606876022066756282e-02,5.439324493807688732e-02
4.789999999999999813e-01,5.829526130580241217e-02,5.619409561291378863e-02,5.452036040326471017e-02
4.799999999999999822e-01,5.842067926269698536e-02,5.631943100516002138e-02,5.464747586845252608e-02
4.809999999999999831e-01,5.854609721959156549e-02,5.644476639740624718e-02,5.477459133364034893e-02
4.819999999999999840e-01,5.867151517648613868e-02,5.657010178965247993e-02,5.490170679882816485e-02
4.829999999999999849e-01,5.879693313338071881e-02,5.669543718189870574e-02,5.502882226401598770e-02
4.839999999999999858e-01,5.892235109027529200e-02,5.682077257414493848e-02,5.515593772920381055e-02
4.849999999999999867e-01,5.904776904716987213e-02,5.694610796639117123e-02,5.528305319439162646e-02
4.859999999999999876e-01,5.917318700406444532e-02,5.707144335863739704e-02,5.541016865957944931e-02
4.869999999999999885e-01,5.929860496095902544e-02,5.719677875088362978e-02,5.553728412476726523e-02
4.879999999999999893e-01,5.942402291785359864e-02,5.732211414312985559e-02,5.566439958995508808e-02
4.889999999999999902e-01,5.954944087474817876e-02,5.744744953537608834e-02,5.579151505514290399e-02
4.899999999999999911e-01,5.967485883164275196e-02,5.757278492762231414e-02,5.591863052033072684e-02
4.909999999999999920e-01,5.980027678853733208e-02,5.769106116569256565e-02,5.603474441314094945e-02
4.919999999999999929e-01,5.992569474543190527e-02,5.780928308986118397e-02,5.615077365865420167e-02
4.929999999999999938e-01,6.005111270232648540e-02,5.792750501402980229e-02,5.626680290416745389e-02
4.939999999999999947e-01,6.017653065922105859e-02,5.804572693819842755e-02,5.638283214968071305e-02
4.949999999999999956e-01,6.030194861611563872e-02,5.816394886236704587e-02,5.649886139519396527e-02
4.959999999999999964e-01,6.042736657301021191e-02,5.828217078653566419e-02,5.661489064070722443e-02
4.969999999999999973e-01,6.055278452990479204e-02,5.840039271070428251e-02,5.673091988622047666e-02
4.979999999999999982e-01,6.067820248679936523e-02,5.851861463487290776e-02,5.684694913173372888e-02
4.989999999999999991e-01,6.080362044369394536e-02,5.863683655904152608e-02,5.696297837724698804e-02
5.000000000000000000e-01,6.092903840058851855e-02,5.875505848321014440e-02,5.707900762276024026e-02
5.010000000000000009e-01,6.105445635748309868e-02,5.888477559346638746e-02,5.721310645102650749e-02
5.020000000000000018e-01,6.117987431437767187e-02,5.901449270372268602e-02,5.734720527929286493e-02
5.030000000000000027e-01,6.130529227127225200e-02,5.914420981397898458e-02,5.748130410755922931e-02
5.040000000000000036e-01,6.143071022816682519e-02,5.927392692423528314e-02,5.761540293582558675e-02
5.050000000000000044e-01,6.155612818506140532e-02,5.940364403449158170e-02,5.774950176409195113e-02
5.060000000000000053e-01,6.168154614195597851e-02,5.953336114474788027e-02,5.788360059235830857e-02
5.070000000000000062e-01,6.180696409885055864e-02,5.966307825500417883e-02,5.801769942062467295e-02
5.080000000000000071e-01,6.193238205574513183e-02,5.979279536526048433e-02,5.815179824889103732e-02
5.090000000000000080e-01,6.205780001263971196e-02,5.992251247551678289e-02,5.828589707715739476e-02
5.100000000000000089e-01,6.218321796953428515e-02,6.005222958577308146e-02,5.841999590542375914e-02
5.110000000000000098e-01,6.230863592642886528e-02,6.018194669602938002e-02,5.855409473369011658e-02
5.120000000000000107e-01,6.243405388332343847e-02,6.031166380628567858e-02,5.868819356195648096e-02
5.130000000000000115e-01,6.255947184021801166e-02,6.044138091654197714e-02,5.882229239022283840e-02
5.140000000000000124e-01,6.268488979711259179e-02,6.057109802679828264e-02,5.895639121848920278e-02
5.150000000000000133e-01,6.281030775400717192e-02,6.070081513705458121e-02,5.909049004675556716e-02
5.160000000000000142e-01,6.293572571090175205e-02,6.083053224731087977e-02,5.922458887502192459e-02
5.170000000000000151e-01,6.306114366779631830e-02,6.096024935756717833e-02,5.935868770328828897e-02
5.180000000000000160e-01,6.318656162469089843e-02,6.108996646782347689e-02,5.949278653155464641e-02
5.190000000000000169e-01,6.331197958158547856e-02,6.121968357807977545e-02,5.962688535982101079e-02
5.200000000000000178e-01,6.343739753848005869e-02,6.134940068833608096e-02,5.976098418808737517e-02
5.210000000000000187e-01,6.356281549537462494e-02,6.147161196560524399e-02,5.988492951144834542e-02
5.220000000000000195e-01,6.368823345226920507e-02,6.159381326270884499e-02,6.000886133415454793e-02
5.230000000000000204e-01,6.381365140916378520e-02,6.171601455981245293e-02,6.013279315686075044e-02
5.240000000000000213e-01,6.393906936605836533e-02,6.183821585691605394e-02,6.025672497956694601e-02
5.250000000000000222e-01,6.406448732295293158e-02,6.196041715401966188e-02,6.038065680227314852e-02
5.260000000000000231e-01,6.418990527984751171e-02,6.208261845112326982e-02,6.050458862497935103e-02
5.270000000000000240e-01,6.431532323674209184e-02,6.220481974822687082e-02,6.062852044768554660e-02
5.280000000000000249e-01,6.444074119363667197e-02,6.232702104533047877e-02,6.075245227039174911e-02
5.290000000000000258e-01,6.456615915053123822e-02,6.244922234243407977e-02,6.087638409309795162e-02
5.300000000000000266e-01,6.469157710742581835e-02,6.257142363953768771e-02,6.100031591580414719e-02
5.310000000000000275e-01,6.481699506432039848e-02,6.270561728853346617e-02,6.112424773851034970e-02
5.320000000000000284e-01,6.494241302121497861e-02,6.284014231968167163e-02,6.124817956121654527e-02
5.330000000000000293e-01,6.506783097810954486e-02,6.297466735082989098e-02,6.137211138392274778e-02
5.340000000000000302e-01,6.519324893500412499e-02,6.310919238197811032e-02,6.149604320662895030e-02
5.350000000000000311e-01,6.531866689189870512e-02,6.324371741312632966e-02,6.161997502933514587e-02
5.360000000000000320e-01,6.544408484879328525e-02,6.337824244427454901e-02,6.174390685204134838e-02
5.370000000000000329e-01,6.556950280568785150e-02,6.351276747542275447e-02,6.186783867474755089e-02
5.380000000000000338e-01,6.569492076258243163e-02,6.364729250657097381e-02,6.199177049745374646e-02
5.390000000000000346e-01,6.582033871947701176e-02,6.378181753771919316e-02,6.211570232015994897e-02
5.400000000000000355e-01,6.594575667637159189e-02,6.391634256886741250e-02,6.223963414286615148e-02
5.410000000000000364e-01,6.607117463326615814e-02,6.403550386927243931e-02,6.236356596557234705e-02
5.420000000000000373e-01,6.619659259016073827e-02,6.415462425836829241e-02,6.248749778827854956e-02
5.430000000000000382e-01,6.632201054705531840e-02,6.427374464746413163e-02,6.261142961098474513e-02
5.440000000000000391e-01,6.644742850394989853e-02,6.439286503655997085e-02,6.273536143369094764e-02
5.450000000000000400e-01,6.657284646084446478e-02,6.451198542565582394e-02,6.285929325639715015e-02
5.460000000000000409e-01,6.669826441773904491e-02,6.463110581475166316e-02,6.298322507910335266e-02
5.470000000000000417e-01,6.682368237463362504e-02,6.475022620384751626e-02,6.310715690180955517e-02
5.480000000000000426e-01,6.694910033152820517e-02,6.486934659294335548e-02,6.323108872451574380e-02
5.490000000000000435e-01,6.707451828842277142e-02,6.498846698203919470e-02,6.335502054722194631e-02
5.500000000000000444e-01,6.719993624531735155e-02,6.510758737113504779e-02,6.347895236992814882e-02
5.510000000000000453e-01,6.733788107386190491e-02,6.524762263588519684e-02,6.361645184791173135e-02
5.520000000000000462e-01,6.747597316351819363e-02,6.538790376791382697e-02,6.375411082206125513e-02
5.530000000000000471e-01,6.761406525317448235e-02,6.552818489994244322e-02,6.389176979621077890e-02
5.540000000000000480e-01,6.775215734283077107e-02,6.566846603197107335e-02,6.402942877036030267e-02
5.550000000000000488e-01,6.789024943248705979e-02,6.580874716399968960e-02,6.416708774450982644e-02
5.560000000000000497e-01,6.802834152214334851e-02,6.594902829602831973e-02,6.430474671865936409e-02
5.570000000000000506e-01,6.816643361179962335e-02,6.608930942805694986e-02,6.444240569280888786e-02
5.580000000000000515e-01,6.830452570145591207e-02,6.622959056008556611e-02,6.458006466695841163e-02
5.590000000000000524e-01,6.844261779111220079e-02,6.636987169211419624e-02,6.471772364110793541e-02
5.600000000000000533e-01,6.858070988076848951e-02,6.651015282414281249e-02,6.485538261525747306e-02
5.610000000000000542e-01,6.870955680667080456e-02,6.663911149821183377e-02,6.499304158940699683e-02
5.620000000000000551e-01,6.883820944719440393e-02,6.676783223295479353e-02,6.513070056355652060e-02
5.629999999999999449e-01,6.896686208771797555e-02,6.689655296769775328e-02,6.526835953770603049e-02
5.639999999999999458e-01,6.909551472824156104e-02,6.702527370244071303e-02,6.540601851185555426e-02
5.649999999999999467e-01,6.922416736876516041e-02,6.715399443718368666e-02,6.554367748600509191e-02
5.659999999999999476e-01,6.935282000928874591e-02,6.728271517192664641e-02,6.568133646015461569e-02
5.669999999999999485e-01,6.948147264981233140e-02,6.741143590666962004e-02,6.581899543430413946e-02
5.679999999999999494e-01,6.961012529033593077e-02,6.754015664141257980e-02,6.595665440845366323e-02
5.689999999999999503e-01,6.973877793085951626e-02,6.766887737615555343e-02,6.609431338260320088e-02
5.699999999999999512e-01,6.986743057138310176e-02,6.779759811089852706e-02,6.623197235675272465e-02
5.709999999999999520e-01,6.999608321190670113e-02,6.792631884564148681e-02,6.636456705713637827e-02
5.719999999999999529e-01,7.012473585243028662e-02,6.805503958038446044e-02,6.649709533076289536e-02
5.729999999999999538e-01,7.025338849295387211e-02,6.818376031512742019e-02,6.662962360438942633e-02
5.739999999999999547e-01,7.038204113347747148e-02,6.831248104987039382e-02,6.676215187801595730e-02
5.749999999999999556e-01,7.051069377400105698e-02,6.844120178461335358e-02,6.689468015164247439e-02
5.759999999999999565e-01,7.063934641452465635e-02,6.856992251935632721e-02,6.702720842526900535e-02
5.769999999999999574e-01,7.076799905504824184e-02,6.869864325409928696e-02,6.715973669889553632e-02
5.779999999999999583e-01,7.089665169557182733e-02,6.882736398884226059e-02,6.729226497252205341e-02
5.789999999999999591e-01,7.102530433609542670e-02,6.895608472358522034e-02,6.742479324614858438e-02
5.799999999999999600e-01,7.115402963711428552e-02,6.908480545832819397e-02,6.755732151977511535e-02
5.809999999999999609e-01,7.128911978381471948e-02,6.921352619307115372e-02,6.768984979340163244e-02
5.819999999999999618e-01,7.142420993051515343e-02,6.934224692781412736e-02,6.782237806702816341e-02
5.829999999999999627e-01,7.155930007721560127e-02,6.947096766255708711e-02,6.795490634065469437e-02
5.839999999999999636e-01,7.169439022391603522e-02,6.959968839730006074e-02,6.808743461428121146e-02
5.849999999999999645e-01,7.182948037061646918e-02,6.972840913204302049e-02,6.821996288790774243e-02
5.859999999999999654e-01,7.196457051731690313e-02,6.985712986678599412e-02,6.835249116153427340e-02
5.869999999999999662e-01,7.209966066401733709e-02,6.998585060152895387e-02,6.848501943516079049e-02
5.879999999999999671e-01,7.223475081071778492e-02,7.011457133627192750e-02,6.861754770878732146e-02
5.889999999999999680e-01,7.236984095741821887e-02,7.024329207101488726e-02,6.875007598241385243e-02
5.899999999999999689e-01,7.250493110411865283e-02,7.037201280575786089e-02,6.888260425604036952e-02
5.909999999999999698e-01,7.262918574089725909e-02,7.050073354050082064e-02,6.900145850175257167e-02
5.919999999999999707e-01,7.275309519135624015e-02,7.062945427524379427e-02,6.911987713461366367e-02
5.929999999999999716e-01,7.287700464181522120e-02,7.075817500998675402e-02,6.923829576747475567e-02
5.939999999999999725e-01,7.300091409227420225e-02,7.088689574472972765e-02,6.935671440033584767e-02
5.949999999999999734e-01,7.312482354273318330e-02,7.101561647947268741e-02,6.947513303319693967e-02
5.959999999999999742e-01,7.324873299319216435e-02,7.114433721421566104e-02,6.959355166605803167e-02
5.969999999999999751e-01,7.337264244365114541e-02,7.127305794895862079e-02,6.971197029891912367e-02
5.979999999999999760e-01,7.349655189411012646e-02,7.140177868370159442e-02,6.983038893178021567e-02
5.989999999999999769e-01,7.362046134456910751e-02,7.153049941844455417e-02,6.994880756464130767e-02
5.999999999999999778e-01,7.374437079502808856e-02,7.165922015318752780e-02,7.006722619750239966e-02
6.009999999999999787e-01,7.388894943708870788e-02,7.180619037003194149e-02,7.021467254423006954e-02
6.019999999999999796e-01,7.403366622834306465e-02,7.195328256316294024e-02,7.036231290702490981e-02
6.029999999999999805e-01,7.417838301959742142e-02,7.210037475629392512e-02,7.050995326981973621e-02
6.039999999999999813e-01,7.432309981085177819e-02,7.224746694942490999e-02,7.065759363261456261e-02
6.049999999999999822e-01,7.446781660210613496e-02,7.239455914255589486e-02,7.080523399540938900e-02
6.059999999999999831e-01,7.461253339336047785e-02,7.254165133568689361e-02,7.095287435820421540e-02
6.069999999999999840e-01,7.475725018461483462e-02,7.268874352881787848e-02,7.110051472099904180e-02
6.079999999999999849e-01,7.490196697586919139e-02,7.283583572194886335e-02,7.124815508379386819e-02
6.089999999999999858e-01,7.504668376712354816e-02,7.298292791507984822e-02,7.139579544658869459e-02
6.099999999999999867e-01,7.519137994856585350e-02,7.312999876506717789e-02,7.154342153803924798e-02
6.109999999999999876e-01,7.531540242744447222e-02,7.325566030754332436e-02,7.167673204397047304e-02
6.119999999999999885e-01,7.543942490632309095e-02,7.338132185001947083e-02,7.181004254990168423e-02
6.129999999999999893e-01,7.556344738520172355e-02,7.350698339249563118e-02,7.194335305583290929e-02
6.139999999999999902e-01,7.568746986408034227e-02,7.363264493497177765e-02,7.207666356176413436e-02
6.149999999999999911e-01,7.581149234295896100e-02,7.375830647744792412e-02,7.220997406769534555e-02
6.159999999999999920e-01,7.593551482183757972e-02,7.388396801992407059e-02,7.234328457362657061e-02
6.169999999999999929e-01,7.605953730071621233e-02,7.400962956240021706e-02,7.247659507955779568e-02
6.179999999999999938e-01,7.618355977959483105e-02,7.413529110487636353e-02,7.260990558548900686e-02
6.189999999999999947e-01,7.630758225847344978e-02,7.426095264735251000e-02,7.274321609142023193e-02
6.199999999999999956e-01,7.643160473735206850e-02,7.438661418982865647e-02,7.287652659735145699e-02
6.209999999999999964e-01,7.656886200959486799e-02,7.452248585160023420e-02,7.302298337058291122e-02
6.219999999999999973e-01,7.670645259521927106e-02,7.465861465145437470e-02,7.316977122769974251e-02
6.229999999999999982e-01,7.684404318084367413e-02,7.479474345130851520e-02,7.331655908481657380e-02
6.239999999999999991e-01,7.698163376646806333e-02,7.493087225116265571e-02,7.346334694193340509e-02
6.250000000000000000e-01,7.711922435209246640e-02,7.506700105101679621e-02,7.361013479905025025e-02
6.260000000000000009e-01,7.725681493771686947e-02,7.520312985087093671e-02,7.375692265616708154e-02
6.270000000000000018e-01,7.739440552334125867e-02,7.533925865072509109e-02,7.390371051328391283e-02
6.280000000000000027e-01,7.753199610896566174e-02,7.547538745057923160e-02,7.405049837040074412e-02
6.290000000000000036e-01,7.766958669459005093e-02,7.561151625043337210e-02,7.419728622751757541e-02
6.300000000000000044e-01,7.780717728021445401e-02,7.574764505028751260e-02,7.434407408463440670e-02
6.310000000000000053e-01,7.794476786583885708e-02,7.588377385014165311e-02,7.447150102214791789e-02
6.320000000000000062e-01,7.808235845146324627e-02,7.601990264999579361e-02,7.459892153023893469e-02
6.330000000000000071e-01,7.821994903708764935e-02,7.615603144984993411e-02,7.472634203832995148e-02
6.340000000000000080e-01,7.835753962271203854e-02,7.629216024970408849e-02,7.485376254642098215e-02
6.350000000000000089e-01,7.849513020833644161e-02,7.642828904955822900e-02,7.498118305451199894e-02
6.360000000000000098e-01,7.863272079396084469e-02,7.656441784941236950e-02,7.510860356260302961e-02
6.370000000000000107e-01,7.877031137958523388e-02,7.670054664926651000e-02,7.523602407069404641e-02
6.380000000000000115e-01,7.890790196520963695e-02,7.683667544912065051e-02,7.536344457878506320e-02
6.390000000000000124e-01,7.904549255083404002e-02,7.697280424897479101e-02,7.549086508687609387e-02
6.400000000000000133e-01,7.918308313645842922e-02,7.710893304882894539e-02,7.561828559496711066e-02
6.410000000000000142e-01,7.931665245049059065e-02,7.724212732611392129e-02,7.574570610305812746e-02
6.420000000000000151e-01,7.945018403520444361e-02,7.737529407043237939e-02,7.587312661114915813e-02
6.430000000000000160e-01,7.958371561991829657e-02,7.750846081475083749e-02,7.600054711924017492e-02
6.440000000000000169e-01,7.971724720463213565e-02,7.764162755906929558e-02,7.612796762733120559e-02
6.450000000000000178e-01,7.985077878934598861e-02,7.777479430338775368e-02,7.625538813542222238e-02
6.460000000000000187e-01,7.998431037405984156e-02,7.790796104770621178e-02,7.638280864351323918e-02
6.470000000000000195e-01,8.011784195877369452e-02,7.804112779202466987e-02,7.651022915160426985e-02
6.480000000000000204e-01,8.025137354348753360e-02,7.817429453634314185e-02,7.663764965969528664e-02
6.490000000000000213e-01,8.038490512820138656e-02,7.830746128066159994e-02,7.676507016778631731e-02
6.500000000000000222e-01,8.051843671291523952e-02,7.844062802498005804e-02,7.689249067587733411e-02
6.510000000000000231e-01,8.066420498819047713e-02,7.858854228251661855e-02,7.703966124747133049e-02
6.520000000000000240e-01,8.081020084199379283e-02,7.873673081497530035e-02,7.718719913164537316e-02
6.530000000000000249e-01,8.095619669579709465e-02,7.888491934743398215e-02,7.733473701581941584e-02
6.540000000000000258e-01,8.110219254960041035e-02,7.903310787989267783e-02,7.748227489999345852e-02
6.550000000000000266e-01,8.124818840340372605e-02,7.918129641235135963e-02,7.762981278416750119e-02
6.560000000000000275e-01,8.139418425720702788e-02,7.932948494481004142e-02,7.777735066834152999e-02
6.570000000000000284e-01,8.154018011101034358e-02,7.947767347726873710e-02,7.792488855251557267e-02
6.580000000000000293e-01,8.168617596481364540e-02,7.962586200972741890e-02,7.807242643668961535e-02
6.590000000000000302e-01,8.183217181861696110e-02,7.977405054218611458e-02,7.821996432086365802e-02
6.600000000000000311e-01,8.197816767242026292e-02,7.992223907464479637e-02,7.836750220503770070e-02
6.610000000000000320e-01,8.210626609515041252e-02,8.005216861176620013e-02,7.851504008921174338e-02
6.620000000000000329e-01,8.223417235004691628e-02,8.018190209887550435e-02,7.866257797338578606e-02
6.630000000000000338e-01,8.236207860494342003e-02,8.031163558598480856e-02,7.881011585755982873e-02
6.640000000000000346e-01,8.248998485983993767e-02,8.044136907309412665e-02,7.895765374173385753e-02
6.650000000000000355e-01,8.261789111473644143e-02,8.057110256020343086e-02,7.910519162590790021e-02
6.660000000000000364e-01,8.274579736963294518e-02,8.070083604731274896e-02,7.925272951008194289e-02
6.670000000000000373e-01,8.287370362452946282e-02,8.083056953442205317e-02,7.940026739425598556e-02
6.680000000000000382e-01,8.300160987942596658e-02,8.096030302153137126e-02,7.954780527843002824e-02
6.690000000000000391e-01,8.312951613432247033e-02,8.109003650864067547e-02,7.969534316260407092e-02
6.700000000000000400e-01,8.325742238921898797e-02,8.121976999574997969e-02,7.984288104677811360e-02
6.710000000000000409e-01,8.340923730209316711e-02,8.137140879388375658e-02,7.999041893095214240e-02
6.720000000000000417e-01,8.356112386212952159e-02,8.152311323574262802e-02,8.013795681512618507e-02
6.730000000000000426e-01,8.371301042216588995e-02,8.167481767760149947e-02,8.028549469930022775e-02
6.740000000000000435e-01,8.386489698220225830e-02,8.182652211946037091e-02,8.043303258347427043e-02
6.750000000000000444e-01,8.401678354223861278e-02,8.197822656131922847e-02,8.058057046764831310e-02
6.760000000000000453e-01,8.416867010227498114e-02,8.212993100317809991e-02,8.072810835182235578e-02
6.770000000000000462e-01,8.432055666231133562e-02,8.228163544503697135e-02,8.087564623599639846e-02
6.780000000000000471e-01,8.447244322234770397e-02,8.243333988689584280e-02,8.102318412017044114e-02
6.790000000000000480e-01,8.462432978238405845e-02,8.258504432875470036e-02,8.117072200434446994e-02
6.800000000000000488e-01,8.477621634242042681e-02,8.273674877061357180e-02,8.131825988851851261e-02
6.810000000000000497e-01,8.490646809531768313e-02,8.286521434178269196e-02,8.144607221137972752e-02
6.820000000000000506e-01,8.503608403048798503e-02,8.299299695396614163e-02,8.157330482666713678e-02
6.830000000000000515e-01,8.516569996565830081e-02,8.312077956614960517e-02,8.170053744195453216e-02
6.840000000000000524e-01,8.529531590082860271e-02,8.324856217833305483e-02,8.182777005724192754e-02
6.850000000000000533e-01,8.542493183599891848e-02,8.337634479051651837e-02,8.195500267252933679e-02
6.860000000000000542e-01,8.555454777116922038e-02,8.350412740269996803e-02,8.208223528781673217e-02
6.870000000000000551e-01,8.568416370633953616e-02,8.363191001488343157e-02,8.220946790310414143e-02
6.879999999999999449e-01,8.581377964150982418e-02,8.375969262706686735e-02,8.233670051839152293e-02
6.889999999999999458e-01,8.594339557668013996e-02,8.388747523925033089e-02,8.246393313367891831e-02
6.899999999999999467e-01,8.607319404741191338e-02,8.401549035376650043e-02,8.259134939558897270e-02
6.909999999999999476e-01,8.621767084398755665e-02,8.416220179776393029e-02,8.273353332767753587e-02
6.919999999999999485e-01,8.636214764056319992e-02,8.430891324176134627e-02,8.287571725976609904e-02
6.929999999999999494e-01,8.650662443713885708e-02,8.445562468575877613e-02,8.301790119185464834e-02
6.939999999999999503e-01,8.665110123371450035e-02,8.460233612975620598e-02,8.316008512394321150e-02
6.949999999999999512e-01,8.679557803029015750e-02,8.474904757375363584e-02,8.330226905603176080e-02
6.959999999999999520e-01,8.694005482686580077e-02,8.489575901775106570e-02,8.344445298812032397e-02
6.969999999999999529e-01,8.708453162344145793e-02,8.504247046174849556e-02,8.358663692020888714e-02
6.979999999999999538e-01,8.722900842001710120e-02,8.518918190574591154e-02,8.372882085229743643e-02
6.989999999999999547e-01,8.737348521659275835e-02,8.533589334974334140e-02,8.387100478438599960e-02
6.999999999999999556e-01,8.751796201316840162e-02,8.548260479374077125e-02,8.401318871647454889e-02
7.009999999999999565e-01,8.766243880974404490e-02,8.562931623773820111e-02,8.415537264856311206e-02
7.019999999999999574e-01,8.780691560631970205e-02,8.577602768173563097e-02,8.429755658065167523e-02
7.029999999999999583e-01,8.795139240289534532e-02,8.592273912573306083e-02,8.443974051274022452e-02
7.039999999999999591e-01,8.809586919947100248e-02,8.606945056973049069e-02,8.458192444482878769e-02
7.049999999999999600e-01,8.824034599604664575e-02,8.621616201372790667e-02,8.472410837691733698e-02
7.059999999999999609e-01,8.838482279262230290e-02,8.636287345772533652e-02,8.486629230900590015e-02
7.069999999999999618e-01,8.852929958919794617e-02,8.650958490172276638e-02,8.500847624109446332e-02
7.079999999999999627e-01,8.867377638577358945e-02,8.665629634572019624e-02,8.515066017318301261e-02
7.089999999999999636e-01,8.881825318234924660e-02,8.680300778971762610e-02,8.529284410527157578e-02
7.099999999999999645e-01,8.896272997892488987e-02,8.694971923371505595e-02,8.543502803736012507e-02
7.109999999999999654e-01,8.910290311532179097e-02,8.709643067771247193e-02,8.557721196944868824e-02
7.119999999999999662e-01,8.924305182604409803e-02,8.724314212170990179e-02,8.571939590153725141e-02
7.129999999999999671e-01,8.938320053676640509e-02,8.738985356570733165e-02,8.586157983362580071e-02
7.139999999999999680e-01,8.952334924748871214e-02,8.753656500970476151e-02,8.600376376571436388e-02
7.149999999999999689e-01,8.966349795821101920e-02,8.768327645370219137e-02,8.614594769780291317e-02
7.159999999999999698e-01,8.980364666893332626e-02,8.782998789769962122e-02,8.628813162989147634e-02
7.169999999999999707e-01,8.994379537965563332e-02,8.797669934169705108e-02,8.643031556198003951e-02
7.179999999999999716e-01,9.008394409037794037e-02,8.812341078569446706e-02,8.657249949406858880e-02
7.189999999999999725e-01,9.022409280110026131e-02,8.827012222969189692e-02,8.671468342615715197e-02
7.199999999999999734e-01,9.036426924465278121e-02,8.841683367368932678e-02,8.685691062570434495e-02
7.209999999999999742e-01,9.051834122281919581e-02,8.856354511768675664e-02,8.702081698545584276e-02
7.219999999999999751e-01,9.067241320098559654e-02,8.871025656168418649e-02,8.718472334520734057e-02
7.229999999999999760e-01,9.082648517915201114e-02,8.885696800568161635e-02,8.734862970495885226e-02
7.239999999999999769e-01,9.098055715731841186e-02,8.900367944967903233e-02,8.751253606471035007e-02
7.249999999999999778e-01,9.113462913548482647e-02,8.915039089367646219e-02,8.767644242446184788e-02
7.259999999999999787e-01,9.128870111365124107e-02,8.929710233767389205e-02,8.784034878421334569e-02
7.269999999999999796e-01,9.144277309181764180e-02,8.944381378167132191e-02,8.800425514396484350e-02
7.279999999999999805e-01,9.159684506998405640e-02,8.959052522566875176e-02,8.816816150371634131e-02
7.289999999999999813e-01,9.175091704815047100e-02,8.973723666966618162e-02,8.833206786346783912e-02
7.299999999999999822e-01,9.190498902631687173e-02,8.988394811366359760e-02,8.849597422321935081e-02
7.309999999999999831e-01,9.203868608454117417e-02,9.001533068672536164e-02,8.862954624524908842e-02
7.319999999999999840e-01,9.217189131285483117e-02,9.014634323638365254e-02,8.876238602712017978e-02
7.329999999999999849e-01,9.230509654116848817e-02,9.027735578604194344e-02,8.889522580899127113e-02
7.339999999999999858e-01,9.243830176948214516e-02,9.040836833570022046e-02,8.902806559086236249e-02
7.349999999999999867e-01,9.257150699779580216e-02,9.053938088535851136e-02,8.916090537273345384e-02
7.359999999999999876e-01,9.270471222610945916e-02,9.067039343501680226e-02,8.929374515460454520e-02
7.369999999999999885e-01,9.283791745442311616e-02,9.080140598467507929e-02,8.942658493647563656e-02
7.379999999999999893e-01,9.297112268273677316e-02,9.093241853433337019e-02,8.955942471834672791e-02
7.389999999999999902e-01,9.310432791105043016e-02,9.106343108399166109e-02,8.969226450021781927e-02
7.399999999999999911e-01,9.323753313936408715e-02,9.119444363364993811e-02,8.982510428208891062e-02
7.409999999999999920e-01,9.339932841008040387e-02,9.135422603729832780e-02,8.997736371540332456e-02
7.419999999999999929e-01,9.356158663057767555e-02,9.151447430236152314e-02,9.012993760517272468e-02
7.429999999999999938e-01,9.372384485107494723e-02,9.167472256742471848e-02,9.028251149494213867e-02
7.439999999999999947e-01,9.388610307157221890e-02,9.183497083248791382e-02,9.043508538471153879e-02
7.449999999999999956e-01,9.404836129206950446e-02,9.199521909755109528e-02,9.058765927448093891e-02
7.459999999999999964e-01,9.421061951256677613e-02,9.215546736261429062e-02,9.074023316425035290e-02
7.469999999999999973e-01,9.437287773306404781e-02,9.231571562767748595e-02,9.089280705401975302e-02
7.479999999999999982e-01,9.453513595356131949e-02,9.247596389274068129e-02,9.104538094378915314e-02
7.489999999999999991e-01,9.469739417405860504e-02,9.263621215780387663e-02,9.119795483355856713e-02
7.500000000000000000e-01,9.485965239455587672e-02,9.279646042286707197e-02,9.135052872332796725e-02
7.510000000000000009e-01,9.499396510912555547e-02,9.293184189362091452e-02,9.147951478380972334e-02
7.520000000000000018e-01,9.512804395443248684e-02,9.306701526011403047e-02,9.160830344338345699e-02
7.530000000000000027e-01,9.526212279973941821e-02,9.320218862660714643e-02,9.173709210295719063e-02
7.540000000000000036e-01,9.539620164504634958e-02,9.333736199310026238e-02,9.186588076253093815e-02
7.550000000000000044e-01,9.553028049035328095e-02,9.347253535959337833e-02,9.199466942210467180e-02
7.560000000000000053e-01,9.566435933566021232e-02,9.360770872608649429e-02,9.212345808167840544e-02
7.570000000000000062e-01,9.579843818096715757e-02,9.374288209257959636e-02,9.225224674125213908e-02
7.580000000000000071e-01,9.593251702627408894e-02,9.387805545907271232e-02,9.238103540082587273e-02
7.590000000000000080e-01,9.606659587158102032e-02,9.401322882556582827e-02,9.250982406039960637e-02
7.600000000000000089e-01,9.620067471688795169e-02,9.414840219205894423e-02,9.263861271997334002e-02
7.610000000000000098e-01,9.635985152440761092e-02,9.431028696119274357e-02,9.279934741060862080e-02
7.620000000000000107e-01,9.651946919739207154e-02,9.447264093714265176e-02,9.296064325842924581e-02
7.630000000000000115e-01,9.667908687037654603e-02,9.463499491309257383e-02,9.312193910624987081e-02
7.640000000000000124e-01,9.683870454336100664e-02,9.479734888904248202e-02,9.328323495407048194e-02
7.650000000000000133e-01,9.699832221634548113e-02,9.495970286499240409e-02,9.344453080189110694e-02
7.660000000000000142e-01,9.715793988932994174e-02,9.512205684094232616e-02,9.360582664971171807e-02
7.670000000000000151e-01,9.731755756231441623e-02,9.528441081689223435e-02,9.376712249753234307e-02
7.680000000000000160e-01,9.747717523529887684e-02,9.544676479284215642e-02,9.392841834535295420e-02
7.690000000000000169e-01,9.763679290828335133e-02,9.560911876879206461e-02,9.408971419317357920e-02
7.700000000000000178e-01,9.779641058126781195e-02,9.577147274474198668e-02,9.425101004099420421e-02
7.710000000000000187e-01,9.794504577457396888e-02,9.592035748329957867e-02,9.441230588881481534e-02
7.720000000000000195e-01,9.809338518637303328e-02,9.606887946668239697e-02,9.457360173663544034e-02
7.730000000000000204e-01,9.824172459817208380e-02,9.621740145006520140e-02,9.473489758445605147e-02
7.740000000000000213e-01,9.839006400997114821e-02,9.636592343344801970e-02,9.489619343227667647e-02
7.750000000000000222e-01,9.853840342177021261e-02,9.651444541683083800e-02,9.505748928009728760e-02
7.760000000000000231e-01,9.868674283356927701e-02,9.666296740021364242e-02,9.521878512791791260e-02
7.770000000000000240e-01,9.883508224536832754e-02,9.681148938359646072e-02,9.538008097573853761e-02
7.780000000000000249e-01,9.898342165716739194e-02,9.696001136697926515e-02,9.554137682355914873e-02
7.790000000000000258e-01,9.913176106896645634e-02,9.710853335036208345e-02,9.570267267137977374e-02
7.800000000000000266e-01,9.928010048076552074e-02,9.725705533374490175e-02,9.586386406932699555e-02
7.810000000000000275e-01,9.942843989256457127e-02,9.740557731712770617e-02,9.601800913638054713e-02
7.820000000000000284e-01,9.957677930436363567e-02,9.755409930051052447e-02,9.617215420343411258e-02
7.830000000000000293e-01,9.972511871616270007e-02,9.770262128389334277e-02,9.632629927048767804e-02
7.840000000000000302e-01,9.987345812796176447e-02,9.785114326727614720e-02,9.648044433754122962e-02
7.850000000000000311e-01,1.000217975397608150e-01,9.799966525065896550e-02,9.663458940459479507e-02
7.860000000000000320e-01,1.001701369515598794e-01,9.814818723404178380e-02,9.678873447164834665e-02
7.870000000000000329e-01,1.003184763633589438e-01,9.829670921742458822e-02,9.694287953870191210e-02
7.880000000000000338e-01,1.004668157751580082e-01,9.844523120080740652e-02,9.709702460575547756e-02
7.890000000000000346e-01,1.006151551869570587e-01,9.859375318419021095e-02,9.725116967280902913e-02
7.900000000000000355e-01,1.007634945987561231e-01,9.874227516757302925e-02,9.740531473986259459e-02
7.910000000000000364e-01,1.009243859568337426e-01,9.890050179353455928e-02,9.755945980691616004e-02
7.920000000000000373e-01,1.010856329669583692e-01,9.905900339486023443e-02,9.771360487396971162e-02
7.930000000000000382e-01,1.012468799770830097e-01,9.921750499618590957e-02,9.786774994102327707e-02
7.940000000000000391e-01,1.014081269872076363e-01,9.937600659751157084e-02,9.802189500807682865e-02
7.950000000000000400e-01,1.015693739973322768e-01,9.953450819883724598e-02,9.817604007513039410e-02
7.960000000000000409e-01,1.017306210074569034e-01,9.969300980016292113e-02,9.833018514218395956e-02
7.970000000000000417e-01,1.018918680175815439e-01,9.985151140148859628e-02,9.848433020923751113e-02
7.980000000000000426e-01,1.020531150277061844e-01,1.000100130028142714e-01,9.863847527629107659e-02
7.990000000000000435e-01,1.022143620378308110e-01,1.001685146041399466e-01,9.879262034334462816e-02
8.000000000000000444e-01,1.023756090479554515e-01,1.003270162054656217e-01,9.894676541039819362e-02
8.010000000000000453e-01,1.025181953153781467e-01,1.004690470090003479e-01,9.907931168664158017e-02
8.020000000000000462e-01,1.026607194279771096e-01,1.006110229519354693e-01,9.921178602207010588e-02
8.030000000000000471e-01,1.028032435405760725e-01,1.007529988948706046e-01,9.934426035749863160e-02
8.040000000000000480e-01,1.029457676531750354e-01,1.008949748378057260e-01,9.947673469292717119e-02
8.050000000000000488e-01,1.030882917657739983e-01,1.010369507807408612e-01,9.960920902835569690e-02
8.060000000000000497e-01,1.032308158783729612e-01,1.011789267236759826e-01,9.974168336378422262e-02
8.070000000000000506e-01,1.033733399909719242e-01,1.013209026666111179e-01,9.987415769921276221e-02
8.080000000000000515e-01,1.035158641035708871e-01,1.014628786095462532e-01,1.000066320346412879e-01
8.090000000000000524e-01,1.036583882161698500e-01,1.016048545524813745e-01,1.001391063700698136e-01
8.100000000000000533e-01,1.038010419938509843e-01,1.017469727605780083e-01,1.002717592526111978e-01
8.110000000000000542e-01,1.039736115008719208e-01,1.019219137301689837e-01,1.004456057010160025e-01
8.120000000000000551e-01,1.041461810078928435e-01,1.020968546997599591e-01,1.006194521494208072e-01
8.129999999999999449e-01,1.043187505149137523e-01,1.022717956693509206e-01,1.007932985978255841e-01
8.139999999999999458e-01,1.044913200219346749e-01,1.024467366389418960e-01,1.009671450462303888e-01
8.149999999999999467e-01,1.046638895289556115e-01,1.026216776085328714e-01,1.011409914946351796e-01
8.159999999999999476e-01,1.048364590359765341e-01,1.027966185781238467e-01,1.013148379430399842e-01
8.169999999999999485e-01,1.050090285429974707e-01,1.029715595477148221e-01,1.014886843914447889e-01
8.179999999999999494e-01,1.051815980500183934e-01,1.031465005173057975e-01,1.016625308398495936e-01
8.189999999999999503e-01,1.053541675570393160e-01,1.033214414868967729e-01,1.018363772882543844e-01
8.199999999999999512e-01,1.055267370640602526e-01,1.034963824564877483e-01,1.020102237366591891e-01
8.209999999999999520e-01,1.056671682599106404e-01,1.036391851149081889e-01,1.021626446442836234e-01
8.219999999999999529e-01,1.058074493919392428e-01,1.037818377095068578e-01,1.023149655093602006e-01
8.229999999999999538e-01,1.059477305239678591e-01,1.039244903041055268e-01,1.024672863744367779e-01
8.239999999999999547e-01,1.060880116559964753e-01,1.040671428987041819e-01,1.026196072395133552e-01
8.249999999999999556e-01,1.062282927880250916e-01,1.042097954933028509e-01,1.027719281045899463e-01
8.259999999999999565e-01,1.063685739200537078e-01,1.043524480879015198e-01,1.029242489696665236e-01
8.269999999999999574e-01,1.065088550520823241e-01,1.044951006825001888e-01,1.030765698347431009e-01
8.279999999999999583e-01,1.066491361841109403e-01,1.046377532770988578e-01,1.032288906998196920e-01
8.289999999999999591e-01,1.067894173161395427e-01,1.047804058716975267e-01,1.033812115648962693e-01
8.299999999999999600e-01,1.069296984481681589e-01,1.049230584662961957e-01,1.035335324299728466e-01
8.309999999999999609e-01,1.071048147841957010e-01,1.050982070799738460e-01,1.037174639747810018e-01
8.319999999999999618e-01,1.072804117998464590e-01,1.052738040956246318e-01,1.039018317050532658e-01
8.329999999999999627e-01,1.074560088154972171e-01,1.054494011112754176e-01,1.040861994353255160e-01
8.339999999999999636e-01,1.076316058311479890e-01,1.056249981269261895e-01,1.042705671655977800e-01
8.349999999999999645e-01,1.078072028467987470e-01,1.058005951425769753e-01,1.044549348958700441e-01
8.359999999999999654e-01,1.079827998624495050e-01,1.059761921582277611e-01,1.046393026261422943e-01
8.369999999999999662e-01,1.081583968781002769e-01,1.061517891738785468e-01,1.048236703564145583e-01
8.379999999999999671e-01,1.083339938937510349e-01,1.063273861895293187e-01,1.050080380866868224e-01
8.389999999999999680e-01,1.085095909094017930e-01,1.065029832051801045e-01,1.051924058169590726e-01
8.399999999999999689e-01,1.086851879250525649e-01,1.066785802208308903e-01,1.053767735472313366e-01
8.409999999999999698e-01,1.088327519628429635e-01,1.068234243064354605e-01,1.055194940804964343e-01
8.419999999999999707e-01,1.089801474825817656e-01,1.069680835232088151e-01,1.056619642548974336e-01
8.429999999999999716e-01,1.091275430023205678e-01,1.071127427399821697e-01,1.058044344292984190e-01
8.439999999999999725e-01,1.092749385220593700e-01,1.072574019567555242e-01,1.059469046036994044e-01
8.449999999999999734e-01,1.094223340417981583e-01,1.074020611735288788e-01,1.060893747781004037e-01
8.459999999999999742e-01,1.095697295615369604e-01,1.075467203903022195e-01,1.062318449525013891e-01
8.469999999999999751e-01,1.097171250812757626e-01,1.076913796070755741e-01,1.063743151269023884e-01
8.479999999999999760e-01,1.098645206010145647e-01,1.078360388238489287e-01,1.065167853013033739e-01
8.489999999999999769e-01,1.100119161207533530e-01,1.079806980406222833e-01,1.066592554757043732e-01
8.499999999999999778e-01,1.101593116404921552e-01,1.081253572573956379e-01,1.068017256501053586e-01
8.509999999999999787e-01,1.103253976860042312e-01,1.082940090464551697e-01,1.069632717281268630e-01
8.519999999999999796e-01,1.104917671789803352e-01,1.084630246901142209e-01,1.071251070979837572e-01
8.529999999999999805e-01,1.106581366719564391e-01,1.086320403337732859e-01,1.072869424678406514e-01
8.539999999999999813e-01,1.108245061649325430e-01,1.088010559774323510e-01,1.074487778376975455e-01
8.549999999999999822e-01,1.109908756579086470e-01,1.089700716210914022e-01,1.076106132075544397e-01
8.559999999999999831e-01,1.111572451508847509e-01,1.091390872647504673e-01,1.077724485774113200e-01
8.569999999999999840e-01,1.113236146438608687e-01,1.093081029084095324e-01,1.079342839472682142e-01
8.579999999999999849e-01,1.114899841368369726e-01,1.094771185520685836e-01,1.080961193171251084e-01
8.589999999999999858e-01,1.116563536298130765e-01,1.096461341957276486e-01,1.082579546869820025e-01
8.599999999999999867e-01,1.118227231227891805e-01,1.098151498393867137e-01,1.084197900568388967e-01
8.609999999999999876e-01,1.119890926157652844e-01,1.099841654830457649e-01,1.085816254266957909e-01
8.619999999999999885e-01,1.121554621087413883e-01,1.101531811267048300e-01,1.087434607965526850e-01
8.629999999999999893e-01,1.123218316017174923e-01,1.103221967703638950e-01,1.089052961664095792e-01
8.639999999999999902e-01,1.124882010946936101e-01,1.104912124140229462e-01,1.090671315362664734e-01
8.649999999999999911e-01,1.126545705876697140e-01,1.106602280576820113e-01,1.092289669061233676e-01
8.659999999999999920e-01,1.128209400806458179e-01,1.108292437013410764e-01,1.093908022759802617e-01
8.669999999999999929e-01,1.129873095736219218e-01,1.109982593450001276e-01,1.095526376458371559e-01
8.679999999999999938e-01,1.131536790665980258e-01,1.111672749886591927e-01,1.097144730156940501e-01
8.689999999999999947e-01,1.133200485595741297e-01,1.113362906323182577e-01,1.098763083855509443e-01
8.699999999999999956e-01,1.134864159047784260e-01,1.115053062759773089e-01,1.100381437554078384e-01
8.709999999999999964e-01,1.136463156646248945e-01,1.116743219196363740e-01,1.101999791252647326e-01
8.719999999999999973e-01,1.138062154244713631e-01,1.118433375632954391e-01,1.103618144951216129e-01
8.729999999999999982e-01,1.139661151843178455e-01,1.120123532069544903e-01,1.105236498649785071e-01
8.739999999999999991e-01,1.141260149441643140e-01,1.121813688506135553e-01,1.106854852348354012e-01
8.750000000000000000e-01,1.142859147040107826e-01,1.123503844942726204e-01,1.108473206046922954e-01
8.760000000000000009e-01,1.144458144638572511e-01,1.125194001379316716e-01,1.110091559745491896e-01
8.770000000000000018e-01,1.146057142237037196e-01,1.126884157815907367e-01,1.111709913444060838e-01
8.780000000000000027e-01,1.147656139835502020e-01,1.128574314252498018e-01,1.113328267142629779e-01
8.790000000000000036e-01,1.149255137433966706e-01,1.130264470689088530e-01,1.114946620841198721e-01
8.800000000000000044e-01,1.150854135032431391e-01,1.131954627125679180e-01,1.116564974539767663e-01
8.810000000000000053e-01,1.152641767415316237e-01,1.133644783562269831e-01,1.118481336731686204e-01
8.820000000000000062e-01,1.154434282216080243e-01,1.135334939998860343e-01,1.120405412251772315e-01
8.830000000000000071e-01,1.156226797016844110e-01,1.137025096435450994e-01,1.122329487771858286e-01
8.840000000000000080e-01,1.158019311817608116e-01,1.138715252872041644e-01,1.124253563291944397e-01
8.850000000000000089e-01,1.159811826618371983e-01,1.140405409308632156e-01,1.126177638812030507e-01
8.860000000000000098e-01,1.161604341419135988e-01,1.142095565745222807e-01,1.128101714332116617e-01
8.870000000000000107e-01,1.163396856219899855e-01,1.143785722181813458e-01,1.130025789852202728e-01
8.880000000000000115e-01,1.165189371020663861e-01,1.145475878618403970e-01,1.131949865372288838e-01
8.890000000000000124e-01,1.166981885821427867e-01,1.147166035054994621e-01,1.133873940892374810e-01
8.900000000000000133e-01,1.168774400622191734e-01,1.148856191491585271e-01,1.135798016412460920e-01
8.910000000000000142e-01,1.170303731177177037e-01,1.150363942332111034e-01,1.137338652065097433e-01
8.920000000000000151e-01,1.171828348196856662e-01,1.151868426353931801e-01,1.138872420447440276e-01
8.930000000000000160e-01,1.173352965216536287e-01,1.153372910375752708e-01,1.140406188829783257e-01
8.940000000000000169e-01,1.174877582236216050e-01,1.154877394397573476e-01,1.141939957212126100e-01
8.950000000000000178e-01,1.176402199255895675e-01,1.156381878419394243e-01,1.143473725594468943e-01
8.960000000000000187e-01,1.177926816275575300e-01,1.157886362441215011e-01,1.145007493976811785e-01
8.970000000000000195e-01,1.179451433295254925e-01,1.159390846463035779e-01,1.146541262359154628e-01
8.980000000000000204e-01,1.180976050314934689e-01,1.160895330484856547e-01,1.148075030741497471e-01
8.990000000000000213e-01,1.182500667334614314e-01,1.162399814506677315e-01,1.149608799123840314e-01
9.000000000000000222e-01,1.184027866904862059e-01,1.163906808852291086e-01,1.151144253590270922e-01
9.010000000000000231e-01,1.185941454778698667e-01,1.165789385292519409e-01,1.152931971527696997e-01
9.020000000000000240e-01,1.187855042652535276e-01,1.167671961732747593e-01,1.154719689465123073e-01
9.030000000000000249e-01,1.189768630526371884e-01,1.169554538172975916e-01,1.156507407402549148e-01
9.040000000000000258e-01,1.191682218400208493e-01,1.171437114613204100e-01,1.158295125339975223e-01
9.050000000000000266e-01,1.193595806274045101e-01,1.173319691053432423e-01,1.160082843277401299e-01
9.060000000000000275e-01,1.195509394147881710e-01,1.175202267493660746e-01,1.161870561214827374e-01
9.070000000000000284e-01,1.197422982021718318e-01,1.177084843933888930e-01,1.163658279152253450e-01
9.080000000000000293e-01,1.199336569895554927e-01,1.178967420374117253e-01,1.165445997089679525e-01
9.090000000000000302e-01,1.201250157769391674e-01,1.180849996814345437e-01,1.167233715027105601e-01
9.100000000000000311e-01,1.203163745643228283e-01,1.182732573254573760e-01,1.169021432964531676e-01
9.110000000000000320e-01,1.204675121719269854e-01,1.184243877266068223e-01,1.170426958695908182e-01
9.120000000000000329e-01,1.206185560956197084e-01,1.185754316502995453e-01,1.171831594218171457e-01
9.130000000000000338e-01,1.207696000193124314e-01,1.187264755739922822e-01,1.173236229740434733e-01
9.140000000000000346e-01,1.209206439430051544e-01,1.188775194976850191e-01,1.174640865262698147e-01
9.150000000000000355e-01,1.210716878666978635e-01,1.190285634213777560e-01,1.176045500784961423e-01
9.160000000000000364e-01,1.212227317903905865e-01,1.191796073450704929e-01,1.177450136307224698e-01
9.170000000000000373e-01,1.213737757140833096e-01,1.193306512687632298e-01,1.178854771829487974e-01
9.180000000000000382e-01,1.215248196377760326e-01,1.194816951924559667e-01,1.180259407351751388e-01
9.190000000000000391e-01,1.216758635614687556e-01,1.196327391161487036e-01,1.181664042874014664e-01
9.200000000000000400e-01,1.218269074851614786e-01,1.197837830398414405e-01,1.183068678396277940e-01
9.210000000000000409e-01,1.220215580757737228e-01,1.199811435426633571e-01,1.185055542077119856e-01
9.220000000000000417e-01,1.222167064761015831e-01,1.201790327913103834e-01,1.187049052421292605e-01
9.230000000000000426e-01,1.224118548764294295e-01,1.203769220399574097e-01,1.189042562765465355e-01
9.240000000000000435e-01,1.226070032767572759e-01,1.205748112886044360e-01,1.191036073109638105e-01
9.250000000000000444e-01,1.228021516770851362e-01,1.207727005372514623e-01,1.193029583453810855e-01
9.260000000000000453e-01,1.229973000774129827e-01,1.209705897858985024e-01,1.195023093797983604e-01
9.270000000000000462e-01,1.231924484777408429e-01,1.211684790345455287e-01,1.197016604142156354e-01
9.280000000000000471e-01,1.233875968780686894e-01,1.213663682831925550e-01,1.199010114486329104e-01
9.290000000000000480e-01,1.235827452783965358e-01,1.215642575318395813e-01,1.201003624830501854e-01
9.300000000000000488e-01,1.237778936787243961e-01,1.217621467804866076e-01,1.202997135174674603e-01
9.310000000000000497e-01,1.239378228531331644e-01,1.219249940285139083e-01,1.204741983629988439e-01
9.320000000000000506e-01,1.240976229463152947e-01,1.220877128448591836e-01,1.206485920719966992e-01
9.330000000000000515e-01,1.242574230394974388e-01,1.222504316612044728e-01,1.208229857809945545e-01
9.340000000000000524e-01,1.244172231326795691e-01,1.224131504775497481e-01,1.209973794899924238e-01
9.350000000000000533e-01,1.245770232258616994e-01,1.225758692938950234e-01,1.211717731989902791e-01
9.360000000000000542e-01,1.247368233190438297e-01,1.227385881102403126e-01,1.213461669079881344e-01
9.370000000000000551e-01,1.248966234122259600e-01,1.229013069265855879e-01,1.215205606169860036e-01
9.379999999999999449e-01,1.250564235054080764e-01,1.230640257429308493e-01,1.216949543259838451e-01
9.389999999999999458e-01,1.252162235985901928e-01,1.232267445592761385e-01,1.218693480349817004e-01
9.399999999999999467e-01,1.253760236917723370e-01,1.233894633756214138e-01,1.220437417439795558e-01
9.409999999999999476e-01,1.255591192224543018e-01,1.235787901331834443e-01,1.222418758522103438e-01
9.419999999999999485e-01,1.257425123783338927e-01,1.237684568368728477e-01,1.224403132705212116e-01
9.429999999999999494e-01,1.259259055342134836e-01,1.239581235405622511e-01,1.226387506888320933e-01
9.439999999999999503e-01,1.261092986900930746e-01,1.241477902442516407e-01,1.228371881071429611e-01
9.449999999999999512e-01,1.262926918459726655e-01,1.243374569479410441e-01,1.230356255254538289e-01
9.459999999999999520e-01,1.264760850018522842e-01,1.245271236516304475e-01,1.232340629437646967e-01
9.469999999999999529e-01,1.266594781577318751e-01,1.247167903553198509e-01,1.234325003620755784e-01
9.479999999999999538e-01,1.268428713136114661e-01,1.249064570590092405e-01,1.236309377803864462e-01
9.489999999999999547e-01,1.270262644694910570e-01,1.250961237626986577e-01,1.238293751986973140e-01
9.499999999999999556e-01,1.272096576253706479e-01,1.252857904663880473e-01,1.240278126170081818e-01
9.509999999999999565e-01,1.273930507812502666e-01,1.254617123231099307e-01,1.241943395335430717e-01
9.519999999999999574e-01,1.275764439371298575e-01,1.256375653936893655e-01,1.243607067538422956e-01
9.529999999999999583e-01,1.277598370930094485e-01,1.258134184642688280e-01,1.245270739741415195e-01
9.539999999999999591e-01,1.279432302488890394e-01,1.259892715348482628e-01,1.246934411944407434e-01
9.549999999999999600e-01,1.281266234047686303e-01,1.261651246054276976e-01,1.248598084147399673e-01
9.559999999999999609e-01,1.283100165606482213e-01,1.263409776760071601e-01,1.250261756350392051e-01
9.569999999999999618e-01,1.284934097165278399e-01,1.265168307465865949e-01,1.251925428553384290e-01
9.579999999999999627e-01,1.286768028724074309e-01,1.266926838171660574e-01,1.253589100756376529e-01
9.589999999999999636e-01,1.288601960282870218e-01,1.268685368877454922e-01,1.255252772959368768e-01
9.599999999999999645e-01,1.290435891841666127e-01,1.270443899583249270e-01,1.256916445162361007e-01
9.609999999999999654e-01,1.292238644267408032e-01,1.272202430289043895e-01,1.258580117365353246e-01
9.619999999999999662e-01,1.294040955820649486e-01,1.273960960994838243e-01,1.260243789568345485e-01
9.629999999999999671e-01,1.295843267373890939e-01,1.275719491700632868e-01,1.261907461771337724e-01
9.639999999999999680e-01,1.297645578927132115e-01,1.277478022406427216e-01,1.263571133974329963e-01
9.649999999999999689e-01,1.299447890480373569e-01,1.279236553112221564e-01,1.265234806177322202e-01
9.659999999999999698e-01,1.301250202033615022e-01,1.280995083818016189e-01,1.266898478380314441e-01
9.669999999999999707e-01,1.303052513586856198e-01,1.282753614523810537e-01,1.268562150583306680e-01
9.679999999999999716e-01,1.304854825140097652e-01,1.284512145229605162e-01,1.270225822786298919e-01
9.689999999999999725e-01,1.306657136693338828e-01,1.286270675935399510e-01,1.271889494989291158e-01
9.699999999999999734e-01,1.308459448246580281e-01,1.288029206641193858e-01,1.273553167192283675e-01
9.709999999999999742e-01,1.310414656802935118e-01,1.289997695369544117e-01,1.275421552536251946e-01
9.719999999999999751e-01,1.312373449735064757e-01,1.291971106159375826e-01,1.277294736985554735e-01
9.729999999999999760e-01,1.314332242667194117e-01,1.293944516949207812e-01,1.279167921434857524e-01
9.739999999999999769e-01,1.316291035599323478e-01,1.295917927739039799e-01,1.281041105884160314e-01
9.749999999999999778e-01,1.318249828531452839e-01,1.297891338528871508e-01,1.282914290333463103e-01
9.759999999999999787e-01,1.320208621463582199e-01,1.299864749318703494e-01,1.284787474782765893e-01
9.769999999999999796e-01,1.322167414395711837e-01,1.301838160108535480e-01,1.286660659232068682e-01
9.779999999999999805e-01,1.324126207327841198e-01,1.303811570898367189e-01,1.288533843681371471e-01
9.789999999999999813e-01,1.326085000259970559e-01,1.305784981688199176e-01,1.290407028130674261e-01
9.799999999999999822e-01,1.328043793192099919e-01,1.307758392478030884e-01,1.292280212579977050e-01
9.809999999999999831e-01,1.329756880729438540e-01,1.309504037452308423e-01,1.294153397029279839e-01
9.819999999999999840e-01,1.331466157981855136e-01,1.311246150340310279e-01,1.296026581478582629e-01
9.829999999999999849e-01,1.333175435234271733e-01,1.312988263228312136e-01,1.297899765927885418e-01
9.839999999999999858e-01,1.334884712486688330e-01,1.314730376116313992e-01,1.299772950377188208e-01
9.849999999999999867e-01,1.336593989739104926e-01,1.316472489004316127e-01,1.301646134826490719e-01
9.859999999999999876e-01,1.338303266991521523e-01,1.318214601892317983e-01,1.303519319275793509e-01
9.869999999999999885e-01,1.340012544243938120e-01,1.319956714780319840e-01,1.305392503725096298e-01
9.879999999999999893e-01,1.341721821496354439e-01,1.321698827668321696e-01,1.307265688174399088e-01
9.889999999999999902e-01,1.343431098748771035e-01,1.323440940556323553e-01,1.309138872623701877e-01
9.899999999999999911e-01,1.345140376001187632e-01,1.325183053444325409e-01,1.311012057073004666e-01
9.909999999999999920e-01,1.347260606849251530e-01,1.327318367372374575e-01,1.313279133464269888e-01
9.919999999999999929e-01,1.349391044077231372e-01,1.329463446780615177e-01,1.315555992494859827e-01
9.929999999999999938e-01,1.351521481305210937e-01,1.331608526188856056e-01,1.317832851525450044e-01
9.939999999999999947e-01,1.353651918533190779e-01,1.333753605597096936e-01,1.320109710556040261e-01
9.949999999999999956e-01,1.355782355761170621e-01,1.335898685005337816e-01,1.322386569586630478e-01
9.959999999999999964e-01,1.357912792989150463e-01,1.338043764413578696e-01,1.324663428617220418e-01
9.969999999999999973e-01,1.360043230217130306e-01,1.340188843821819575e-01,1.326940287647810635e-01
9.979999999999999982e-01,1.362173667445109870e-01,1.342333923230060455e-01,1.329217146678400852e-01
9.989999999999999991e-01,1.364304104673089713e-01,1.344479002638301335e-01,1.331494005708991069e-01
1.000000000000000000e+00,1.366434541901069555e-01,1.346624082046542215e-01,1.333770864739581008e-01
1.000999999999999890e+00,1.368103686709995215e-01,1.348271336431744460e-01,1.335434536942576578e-01
1.002000000000000002e+00,1.369772831518918932e-01,1.349918590816944208e-01,1.337098209145569094e-01
1.002999999999999892e+00,1.371441976327842371e-01,1.351565845202143679e-01,1.338761881348561333e-01
1.004000000000000004e+00,1.373111121136765811e-01,1.353213099587343704e-01,1.340425553551553850e-01
1.004999999999999893e+00,1.374780265945689250e-01,1.354860353972543174e-01,1.342089225754546089e-01
1.006000000000000005e+00,1.376449410754612968e-01,1.356507608357743200e-01,1.343752897957538883e-01
1.006999999999999895e+00,1.378118555563536130e-01,1.358154862742942670e-01,1.345416570160531122e-01
1.008000000000000007e+00,1.379787700372459847e-01,1.359802117128142696e-01,1.347080242363523639e-01
1.008999999999999897e+00,1.381456845181383009e-01,1.361449371513342166e-01,1.348743914566515878e-01
1.010000000000000009e+00,1.383125989990306726e-01,1.363096625898542191e-01,1.350407586769508395e-01
1.010999999999999899e+00,1.385350193166020594e-01,1.365288037487996931e-01,1.352474196571181175e-01
1.012000000000000011e+00,1.387579416465645477e-01,1.367484370607791599e-01,1.354544450668292155e-01
1.012999999999999901e+00,1.389808639765270082e-01,1.369680703727585713e-01,1.356614704765402579e-01
1.014000000000000012e+00,1.392037863064894965e-01,1.371877036847380105e-01,1.358684958862513559e-01
1.014999999999999902e+00,1.394267086364519570e-01,1.374073369967174496e-01,1.360755212959623983e-01
1.016000000000000014e+00,1.396496309664144453e-01,1.376269703086968887e-01,1.362825467056734963e-01
1.016999999999999904e+00,1.398725532963768781e-01,1.378466036206763001e-01,1.364895721153845387e-01
1.018000000000000016e+00,1.400954756263393941e-01,1.380662369326557670e-01,1.366965975250956089e-01
1.018999999999999906e+00,1.403183979563018269e-01,1.382858702446351784e-01,1.369036229348066513e-01
1.020000000000000018e+00,1.405413202862643429e-01,1.385055035566146453e-01,1.371106483445177493e-01
1.020999999999999908e+00,1.407128635884610235e-01,1.386763137795048451e-01,1.372685071900747178e-01
1.022000000000000020e+00,1.408843385742957754e-01,1.388470590845488073e-01,1.374263006610822180e-01
1.022999999999999909e+00,1.410558135601304719e-01,1.390178043895927140e-01,1.375840941320896627e-01
1.024000000000000021e+00,1.412272885459652239e-01,1.391885496946366485e-01,1.377418876030971628e-01
1.024999999999999911e+00,1.413987635317999203e-01,1.393592949996805552e-01,1.378996810741046075e-01
1.026000000000000023e+00,1.415702385176346723e-01,1.395300403047245175e-01,1.380574745451121077e-01
1.026999999999999913e+00,1.417417135034693687e-01,1.397007856097684242e-01,1.382152680161195524e-01
1.028000000000000025e+00,1.419131884893041207e-01,1.398715309148123587e-01,1.383730614871270526e-01
1.028999999999999915e+00,1.420846634751388171e-01,1.400422762198562654e-01,1.385308549581345250e-01
1.030000000000000027e+00,1.422561384609735691e-01,1.402130215249002276e-01,1.386886484291419974e-01
1.030999999999999917e+00,1.424803397670430793e-01,1.404401088063802761e-01,1.389168683210267041e-01
1.032000000000000028e+00,1.427050893292184097e-01,1.406677819400961316e-01,1.391458205172915186e-01
1.032999999999999918e+00,1.429298388913936846e-01,1.408954550738119316e-01,1.393747727135562775e-01
1.034000000000000030e+00,1.431545884535690150e-01,1.411231282075277871e-01,1.396037249098211197e-01
1.034999999999999920e+00,1.433793380157442898e-01,1.413508013412435871e-01,1.398326771060858786e-01
1.036000000000000032e+00,1.436040875779195924e-01,1.415784744749594426e-01,1.400616293023506931e-01
1.036999999999999922e+00,1.438288371400948673e-01,1.418061476086752704e-01,1.402905814986154798e-01
1.038000000000000034e+00,1.440535867022701977e-01,1.420338207423911259e-01,1.405195336948802942e-01
1.038999999999999924e+00,1.442783362644454725e-01,1.422614938761069259e-01,1.407484858911450532e-01
1.040000000000000036e+00,1.445030858266208029e-01,1.424891670098227814e-01,1.409774380874098676e-01
1.040999999999999925e+00,1.446879836062034685e-01,1.426771654611748708e-01,1.411796309226200086e-01
1.042000000000000037e+00,1.448727752664700774e-01,1.428650582648022804e-01,1.413817525016677346e-01
1.042999999999999927e+00,1.450575669267366308e-01,1.430529510684296624e-01,1.415838740807154605e-01
1.044000000000000039e+00,1.452423585870032119e-01,1.432408438720570720e-01,1.417859956597632143e-01
1.044999999999999929e+00,1.454271502472697930e-01,1.434287366756844539e-01,1.419881172388109125e-01
1.046000000000000041e+00,1.456119419075363741e-01,1.436166294793118914e-01,1.421902388178586663e-01
1.046999999999999931e+00,1.457967335678029275e-01,1.438045222829392733e-01,1.423923603969063645e-01
1.048000000000000043e+00,1.459815252280695363e-01,1.439924150865666830e-01,1.425944819759541182e-01
1.048999999999999932e+00,1.461663168883360897e-01,1.441803078901940649e-01,1.427966035550018165e-01
1.050000000000000044e+00,1.463511085486026986e-01,1.443682006938214746e-01,1.429987251340495702e-01
1.050999999999999934e+00,1.465629388727329174e-01,1.445871040116150086e-01,1.432273655846040550e-01
1.052000000000000046e+00,1.467750870530535878e-01,1.448063718771518960e-01,1.434563177808688417e-01
1.052999999999999936e+00,1.469872352333742027e-01,1.450256397426887556e-01,1.436852699771335728e-01
1.054000000000000048e+00,1.471993834136948454e-01,1.452449076082256429e-01,1.439142221733983318e-01
1.054999999999999938e+00,1.474115315940154602e-01,1.454641754737625026e-01,1.441431743696630630e-01
1.056000000000000050e+00,1.476236797743361029e-01,1.456834433392993899e-01,1.443721265659278497e-01
1.056999999999999940e+00,1.478358279546567178e-01,1.459027112048362496e-01,1.446010787621925808e-01
1.058000000000000052e+00,1.480479761349773604e-01,1.461219790703731369e-01,1.448300309584573675e-01
1.058999999999999941e+00,1.482601243152979753e-01,1.463412469359099966e-01,1.450589831547220987e-01
1.060000000000000053e+00,1.484722724956186457e-01,1.465605148014468839e-01,1.452879353509868854e-01
1.060999999999999943e+00,1.486844206759392328e-01,1.467647941607981288e-01,1.454802615187254511e-01
1.062000000000000055e+00,1.488965688562599032e-01,1.469690135721194169e-01,1.456724411969987643e-01
1.062999999999999945e+00,1.491087170365805181e-01,1.471732329834406494e-01,1.458646208752720219e-01
1.064000000000000057e+00,1.493208652169011608e-01,1.473774523947619097e-01,1.460568005535453351e-01
1.064999999999999947e+00,1.495330133972217757e-01,1.475816718060831423e-01,1.462489802318185927e-01
1.066000000000000059e+00,1.497451615775424183e-01,1.477858912174044304e-01,1.464411599100919059e-01
1.066999999999999948e+00,1.499573097578630332e-01,1.479901106287256629e-01,1.466333395883651636e-01
1.068000000000000060e+00,1.501694579381836758e-01,1.481943300400469510e-01,1.468255192666384767e-01
1.068999999999999950e+00,1.503816061185042907e-01,1.483985494513681835e-01,1.470176989449117344e-01
1.070000000000000062e+00,1.505937542988249611e-01,1.486027688626894439e-01,1.472098786231850476e-01
1.070999999999999952e+00,1.508033880866088416e-01,1.488069882740106764e-01,1.474020583014583052e-01
1.072000000000000064e+00,1.510129888937621900e-01,1.490112076853319645e-01,1.475942379797316184e-01
1.072999999999999954e+00,1.512225897009154829e-01,1.492154270966531970e-01,1.477864176580048761e-01
1.074000000000000066e+00,1.514321905080688313e-01,1.494196465079744851e-01,1.479785973362781892e-01
1.074999999999999956e+00,1.516417913152221242e-01,1.496238659192957177e-01,1.481707770145514469e-01
1.076000000000000068e+00,1.518513921223754726e-01,1.498280853306169780e-01,1.483629566928247601e-01
1.076999999999999957e+00,1.520609929295287654e-01,1.500323047419382105e-01,1.485551363710980177e-01
1.078000000000000069e+00,1.522705937366821138e-01,1.502365241532594986e-01,1.487473160493713309e-01
1.078999999999999959e+00,1.524801945438354067e-01,1.504407435645807312e-01,1.489394957276445886e-01
1.080000000000000071e+00,1.526897953509887551e-01,1.506449629759020192e-01,1.491316754059179017e-01
1.080999999999999961e+00,1.529176086761619702e-01,1.508733732726857402e-01,1.493478530234831625e-01
1.082000000000000073e+00,1.531458299795416256e-01,1.511023254689505269e-01,1.495645682183466274e-01
1.082999999999999963e+00,1.533740512829212255e-01,1.513312776652152580e-01,1.497812834132100646e-01
1.084000000000000075e+00,1.536022725863008809e-01,1.515602298614800170e-01,1.499979986080735295e-01
1.084999999999999964e+00,1.538304938896805085e-01,1.517891820577447481e-01,1.502147138029369389e-01
1.086000000000000076e+00,1.540587151930601639e-01,1.520181342540095348e-01,1.504314289978004038e-01
1.086999999999999966e+00,1.542869364964397638e-01,1.522470864502742660e-01,1.506481441926638409e-01
1.088000000000000078e+00,1.545151577998194192e-01,1.524760386465390249e-01,1.508648593875273058e-01
1.088999999999999968e+00,1.547433791031990469e-01,1.527049908428037561e-01,1.510815745823907430e-01
1.090000000000000080e+00,1.549716004065787023e-01,1.529339430390685428e-01,1.512982897772542079e-01
1.090999999999999970e+00,1.551723285448606549e-01,1.531382719802197867e-01,1.515150049721176173e-01
1.092000000000000082e+00,1.553726585401124516e-01,1.533422443390216605e-01,1.517317201669811100e-01
1.092999999999999972e+00,1.555729885353642206e-01,1.535462166978234511e-01,1.519484353618445194e-01
1.094000000000000083e+00,1.557733185306160173e-01,1.537501890566253249e-01,1.521651505567079843e-01
1.094999999999999973e+00,1.559736485258677863e-01,1.539541614154271154e-01,1.523818657515714214e-01
1.096000000000000085e+00,1.561739785211195830e-01,1.541581337742289615e-01,1.525985809464348864e-01
1.096999999999999975e+00,1.563743085163713242e-01,1.543621061330307798e-01,1.528152961412983235e-01
1.098000000000000087e+00,1.565746385116231210e-01,1.545660784918326258e-01,1.530320113361617884e-01
1.098999999999999977e+00,1.567749685068748899e-01,1.547700508506344441e-01,1.532487265310251978e-01
1.100000000000000089e+00,1.569752985021266867e-01,1.549740232094362902e-01,1.534654417258886905e-01
1.100999999999999979e+00,1.572240865862056525e-01,1.552250687405543339e-01,1.537319573499469072e-01
1.102000000000000091e+00,1.574748851708067943e-01,1.554780673127396928e-01,1.540005391675204893e-01
1.102999999999999980e+00,1.577256837554078805e-01,1.557310658849249962e-01,1.542691209850940159e-01
1.104000000000000092e+00,1.579764823400090223e-01,1.559840644571103552e-01,1.545377028026675981e-01
1.104999999999999982e+00,1.582272809246101086e-01,1.562370630292956308e-01,1.548062846202410969e-01
1.106000000000000094e+00,1.584780795092112504e-01,1.564900616014809898e-01,1.550748664378146791e-01
1.106999999999999984e+00,1.587288780938123367e-01,1.567430601736662932e-01,1.553434482553882057e-01
1.108000000000000096e+00,1.589796766784134785e-01,1.569960587458516521e-01,1.556120300729617878e-01
1.108999999999999986e+00,1.592304752630145925e-01,1.572490573180369555e-01,1.558806118905353144e-01
1.110000000000000098e+00,1.594812188290594124e-01,1.575019970455835694e-01,1.561491222506605492e-01
1.110999999999999988e+00,1.596767732809900864e-01,1.576959097157349665e-01,1.563459536439750774e-01
1.112000000000000099e+00,1.598723277329207881e-01,1.578898223858864192e-01,1.565427850372896612e-01
1.112999999999999989e+00,1.600678821848514621e-01,1.580837350560378163e-01,1.567396164306042172e-01
1.114000000000000101e+00,1.602634366367821639e-01,1.582776477261892412e-01,1.569364478239188010e-01
1.114999999999999991e+00,1.604589910887128379e-01,1.584715603963406383e-01,1.571332792172333570e-01
1.116000000000000103e+00,1.606545455406435396e-01,1.586654730664920909e-01,1.573301106105479408e-01
1.116999999999999993e+00,1.608500999925742136e-01,1.588593857366434881e-01,1.575269420038624690e-01
1.118000000000000105e+00,1.610456544445049154e-01,1.590532984067949129e-01,1.577237733971770806e-01
1.118999999999999995e+00,1.612412088964355894e-01,1.592472110769463101e-01,1.579206047904916088e-01
1.120000000000000107e+00,1.614367633483662912e-01,1.594411237470977627e-01,1.581174361838061926e-01
1.120999999999999996e+00,1.617027138835772093e-01,1.597028989653984932e-01,1.583642144125586293e-01
1.122000000000000108e+00,1.619692297924118229e-01,1.599652192096860936e-01,1.586113937804374263e-01
1.122999999999999998e+00,1.622357457012464088e-01,1.602275394539736386e-01,1.588585731483161678e-01
1.124000000000000110e+00,1.625022616100810224e-01,1.604898596982612391e-01,1.591057525161949648e-01
1.125000000000000000e+00,1.627687775189155805e-01,1.607521799425487841e-01,1.593529318840736786e-01
1.125999999999999890e+00,1.630352934277501664e-01,1.610145001868363290e-01,1.596001112519524201e-01
1.127000000000000002e+00,1.633018093365847800e-01,1.612768204311239295e-01,1.598472906198312171e-01
1.127999999999999892e+00,1.635683252454193382e-01,1.615391406754114745e-01,1.600944699877099586e-01
1.129000000000000004e+00,1.638348411542539795e-01,1.618014609196990750e-01,1.603416493555887279e-01
1.129999999999999893e+00,1.641013570630885376e-01,1.620637811639866199e-01,1.605888287234674694e-01
1.131000000000000005e+00,1.643005878308225753e-01,1.622611446005638447e-01,1.607677932255129893e-01
1.131999999999999895e+00,1.644986598026908498e-01,1.624573893402193325e-01,1.609455829198191135e-01
1.133000000000000007e+00,1.646967317745591797e-01,1.626536340798748481e-01,1.611233726141252931e-01
1.133999999999999897e+00,1.648948037464274541e-01,1.628498788195303359e-01,1.613011623084314172e-01
1.135000000000000009e+00,1.650928757182957840e-01,1.630461235591858515e-01,1.614789520027375969e-01
1.135999999999999899e+00,1.652909476901640584e-01,1.632423682988413394e-01,1.616567416970437210e-01
1.137000000000000011e+00,1.654890196620323606e-01,1.634386130384968550e-01,1.618345313913499006e-01
1.137999999999999901e+00,1.656870916339006627e-01,1.636348577781523428e-01,1.620123210856560247e-01
1.139000000000000012e+00,1.658851636057689649e-01,1.638311025178078861e-01,1.621901107799622044e-01
1.139999999999999902e+00,1.660832355776372393e-01,1.640273472574633462e-01,1.623679004742683285e-01
1.141000000000000014e+00,1.663596912741385492e-01,1.643061392914205721e-01,1.626445296920146777e-01
1.141999999999999904e+00,1.666368824008214178e-01,1.645857058199800549e-01,1.629220862651400703e-01
1.143000000000000016e+00,1.669140735275043141e-01,1.648652723485395932e-01,1.631996428382655462e-01
1.143999999999999906e+00,1.671912646541871550e-01,1.651448388770990761e-01,1.634771994113909388e-01
1.145000000000000018e+00,1.674684557808700791e-01,1.654244054056586422e-01,1.637547559845163869e-01
1.145999999999999908e+00,1.677456469075529200e-01,1.657039719342181250e-01,1.640323125576417795e-01
1.147000000000000020e+00,1.680228380342358163e-01,1.659835384627776633e-01,1.643098691307672277e-01
1.147999999999999909e+00,1.683000291609186572e-01,1.662631049913371462e-01,1.645874257038926480e-01
1.149000000000000021e+00,1.685772202876015813e-01,1.665426715198967123e-01,1.648649822770180962e-01
1.149999999999999911e+00,1.688544114142844221e-01,1.668222380484561951e-01,1.651425388501434888e-01
1.151000000000000023e+00,1.690625052555863594e-01,1.670341539662142105e-01,1.653699057820152141e-01
1.151999999999999913e+00,1.692704842142932209e-01,1.672459574066486598e-01,1.655971892675373036e-01
1.153000000000000025e+00,1.694784631730001379e-01,1.674577608470831647e-01,1.658244727530594487e-01
1.153999999999999915e+00,1.696864421317069993e-01,1.676695642875176140e-01,1.660517562385815382e-01
1.155000000000000027e+00,1.698944210904139163e-01,1.678813677279521188e-01,1.662790397241036833e-01
1.155999999999999917e+00,1.701024000491207777e-01,1.680931711683865681e-01,1.665063232096257728e-01
1.157000000000000028e+00,1.703103790078276947e-01,1.683049746088210452e-01,1.667336066951479179e-01
1.157999999999999918e+00,1.705183579665345561e-01,1.685167780492554945e-01,1.669608901806700074e-01
1.159000000000000030e+00,1.707263369252414731e-01,1.687285814896899994e-01,1.671881736661921525e-01
1.159999999999999920e+00,1.709343158839483345e-01,1.689403849301244487e-01,1.674154571517142420e-01
1.161000000000000032e+00,1.712129203164601265e-01,1.692201617412384118e-01,1.677088306815994745e-01
1.161999999999999922e+00,1.714935010957121253e-01,1.695018406840099467e-01,1.680040536411124552e-01
1.163000000000000034e+00,1.717740818749641796e-01,1.697835196267815372e-01,1.682992766006254914e-01
1.163999999999999924e+00,1.720546626542162061e-01,1.700651985695530444e-01,1.685944995601384722e-01
1.165000000000000036e+00,1.723352434334682604e-01,1.703468775123246348e-01,1.688897225196515084e-01
1.165999999999999925e+00,1.726158242127202591e-01,1.706285564550961698e-01,1.691849454791644891e-01
1.167000000000000037e+00,1.728964049919723411e-01,1.709102353978677602e-01,1.694801684386775253e-01
1.167999999999999927e+00,1.731769857712243399e-01,1.711919143406392951e-01,1.697753913981905061e-01
1.169000000000000039e+00,1.734575665504763942e-01,1.714735932834108856e-01,1.700706143577035423e-01
1.169999999999999929e+00,1.737381473297284207e-01,1.717552722261823928e-01,1.703658373172165230e-01
1.171000000000000041e+00,1.739654202237936598e-01,1.719790927730234786e-01,1.705838783247020374e-01
1.171999999999999931e+00,1.741925333699257672e-01,1.722027399353993626e-01,1.708016880407516314e-01
1.173000000000000043e+00,1.744196465160579579e-01,1.724263870977753299e-01,1.710194977568012809e-01
1.173999999999999932e+00,1.746467596621900653e-01,1.726500342601512139e-01,1.712373074728508748e-01
1.175000000000000044e+00,1.748738728083222560e-01,1.728736814225271534e-01,1.714551171889005521e-01
1.175999999999999934e+00,1.751009859544543634e-01,1.730973285849030374e-01,1.716729269049501461e-01
1.177000000000000046e+00,1.753280991005865541e-01,1.733209757472789769e-01,1.718907366209997956e-01
1.177999999999999936e+00,1.755552122467186615e-01,1.735446229096548609e-01,1.721085463370493895e-01
1.179000000000000048e+00,1.757823253928508522e-01,1.737682700720308004e-01,1.723263560530990390e-01
1.179999999999999938e+00,1.760094385389829874e-01,1.739919172344067122e-01,1.725441657691486608e-01
1.181000000000000050e+00,1.762859374708025395e-01,1.742638687419075239e-01,1.727871380493236353e-01
1.181999999999999940e+00,1.765630337511035486e-01,1.745364045172661249e-01,1.730304146846740887e-01
1.183000000000000052e+00,1.768401300314046132e-01,1.748089402926247815e-01,1.732736913200245976e-01
1.183999999999999941e+00,1.771172263117056223e-01,1.750814760679833826e-01,1.735169679553750510e-01
1.185000000000000053e+00,1.773943225920066868e-01,1.753540118433420392e-01,1.737602445907255599e-01
1.185999999999999943e+00,1.776714188723076959e-01,1.756265476187006125e-01,1.740035212260760134e-01
1.187000000000000055e+00,1.779485151526087605e-01,1.758990833940592691e-01,1.742467978614265223e-01
1.187999999999999945e+00,1.782256114329097696e-01,1.761716191694178701e-01,1.744900744967769757e-01
1.189000000000000057e+00,1.785027077132108342e-01,1.764441549447765267e-01,1.747333511321274846e-01
1.189999999999999947e+00,1.787798039935118433e-01,1.767166907201351278e-01,1.749766277674779380e-01
1.191000000000000059e+00,1.790333781119077261e-01,1.769696327538778091e-01,1.752199044028284192e-01
1.191999999999999948e+00,1.792864497733814844e-01,1.772221562456877397e-01,1.754631810381788726e-01
1.193000000000000060e+00,1.795395214348552704e-01,1.774746797374977536e-01,1.757064576735293815e-01
1.193999999999999950e+00,1.797925930963290009e-01,1.777272032293076842e-01,1.759497343088798349e-01
1.195000000000000062e+00,1.800456647578027869e-01,1.779797267211176703e-01,1.761930109442303438e-01
1.195999999999999952e+00,1.802987364192765174e-01,1.782322502129276287e-01,1.764362875795807972e-01
1.197000000000000064e+00,1.805518080807503312e-01,1.784847737047376148e-01,1.766795642149313061e-01
1.197999999999999954e+00,1.808048797422240617e-01,1.787372971965475454e-01,1.769228408502817596e-01
1.199000000000000066e+00,1.810579514036978477e-01,1.789898206883575593e-01,1.771661174856322685e-01
1.199999999999999956e+00,1.813110230651715782e-01,1.792423441801674899e-01,1.774093941209827219e-01
