 &p_mat nbnd=  20, nks=  84 /
            0.661565 -0.333333  0.000000      4
  1
     0.00000000     0.00000000     0.00000000     0.00243548
     0.00000000     0.00000000     0.00000000     0.11859256
     0.01388415     0.00000190     0.00546807     0.00000000
     0.00666775     0.03297277     0.21725794     0.00000000
     0.00000000     0.00000000     0.00000000     0.01287254
     0.00011525     0.00129044     0.01308466     0.00000000
     0.01274406     0.00123244     0.00086988     0.00000000
     0.00000000     0.00000000     0.00000000     0.00049223
     0.00000000     0.00000000     0.00000000     0.00833234
     0.00354679     0.00018234     0.00281295     0.00000000
     0.03474017     0.00179399     0.00163348     0.00000000
     0.00084141     0.00005137     0.01207842     0.00000000
     0.00000000     0.00000000     0.00000000     0.00000983
     0.00021391     0.00164943     0.00811643     0.00000000
     0.00000000     0.00000000     0.00000000     0.00690478
     0.00000000     0.00000000     0.00000000     0.00119197
  2
     0.00000000     0.00000000     0.00000000     0.13400024
     0.00000000     0.00000000     0.00000000     0.09005626
     0.00542391     0.00225604     0.00005521     0.00000000
     0.00031660     0.01049150     0.07897908     0.00000000
     0.00000000     0.00000000     0.00000000     0.01161667
     0.00981942     0.10450678     0.00853168     0.00000000
     0.00528305     0.00090302     0.00096103     0.00000000
     0.00000000     0.00000000     0.00000000     0.00000265
     0.00000000     0.00000000     0.00000000     0.00503375
     0.00200885     0.06363407     0.02257694     0.00000000
     0.01280613     0.00020672     0.00080407     0.00000000
     0.00000105     0.00067074     0.01363821     0.00000000
     0.00000000     0.00000000     0.00000000     0.00065446
     0.00451004     0.03640856     0.00695137     0.00000000
     0.00000000     0.00000000     0.00000000     0.00421016
     0.00000000     0.00000000     0.00000000     0.00083171
  3
     0.00209050     0.12040000     0.00658405     0.00000000
     0.01475132     0.02047891     0.17328297     0.00000000
     0.00000000     0.00000000     0.00000000     0.15460229
     0.00000000     0.00000000     0.00000000     0.00000073
     0.00013994     0.00432688     0.03288623     0.00000000
     0.00000000     0.00000000     0.00000000     0.04749663
     0.00000000     0.00000000     0.00000000     0.02754824
     0.00262660     0.00061966     0.00001543     0.00000000
     0.00020858     0.00041354     0.02580445     0.00000000
     0.00000000     0.00000000     0.00000000     0.00185284
     0.00000000     0.00000000     0.00000000     0.00820285
     0.00000000     0.00000000     0.00000000     0.00125703
     0.00003961     0.00412109     0.00042746     0.00000000
     0.00000000     0.00000000     0.00000000     0.02461846
     0.00559708     0.00080261     0.00722467     0.00000000
     0.00200343     0.00007949     0.01350548     0.00000000
            0.656959 -0.322853  0.000000      4
  1
     0.00000000     0.00000000     0.00000000     0.00000454
     0.00000000     0.00000000     0.00000000     0.13148757
     0.01432011     0.00002501     0.00359873     0.00000000
     0.00612964     0.04089630     0.18584058     0.00000000
     0.00000000     0.00000000     0.00000000     0.01555218
     0.00009620     0.00301647     0.01710895     0.00000000
     0.01277808     0.00145734     0.00140366     0.00000000
     0.00000000     0.00000000     0.00000000     0.00006015
     0.00425993     0.00031311     0.00185111     0.00000000
     0.00000000     0.00000000     0.00000000     0.00792499
     0.02038111     0.00029452     0.01027655     0.00000000
     0.01427896     0.00222825     0.01114235     0.00000000
     0.00000000     0.00000000     0.00000000     0.00184051
     0.00009573     0.00132450     0.00356434     0.00000000
     0.00000000     0.00000000     0.00000000     0.00568014
     0.00795268     0.00064874     0.00512819     0.00000000
  2
     0.00000000     0.00000000     0.00000000     0.11317252
     0.00000000     0.00000000     0.00000000     0.07992152
     0.00536926     0.00173714     0.00000895     0.00000000
     0.00112037     0.00963197     0.07350981     0.00000000
     0.00000000     0.00000000     0.00000000     0.01069226
     0.00812000     0.12881420     0.01778991     0.00000000
     0.00551146     0.00328706     0.00035978     0.00000000
     0.00000000     0.00000000     0.00000000     0.00036192
     0.00067965     0.05295250     0.03039130     0.00000000
     0.00000000     0.00000000     0.00000000     0.00286645
     0.00939341     0.00047779     0.00205531     0.00000000
     0.00513484     0.00448433     0.00612383     0.00000000
     0.00000000     0.00000000     0.00000000     0.00311801
     0.00123070     0.02440046     0.01195820     0.00000000
     0.00000000     0.00000000     0.00000000     0.00164727
     0.00285911     0.00012601     0.00069866     0.00000000
  3
     0.00121869     0.12242138     0.00440142     0.00000000
     0.01624648     0.01279361     0.18076904     0.00000000
     0.00000000     0.00000000     0.00000000     0.15755537
     0.00000000     0.00000000     0.00000000     0.00049517
     0.00029052     0.00286759     0.03671738     0.00000000
     0.00000000     0.00000000     0.00000000     0.04343100
     0.00000000     0.00000000     0.00000000     0.02596642
     0.00185425     0.00092401     0.00293995     0.00000000
     0.00000000     0.00000000     0.00000000     0.00051597
     0.00056614     0.00004469     0.01992153     0.00000000
     0.00000000     0.00000000     0.00000000     0.00373026
     0.00000000     0.00000000     0.00000000     0.01464495
     0.00070464     0.00486580     0.00187029     0.00000000
     0.00000000     0.00000000     0.00000000     0.01973350
     0.00506369     0.00016620     0.00561902     0.00000000
     0.00000000     0.00000000     0.00000000     0.00429967
            0.652272 -0.313258  0.000000      4
  1
     0.00000000     0.00000000     0.00000000     0.00263933
     0.00000000     0.00000000     0.00000000     0.14268992
     0.01458461     0.00008557     0.00269643     0.00000000
     0.00559271     0.04830251     0.14814767     0.00000000
     0.00000000     0.00000000     0.00000000     0.01772218
     0.00021078     0.00724750     0.02418232     0.00000000
     0.01299547     0.00191524     0.00182332     0.00000000
     0.00000000     0.00000000     0.00000000     0.00073260
     0.00458218     0.00032258     0.00079376     0.00000000
     0.00000000     0.00000000     0.00000000     0.00573905
     0.01052536     0.00032232     0.01967149     0.00000000
     0.02322940     0.00409555     0.00722295     0.00000000
     0.00000000     0.00000000     0.00000000     0.00508309
     0.00076844     0.00091541     0.00149092     0.00000000
     0.00000000     0.00000000     0.00000000     0.00364245
     0.00501669     0.00008096     0.00696381     0.00000000
  2
     0.00000000     0.00000000     0.00000000     0.09468975
     0.00000000     0.00000000     0.00000000     0.07066057
     0.00525520     0.00142775     0.00011497     0.00000000
     0.00246528     0.00594271     0.07304987     0.00000000
     0.00000000     0.00000000     0.00000000     0.00951806
     0.00633732     0.14819414     0.02933953     0.00000000
     0.00544078     0.00619990     0.00001898     0.00000000
     0.00000000     0.00000000     0.00000000     0.00073599
     0.00011878     0.03713412     0.03626900     0.00000000
     0.00000000     0.00000000     0.00000000     0.00107445
     0.00545981     0.00026735     0.00435914     0.00000000
     0.00912534     0.01250194     0.00095345     0.00000000
     0.00000000     0.00000000     0.00000000     0.00440630
     0.00010735     0.01272210     0.01342696     0.00000000
     0.00000000     0.00000000     0.00000000     0.00042201
     0.00190058     0.00005069     0.00101421     0.00000000
  3
     0.00054693     0.12455799     0.00223343     0.00000000
     0.01715668     0.00620618     0.18737490     0.00000000
     0.00000000     0.00000000     0.00000000     0.15936442
     0.00000000     0.00000000     0.00000000     0.00125365
     0.00040349     0.00143291     0.03947250     0.00000000
     0.00000000     0.00000000     0.00000000     0.03979857
     0.00000000     0.00000000     0.00000000     0.02507424
     0.00135212     0.00060564     0.00697073     0.00000000
     0.00000000     0.00000000     0.00000000     0.00007741
     0.00058617     0.00102380     0.01182669     0.00000000
     0.00000000     0.00000000     0.00000000     0.00063279
     0.00000000     0.00000000     0.00000000     0.02507078
     0.00182687     0.00329569     0.00715479     0.00000000
     0.00000000     0.00000000     0.00000000     0.01430520
     0.00403563     0.00138155     0.00230336     0.00000000
     0.00000000     0.00000000     0.00000000     0.00554776
            0.647530 -0.304264  0.000000      4
  1
     0.00000000     0.00000000     0.00000000     0.00980877
     0.00000000     0.00000000     0.00000000     0.15249676
     0.01477942     0.00018944     0.00215272     0.00000000
     0.00467608     0.04890529     0.10073612     0.00000000
     0.00000000     0.00000000     0.00000000     0.01949481
     0.00078245     0.01894648     0.03922045     0.00000000
     0.01338383     0.00248704     0.00190841     0.00000000
     0.00000000     0.00000000     0.00000000     0.00143918
     0.00448002     0.00011967     0.00001940     0.00000000
     0.00000000     0.00000000     0.00000000     0.00263530
     0.00729084     0.00270473     0.02598328     0.00000000
     0.02625850     0.00517362     0.00485185     0.00000000
     0.00000000     0.00000000     0.00000000     0.00870987
     0.00146646     0.00057770     0.00047659     0.00000000
     0.00000000     0.00000000     0.00000000     0.00203641
     0.00345860     0.00008718     0.00895098     0.00000000
  2
     0.00000000     0.00000000     0.00000000     0.07837247
     0.00000000     0.00000000     0.00000000     0.06199502
     0.00512149     0.00120323     0.00030884     0.00000000
     0.00474004     0.00037709     0.08614252     0.00000000
     0.00000000     0.00000000     0.00000000     0.00825920
     0.00394708     0.15950962     0.03567888     0.00000000
     0.00510038     0.00826746     0.00010509     0.00000000
     0.00000000     0.00000000     0.00000000     0.00078393
     0.00000111     0.02085251     0.04040436     0.00000000
     0.00000000     0.00000000     0.00000000     0.00008029
     0.00428038     0.00318090     0.00315337     0.00000000
     0.00968270     0.01640366     0.00001179     0.00000000
     0.00000000     0.00000000     0.00000000     0.00473986
     0.00002667     0.00545271     0.01329630     0.00000000
     0.00000000     0.00000000     0.00000000     0.00003345
     0.00150557     0.00066838     0.00090784     0.00000000
  3
     0.00013690     0.12618832     0.00060754     0.00000000
     0.01764909     0.00164510     0.19199442     0.00000000
     0.00000000     0.00000000     0.00000000     0.16035990
     0.00000000     0.00000000     0.00000000     0.00105603
     0.00047034     0.00038520     0.04119380     0.00000000
     0.00000000     0.00000000     0.00000000     0.03797593
     0.00000000     0.00000000     0.00000000     0.02478318
     0.00111062     0.00017935     0.00956534     0.00000000
     0.00000000     0.00000000     0.00000000     0.00000237
     0.00026774     0.00279558     0.00405004     0.00000000
     0.00000000     0.00000000     0.00000000     0.00006571
     0.00000000     0.00000000     0.00000000     0.02972582
     0.00268325     0.00120513     0.01320847     0.00000000
     0.00000000     0.00000000     0.00000000     0.00995037
     0.00317563     0.00255725     0.00034014     0.00000000
     0.00000000     0.00000000     0.00000000     0.00768616
            0.642678 -0.295616  0.000000      4
  1
     0.00000000     0.00000000     0.00000000     0.02129894
     0.00000000     0.00000000     0.00000000     0.16115109
     0.01493830     0.00033908     0.00177046     0.00000000
     0.00262279     0.03025517     0.04257687     0.00000000
     0.00000000     0.00000000     0.00000000     0.02093451
     0.00263236     0.04843192     0.06518892     0.00000000
     0.01386830     0.00292970     0.00157571     0.00000000
     0.00000000     0.00000000     0.00000000     0.00185545
     0.00029230     0.00253479     0.01214468     0.00000000
     0.00000000     0.00000000     0.00000000     0.00011674
     0.01030165     0.00486632     0.01775081     0.00000000
     0.02753219     0.00575827     0.00300627     0.00000000
     0.00000000     0.00000000     0.00000000     0.01170559
     0.00003880     0.00003852     0.00347531     0.00000000
     0.00449204     0.00114314     0.00747472     0.00000000
     0.00000000     0.00000000     0.00000000     0.00015892
  2
     0.00000000     0.00000000     0.00000000     0.06389681
     0.00000000     0.00000000     0.00000000     0.05371703
     0.00497943     0.00101725     0.00059015     0.00000000
     0.00786838     0.01008506     0.12773061     0.00000000
     0.00000000     0.00000000     0.00000000     0.00697817
     0.00087745     0.14529577     0.02172964     0.00000000
     0.00462277     0.00878911     0.00052524     0.00000000
     0.00000000     0.00000000     0.00000000     0.00061848
     0.00087689     0.00084493     0.03643405     0.00000000
     0.00000000     0.00000000     0.00000000     0.00035023
     0.00343388     0.01459896     0.00591694     0.00000000
     0.00917740     0.01727482     0.00100209     0.00000000
     0.00000000     0.00000000     0.00000000     0.00390186
     0.00011640     0.00001284     0.01042593     0.00000000
     0.00149735     0.00342941     0.00249157     0.00000000
     0.00000000     0.00000000     0.00000000     0.00047662
  3
     0.00000000     0.12680042     0.00000000     0.00000000
     0.01780505     0.00000000     0.19366604     0.00000000
     0.00000000     0.00000000     0.00000000     0.16067858
     0.00000000     0.00000000     0.00000000     0.00000000
     0.00049226     0.00000000     0.04178594     0.00000000
     0.00000000     0.00000000     0.00000000     0.03829235
     0.00000000     0.00000000     0.00000000     0.02474442
     0.00104036     0.00000000     0.01042475     0.00000000
     0.00000000     0.00000000     0.00000000     0.00000000
     0.00000000     0.00391228     0.00000000     0.00000000
     0.00000000     0.00000000     0.00000000     0.00000493
     0.00000000     0.00000000     0.00000000     0.03107801
     0.00310389     0.00000000     0.01669664     0.00000000
     0.00000000     0.00000000     0.00000000     0.00000000
     0.00000000     0.00000000     0.00000000     0.01696714
     0.00000000     0.00516429     0.00000000     0.00000000
            0.637614 -0.287091  0.000000      4
  1
     0.00000000     0.00000000     0.00000000     0.03722022
     0.00000000     0.00000000     0.00000000     0.16882736
     0.01507072     0.00053634     0.00147602     0.00000000
     0.00064690     0.00879080     0.00911787     0.00000000
     0.00000000     0.00000000     0.00000000     0.02205649
     0.00467798     0.07675858     0.06895921     0.00000000
     0.01432663     0.00289519     0.00094361     0.00000000
     0.00000000     0.00000000     0.00000000     0.00186744
     0.00105962     0.01430151     0.03107514     0.00000000
     0.00000000     0.00000000     0.00000000     0.00111738
     0.00987051     0.00052177     0.00102198     0.00000000
     0.02763706     0.00561792     0.00142877     0.00000000
     0.00000000     0.00000000     0.00000000     0.01129693
     0.00055776     0.00269703     0.01227159     0.00000000
     0.00000000     0.00000000     0.00000000     0.00076026
     0.00396983     0.00031405     0.00044996     0.00000000
  2
     0.00000000     0.00000000     0.00000000     0.05096164
     0.00000000     0.00000000     0.00000000     0.04566642
     0.00483046     0.00085637     0.00098564     0.00000000
     0.00876940     0.04049058     0.17775873     0.00000000
     0.00000000     0.00000000     0.00000000     0.00569670
     0.00005164     0.10169749     0.00593974     0.00000000
     0.00415786     0.00785882     0.00106969     0.00000000
     0.00000000     0.00000000     0.00000000     0.00035545
     0.00342132     0.00667088     0.00934918     0.00000000
     0.00000000     0.00000000     0.00000000     0.00159816
     0.00170019     0.00536462     0.02811532     0.00000000
     0.00830594     0.01595903     0.00343436     0.00000000
     0.00000000     0.00000000     0.00000000     0.00215300
     0.00093517     0.00333363     0.00150149     0.00000000
     0.00000000     0.00000000     0.00000000     0.00130973
     0.00099408     0.00044162     0.00940906     0.00000000
  3
     0.00013689     0.12618837     0.00060752     0.00000000
     0.01764895     0.00164507     0.19199605     0.00000000
     0.00000000     0.00000000     0.00000000     0.16036019
     0.00000000     0.00000000     0.00000000     0.00105586
     0.00047029     0.00038518     0.04119280     0.00000000
     0.00000000     0.00000000     0.00000000     0.03797579
     0.00000000     0.00000000     0.00000000     0.02478325
     0.00111069     0.00017934     0.00956483     0.00000000
     0.00000000     0.00000000     0.00000000     0.00000237
     0.00026771     0.00279560     0.00405000     0.00000000
     0.00000000     0.00000000     0.00000000     0.00006565
     0.00000000     0.00000000     0.00000000     0.02972494
     0.00268317     0.00120511     0.01320886     0.00000000
     0.00000000     0.00000000     0.00000000     0.00995061
     0.00317542     0.00255739     0.00034029     0.00000000
     0.00000000     0.00000000     0.00000000     0.00768653
            0.632195 -0.278488  0.000000      4
  1
     0.00000000     0.00000000     0.00000000     0.05798660
     0.00000000     0.00000000     0.00000000     0.17562957
     0.01516963     0.00078954     0.00124261     0.00000000
     0.00003146     0.00186052     0.00173235     0.00000000
     0.00000000     0.00000000     0.00000000     0.02281587
     0.00580684     0.08457417     0.05111750     0.00000000
     0.01461180     0.00214422     0.00030885     0.00000000
     0.00000000     0.00000000     0.00000000     0.00137083
     0.00059561     0.02493415     0.03204727     0.00000000
     0.00000000     0.00000000     0.00000000     0.00439105
     0.01328985     0.00002692     0.00016778     0.00000000
     0.02526270     0.00420317     0.00024804     0.00000000
     0.00000000     0.00000000     0.00000000     0.00867432
     0.00002384     0.00681529     0.01431792     0.00000000
     0.00000000     0.00000000     0.00000000     0.00230100
     0.00535335     0.00011376     0.00020011     0.00000000
  2
     0.00000000     0.00000000     0.00000000     0.03934325
     0.00000000     0.00000000     0.00000000     0.03772369
     0.00467055     0.00072384     0.00156893     0.00000000
     0.00802676     0.05238339     0.21946133     0.00000000
     0.00000000     0.00000000     0.00000000     0.00442325
     0.00074139     0.07086782     0.00240452     0.00000000
     0.00382484     0.00597039     0.00153327     0.00000000
     0.00000000     0.00000000     0.00000000     0.00009749
     0.00410520     0.01252282     0.00501601     0.00000000
     0.00000000     0.00000000     0.00000000     0.00242235
     0.00269359     0.00056317     0.02386461     0.00000000
     0.00709536     0.01239398     0.00792712     0.00000000
     0.00000000     0.00000000     0.00000000     0.00081537
     0.00085178     0.00682282     0.00060014     0.00000000
     0.00000000     0.00000000     0.00000000     0.00176371
     0.00156343     0.00001789     0.00777823     0.00000000
  3
     0.00054692     0.12455810     0.00223336     0.00000000
     0.01715649     0.00620606     0.18737724     0.00000000
     0.00000000     0.00000000     0.00000000     0.15936479
     0.00000000     0.00000000     0.00000000     0.00125340
     0.00040342     0.00143281     0.03947120     0.00000000
     0.00000000     0.00000000     0.00000000     0.03979833
     0.00000000     0.00000000     0.00000000     0.02507437
     0.00135223     0.00060561     0.00697001     0.00000000
     0.00000000     0.00000000     0.00000000     0.00007738
     0.00058609     0.00102382     0.01182668     0.00000000
     0.00000000     0.00000000     0.00000000     0.00063237
     0.00000000     0.00000000     0.00000000     0.02506984
     0.00182682     0.00329564     0.00715528     0.00000000
     0.00000000     0.00000000     0.00000000     0.01430579
     0.00403548     0.00138158     0.00230375     0.00000000
     0.00000000     0.00000000     0.00000000     0.00554812
            0.626231 -0.269631  0.000000      4
  1
     0.00000000     0.00000000     0.00000000     0.08425965
     0.00000000     0.00000000     0.00000000     0.18159269
     0.01520099     0.00112864     0.00106189     0.00000000
     0.00010317     0.00025997     0.00037089     0.00000000
     0.00000000     0.00000000     0.00000000     0.02307423
     0.00687967     0.08029289     0.03272844     0.00000000
     0.01459596     0.00093406     0.00000531     0.00000000
     0.00000000     0.00000000     0.00000000     0.00041414
     0.00010111     0.03626634     0.02975209     0.00000000
     0.00000000     0.00000000     0.00000000     0.00825863
     0.02412085     0.00010702     0.00013057     0.00000000
     0.01483916     0.00118271     0.00022484     0.00000000
     0.00000000     0.00000000     0.00000000     0.00487346
     0.00064992     0.01370834     0.01551370     0.00000000
     0.00000000     0.00000000     0.00000000     0.00530467
     0.00826128     0.00000910     0.00016687     0.00000000
  2
     0.00000000     0.00000000     0.00000000     0.02891782
     0.00000000     0.00000000     0.00000000     0.02981833
     0.00448864     0.00063356     0.00254589     0.00000000
     0.00714696     0.05026790     0.25897628     0.00000000
     0.00000000     0.00000000     0.00000000     0.00316945
     0.00133667     0.05153794     0.00217079     0.00000000
     0.00369384     0.00381014     0.00175808     0.00000000
     0.00000000     0.00000000     0.00000000     0.00000782
     0.00483842     0.01699928     0.00249056     0.00000000
     0.00000000     0.00000000     0.00000000     0.00253267
     0.00565089     0.00066485     0.01220349     0.00000000
     0.00457825     0.00553015     0.01703971     0.00000000
     0.00000000     0.00000000     0.00000000     0.00008528
     0.00067662     0.01201710     0.00000884     0.00000000
     0.00000000     0.00000000     0.00000000     0.00202291
     0.00254947     0.00076544     0.00566029     0.00000000
  3
     0.00121868     0.12242147     0.00440135     0.00000000
     0.01624634     0.01279347     0.18077071     0.00000000
     0.00000000     0.00000000     0.00000000     0.15755562
     0.00000000     0.00000000     0.00000000     0.00049508
     0.00029048     0.00286747     0.03671656     0.00000000
     0.00000000     0.00000000     0.00000000     0.04343075
     0.00000000     0.00000000     0.00000000     0.02596649
     0.00185433     0.00092397     0.00293954     0.00000000
     0.00000000     0.00000000     0.00000000     0.00051593
     0.00056607     0.00004469     0.01992153     0.00000000
     0.00000000     0.00000000     0.00000000     0.00372902
     0.00000000     0.00000000     0.00000000     0.01464525
     0.00070465     0.00486578     0.00187050     0.00000000
     0.00000000     0.00000000     0.00000000     0.01973399
     0.00506358     0.00016621     0.00561936     0.00000000
     0.00000000     0.00000000     0.00000000     0.00430065
            0.619458 -0.260401  0.000000      4
  1
     0.00000000     0.00000000     0.00000000     0.11675404
     0.00000000     0.00000000     0.00000000     0.18668941
     0.01505431     0.00163578     0.00093260     0.00000000
     0.00064610     0.00000436     0.00010664     0.00000000
     0.00000000     0.00000000     0.00000000     0.02252067
     0.00831470     0.06864549     0.01882012     0.00000000
     0.01425436     0.00007176     0.00014643     0.00000000
     0.00000000     0.00000000     0.00000000     0.00015636
     0.00000000     0.00000000     0.00000000     0.01146700
     0.00008169     0.04482114     0.02453750     0.00000000
     0.03655611     0.00007616     0.00200397     0.00000000
     0.00018543     0.00067663     0.00213315     0.00000000
     0.00000000     0.00000000     0.00000000     0.00042386
     0.00428680     0.02100758     0.01374763     0.00000000
     0.00000000     0.00000000     0.00000000     0.00955321
     0.00000001     0.00000000     0.00000000     0.00178395
  2
     0.00000000     0.00000000     0.00000000     0.01968172
     0.00000000     0.00000000     0.00000000     0.02195989
     0.00425381     0.00062217     0.00459071     0.00000000
     0.00633826     0.04345991     0.29612949     0.00000000
     0.00000000     0.00000000     0.00000000     0.00196837
     0.00162001     0.03715179     0.00279633     0.00000000
     0.00377281     0.00206370     0.00168449     0.00000000
     0.00000000     0.00000000     0.00000000     0.00033856
     0.00000000     0.00000000     0.00000000     0.00189901
     0.00547395     0.01899523     0.00085244     0.00000000
     0.01099017     0.00192452     0.00043369     0.00000000
     0.00065714     0.00004544     0.02358355     0.00000000
     0.00000000     0.00000000     0.00000000     0.00024045
     0.00043729     0.01705050     0.00132012     0.00000000
     0.00000000     0.00000000     0.00000000     0.00156181
     0.00000000     0.00000000     0.00000000     0.00023958
  3
     0.00209049     0.12040002     0.00658404     0.00000000
     0.01475129     0.02047888     0.17328340     0.00000000
     0.00000000     0.00000000     0.00000000     0.15460235
     0.00000000     0.00000000     0.00000000     0.00000073
     0.00013994     0.00432684     0.03288605     0.00000000
     0.00000000     0.00000000     0.00000000     0.04749656
     0.00000000     0.00000000     0.00000000     0.02754824
     0.00262661     0.00061965     0.00001543     0.00000000
     0.00020857     0.00041353     0.02580437     0.00000000
     0.00000000     0.00000000     0.00000000     0.00185282
     0.00000000     0.00000000     0.00000000     0.00820260
     0.00000000     0.00000000     0.00000000     0.00125710
     0.00003961     0.00412112     0.00042742     0.00000000
     0.00000000     0.00000000     0.00000000     0.02461854
     0.00559706     0.00080260     0.00722481     0.00000000
     0.00200348     0.00007951     0.01350476     0.00000000
            0.611519 -0.250842  0.000000      4
  1
     0.00000000     0.00000000     0.00000000     0.15559164
     0.00000000     0.00000000     0.00000000     0.19085459
     0.01431222     0.00252131     0.00085544     0.00000000
     0.00189628     0.00000227     0.00006945     0.00000000
     0.01034289     0.05295775     0.00971192     0.00000000
     0.00000000     0.00000000     0.00000000     0.02050642
     0.01367994     0.00027061     0.00054968     0.00000000
     0.00000000     0.00000000     0.00000000     0.00322565
     0.00112952     0.04544952     0.01699527     0.00000000
     0.00000000     0.00000000     0.00000000     0.01169155
     0.02850969     0.00633481     0.00835160     0.00000000
     0.00000000     0.00000000     0.00000000     0.00104735
     0.00775371     0.00918432     0.00523286     0.00000000
     0.00665513     0.01734618     0.00695340     0.00000000
     0.00000000     0.00000000     0.00000000     0.00951599
     0.00000000     0.00000000     0.00000000     0.00287090
  2
     0.00000000     0.00000000     0.00000000     0.01177995
     0.00000000     0.00000000     0.00000000     0.01431172
     0.00384666     0.00085827     0.01086638     0.00000000
     0.00568509     0.03594697     0.32684887     0.00000000
     0.00167854     0.02582016     0.00378591     0.00000000
     0.00000000     0.00000000     0.00000000     0.00090583
     0.00402684     0.00105079     0.00139065     0.00000000
     0.00000000     0.00000000     0.00000000     0.00091015
     0.00554515     0.01726242     0.00008429     0.00000000
     0.00000000     0.00000000     0.00000000     0.00083107
     0.01449317     0.00003292     0.00048570     0.00000000
     0.00000000     0.00000000     0.00000000     0.00088501
     0.00001284     0.00880547     0.01188539     0.00000000
     0.00036662     0.01252603     0.00898225     0.00000000
     0.00000000     0.00000000     0.00000000     0.00061956
     0.00000000     0.00000000     0.00000000     0.00007414
  3
     0.00293931     0.11914151     0.00836991     0.00000000
     0.01236141     0.02866426     0.16591535     0.00000000
     0.00000000     0.00000000     0.00000000     0.14932509
     0.00000000     0.00000000     0.00000000     0.00153062
     0.00000000     0.00000000     0.00000000     0.05135870
     0.00000902     0.00535562     0.02757452     0.00000000
     0.00000000     0.00000000     0.00000000     0.02935357
     0.00320646     0.00001894     0.00329480     0.00000000
     0.00000000     0.00000000     0.00000000     0.00459913
     0.00000521     0.00169855     0.02488431     0.00000000
     0.00000000     0.00000000     0.00000000     0.00522913
     0.00114199     0.00133529     0.00609086     0.00000000
     0.00000000     0.00000000     0.00000000     0.00264682
     0.00000000     0.00000000     0.00000000     0.01979616
     0.00419977     0.00340103     0.00382318     0.00000000
     0.00224075     0.00080113     0.01396824     0.00000000
            0.601969 -0.241454  0.000000      4
  1
     0.00000000     0.00000000     0.00000000     0.19844044
     0.00000000     0.00000000     0.00000000     0.19403713
     0.01045574     0.00409521     0.00076694     0.00000000
     0.00584057     0.00022874     0.00019684     0.00000000
     0.01363272     0.03613206     0.00446756     0.00000000
     0.00000000     0.00000000     0.00000000     0.01579303
     0.01281126     0.00190211     0.00103695     0.00000000
     0.00000000     0.00000000     0.00000000     0.01009343
     0.00395363     0.03551512     0.00921299     0.00000000
     0.00000000     0.00000000     0.00000000     0.00895668
     0.01683342     0.02397720     0.01512226     0.00000000
     0.00000000     0.00000000     0.00000000     0.00454448
     0.02629054     0.01679786     0.00555986     0.00000000
     0.00299015     0.00601111     0.00165987     0.00000000
     0.00000000     0.00000000     0.00000000     0.00796191
     0.02638443     0.00170381     0.00942726     0.00000000
  2
     0.00000000     0.00000000     0.00000000     0.00553617
     0.00000000     0.00000000     0.00000000     0.00734238
     0.00248014     0.00329162     0.05426351     0.00000000
     0.00594199     0.02760693     0.31632726     0.00000000
     0.00164838     0.01744414     0.00521459     0.00000000
     0.00000000     0.00000000     0.00000000     0.00017000
     0.00446537     0.00065664     0.00101737     0.00000000
     0.00000000     0.00000000     0.00000000     0.00101524
     0.00473654     0.01231273     0.00006085     0.00000000
     0.00000000     0.00000000     0.00000000     0.00011922
     0.01927197     0.00072612     0.00059986     0.00000000
     0.00000000     0.00000000     0.00000000     0.00089258
     0.00001411     0.01973187     0.00187261     0.00000000
     0.00043599     0.00282494     0.01541135     0.00000000
     0.00000000     0.00000000     0.00000000     0.00020155
     0.01349301     0.00119300     0.00086215     0.00000000
  3
     0.00313732     0.11941116     0.00953363     0.00000000
     0.00858707     0.03719247     0.15958881     0.00000000
     0.00000000     0.00000000     0.00000000     0.12944312
     0.00000000     0.00000000     0.00000000     0.01881248
     0.00000000     0.00000000     0.00000000     0.05384804
     0.00014361     0.00522227     0.01976874     0.00000000
     0.00000000     0.00000000     0.00000000     0.03070305
     0.00304345     0.00067475     0.01234893     0.00000000
     0.00000000     0.00000000     0.00000000     0.00844372
     0.00047264     0.00238203     0.01809768     0.00000000
     0.00000000     0.00000000     0.00000000     0.00380851
     0.00175998     0.00005824     0.01344182     0.00000000
     0.00000000     0.00000000     0.00000000     0.00770457
     0.00000000     0.00000000     0.00000000     0.00756673
     0.00275853     0.00504951     0.00140121     0.00000000
     0.00000000     0.00000000     0.00000000     0.02212236
            0.590457 -0.233776  0.000000      4
  1
     0.00000000     0.00000000     0.00000000     0.23657238
     0.00000000     0.00000000     0.00000000     0.19619341
     0.00002552     0.00129727     0.00009420     0.00000000
     0.01337636     0.00813670     0.00119299     0.00000000
     0.02064981     0.01871237     0.00168828     0.00000000
     0.00000000     0.00000000     0.00000000     0.00704565
     0.00000000     0.00000000     0.00000000     0.02022742
     0.01042726     0.00646209     0.00179419     0.00000000
     0.00928504     0.01954817     0.00377093     0.00000000
     0.00000000     0.00000000     0.00000000     0.00410910
     0.00586187     0.04453375     0.01900422     0.00000000
     0.00000000     0.00000000     0.00000000     0.00964264
     0.04521399     0.00890417     0.00216657     0.00000000
     0.00166625     0.00138507     0.00032326     0.00000000
     0.00000000     0.00000000     0.00000000     0.00718174
     0.00945495     0.00835179     0.01281777     0.00000000
  2
     0.00000000     0.00000000     0.00000000     0.00144055
     0.00000000     0.00000000     0.00000000     0.00206040
     0.00001763     0.02159418     0.34398584     0.00000000
     0.00745750     0.00553024     0.04971702     0.00000000
     0.00147414     0.01238973     0.00844333     0.00000000
     0.00000000     0.00000000     0.00000000     0.00002910
     0.00000000     0.00000000     0.00000000     0.00049640
     0.00534813     0.00067223     0.00062914     0.00000000
     0.00340947     0.00724800     0.00040468     0.00000000
     0.00000000     0.00000000     0.00000000     0.00004370
     0.02518722     0.00083847     0.00019701     0.00000000
     0.00000000     0.00000000     0.00000000     0.00042835
     0.00002944     0.02093865     0.00005847     0.00000000
     0.00025982     0.00025014     0.01540972     0.00000000
     0.00000000     0.00000000     0.00000000     0.00004953
     0.01325842     0.00012807     0.00040600     0.00000000
  3
     0.00167534     0.12185269     0.01007387     0.00000000
     0.00332787     0.04567550     0.15526803     0.00000000
     0.00000000     0.00000000     0.00000000     0.01656275
     0.00000000     0.00000000     0.00000000     0.13822427
     0.00000000     0.00000000     0.00000000     0.04722416
     0.00122737     0.00280201     0.00838741     0.00000000
     0.00164134     0.00375733     0.02469105     0.00000000
     0.00000000     0.00000000     0.00000000     0.03211841
     0.00000000     0.00000000     0.00000000     0.01105627
     0.00196056     0.00148675     0.00799716     0.00000000
     0.00000000     0.00000000     0.00000000     0.00419537
     0.00117740     0.00049319     0.02292006     0.00000000
     0.00000000     0.00000000     0.00000000     0.00368746
     0.00000000     0.00000000     0.00000000     0.00181699
     0.00116456     0.00664998     0.00053028     0.00000000
     0.00000000     0.00000000     0.00000000     0.03179434
            0.577350 -0.230624  0.000000      4
  1
     0.00000000     0.00000000     0.00000000     0.25294404
     0.00000000     0.00000000     0.00000000     0.19702554
     0.00057786     0.00000000     0.00000000     0.00000000
     0.00000000     0.02276652     0.00227962     0.00000000
     0.03590968     0.00000000     0.00000000     0.00000000
     0.00000000     0.00000000     0.00000000     0.00000000
     0.00000000     0.00000000     0.00000000     0.02763104
     0.00000000     0.02076562     0.00413566     0.00000000
     0.02140751     0.00000000     0.00000000     0.00000000
     0.00000000     0.00000000     0.00000000     0.00000000
     0.00000000     0.00000000     0.00000000     0.01380596
     0.00000000     0.05461619     0.02010140     0.00000000
     0.05677680     0.00000000     0.00000000     0.00000000
     0.00171502     0.00000000     0.00000000     0.00000000
     0.00000000     0.00000000     0.00000000     0.00716890
     0.00000000     0.01439387     0.01471129     0.00000000
  2
     0.00000000     0.00000000     0.00000000     0.00000000
     0.00000000     0.00000000     0.00000000     0.00000000
     0.00000000     0.02401845     0.39521888     0.00000000
     0.00837158     0.00000000     0.00000000     0.00000000
     0.00000000     0.01259200     0.01740420     0.00000000
     0.00000000     0.00000000     0.00000000     0.00024384
     0.00000000     0.00000000     0.00000000     0.00000000
     0.00870325     0.00000000     0.00000000     0.00000000
     0.00000000     0.00590337     0.00104146     0.00000000
     0.00000000     0.00000000     0.00000000     0.00027050
     0.00000000     0.00000000     0.00000000     0.00000000
     0.02843306     0.00000000     0.00000000     0.00000000
     0.00000000     0.01998371     0.00001012     0.00000000
     0.00000000     0.00001367     0.01502319     0.00000000
     0.00000000     0.00000000     0.00000000     0.00000000
     0.01383538     0.00000000     0.00000000     0.00000000
  3
     0.00000000     0.12406837     0.01020116     0.00000000
     0.00000000     0.05018409     0.15374513     0.00000000
     0.00000000     0.00000000     0.00000000     0.00000000
     0.00000000     0.00000000     0.00000000     0.20198770
     0.00000000     0.00000000     0.00000000     0.00000000
     0.00264735     0.00000000     0.00000000     0.00000000
     0.00000000     0.00689036     0.03327453     0.00000000
     0.00000000     0.00000000     0.00000000     0.04466171
     0.00000000     0.00000000     0.00000000     0.00000000
     0.00358088     0.00000000     0.00000000     0.00000000
     0.00000000     0.00169227     0.03060035     0.00000000
     0.00000000     0.00000000     0.00000000     0.00458577
     0.00000000     0.00000000     0.00000000     0.00000000
     0.00000000     0.00000000     0.00000000     0.00000000
     0.00000000     0.00786612     0.00038293     0.00000000
     0.00000000     0.00000000     0.00000000     0.03708223
            0.564243 -0.233776  0.000000      4
  1
     0.00000000     0.00000000     0.00000000     0.23657238
     0.00000000     0.00000000     0.00000000     0.19619341
     0.00002552     0.00129727     0.00009420     0.00000000
     0.01337636     0.00813670     0.00119299     0.00000000
     0.02064981     0.01871237     0.00168828     0.00000000
     0.00000000     0.00000000     0.00000000     0.00704565
     0.00000000     0.00000000     0.00000000     0.02022742
     0.01042726     0.00646209     0.00179419     0.00000000
     0.00928504     0.01954817     0.00377093     0.00000000
     0.00000000     0.00000000     0.00000000     0.00410910
     0.00586186     0.04453375     0.01900422     0.00000000
     0.00000000     0.00000000     0.00000000     0.00964264
     0.04521398     0.00890417     0.00216657     0.00000000
     0.00166625     0.00138507     0.00032326     0.00000000
     0.00000000     0.00000000     0.00000000     0.00718174
     0.00945493     0.00835178     0.01281778     0.00000000
  2
     0.00000000     0.00000000     0.00000000     0.00144055
     0.00000000     0.00000000     0.00000000     0.00206040
     0.00001763     0.02159418     0.34398584     0.00000000
     0.00745750     0.00553024     0.04971702     0.00000000
     0.00147414     0.01238973     0.00844333     0.00000000
     0.00000000     0.00000000     0.00000000     0.00002910
     0.00000000     0.00000000     0.00000000     0.00049640
     0.00534813     0.00067223     0.00062914     0.00000000
     0.00340947     0.00724800     0.00040468     0.00000000
     0.00000000     0.00000000     0.00000000     0.00004370
     0.02518722     0.00083847     0.00019701     0.00000000
     0.00000000     0.00000000     0.00000000     0.00042835
     0.00002944     0.02093865     0.00005847     0.00000000
     0.00025982     0.00025014     0.01540972     0.00000000
     0.00000000     0.00000000     0.00000000     0.00004953
     0.01325843     0.00012806     0.00040600     0.00000000
  3
     0.00167534     0.12185269     0.01007387     0.00000000
     0.00332787     0.04567550     0.15526803     0.00000000
     0.00000000     0.00000000     0.00000000     0.01656275
     0.00000000     0.00000000     0.00000000     0.13822427
     0.00000000     0.00000000     0.00000000     0.04722416
     0.00122737     0.00280201     0.00838741     0.00000000
     0.00164134     0.00375733     0.02469105     0.00000000
     0.00000000     0.00000000     0.00000000     0.03211841
     0.00000000     0.00000000     0.00000000     0.01105627
     0.00196056     0.00148675     0.00799716     0.00000000
     0.00000000     0.00000000     0.00000000     0.00419537
     0.00117740     0.00049319     0.02292006     0.00000000
     0.00000000     0.00000000     0.00000000     0.00368746
     0.00000000     0.00000000     0.00000000     0.00181699
     0.00116456     0.00664998     0.00053028     0.00000000
     0.00000000     0.00000000     0.00000000     0.03179433
            0.552731 -0.241454  0.000000      4
  1
     0.00000000     0.00000000     0.00000000     0.19844044
     0.00000000     0.00000000     0.00000000     0.19403713
     0.01045574     0.00409521     0.00076694     0.00000000
     0.00584057     0.00022874     0.00019684     0.00000000
     0.01363272     0.03613206     0.00446756     0.00000000
     0.00000000     0.00000000     0.00000000     0.01579303
     0.01281126     0.00190211     0.00103695     0.00000000
     0.00000000     0.00000000     0.00000000     0.01009343
     0.00395363     0.03551512     0.00921299     0.00000000
     0.00000000     0.00000000     0.00000000     0.00895668
     0.01683342     0.02397720     0.01512226     0.00000000
     0.00000000     0.00000000     0.00000000     0.00454448
     0.02629054     0.01679786     0.00555986     0.00000000
     0.00299015     0.00601111     0.00165987     0.00000000
     0.00000000     0.00000000     0.00000000     0.00796191
     0.02638441     0.00170382     0.00942725     0.00000000
  2
     0.00000000     0.00000000     0.00000000     0.00553617
     0.00000000     0.00000000     0.00000000     0.00734238
     0.00248014     0.00329162     0.05426351     0.00000000
     0.00594199     0.02760693     0.31632726     0.00000000
     0.00164838     0.01744414     0.00521459     0.00000000
     0.00000000     0.00000000     0.00000000     0.00017000
     0.00446537     0.00065664     0.00101737     0.00000000
     0.00000000     0.00000000     0.00000000     0.00101524
     0.00473654     0.01231273     0.00006085     0.00000000
     0.00000000     0.00000000     0.00000000     0.00011922
     0.01927197     0.00072612     0.00059986     0.00000000
     0.00000000     0.00000000     0.00000000     0.00089258
     0.00001411     0.01973187     0.00187261     0.00000000
     0.00043599     0.00282494     0.01541135     0.00000000
     0.00000000     0.00000000     0.00000000     0.00020155
     0.01349299     0.00119300     0.00086215     0.00000000
  3
     0.00313732     0.11941116     0.00953363     0.00000000
     0.00858707     0.03719247     0.15958881     0.00000000
     0.00000000     0.00000000     0.00000000     0.12944312
     0.00000000     0.00000000     0.00000000     0.01881248
     0.00000000     0.00000000     0.00000000     0.05384804
     0.00014361     0.00522227     0.01976874     0.00000000
     0.00000000     0.00000000     0.00000000     0.03070305
     0.00304345     0.00067475     0.01234893     0.00000000
     0.00000000     0.00000000     0.00000000     0.00844372
     0.00047264     0.00238203     0.01809768     0.00000000
     0.00000000     0.00000000     0.00000000     0.00380851
     0.00175998     0.00005824     0.01344182     0.00000000
     0.00000000     0.00000000     0.00000000     0.00770457
     0.00000000     0.00000000     0.00000000     0.00756673
     0.00275853     0.00504951     0.00140120     0.00000000
     0.00000000     0.00000000     0.00000000     0.02212235
            0.543181 -0.250842  0.000000      4
  1
     0.00000000     0.00000000     0.00000000     0.15559164
     0.00000000     0.00000000     0.00000000     0.19085459
     0.01431222     0.00252131     0.00085544     0.00000000
     0.00189628     0.00000227     0.00006945     0.00000000
     0.01034289     0.05295775     0.00971192     0.00000000
     0.00000000     0.00000000     0.00000000     0.02050642
     0.01367994     0.00027061     0.00054968     0.00000000
     0.00000000     0.00000000     0.00000000     0.00322565
     0.00112952     0.04544952     0.01699527     0.00000000
     0.00000000     0.00000000     0.00000000     0.01169155
     0.02850969     0.00633481     0.00835160     0.00000000
     0.00000000     0.00000000     0.00000000     0.00104735
     0.00775371     0.00918432     0.00523286     0.00000000
     0.00665513     0.01734618     0.00695340     0.00000000
     0.00000000     0.00000000     0.00000000     0.00951599
     0.00000000     0.00000000     0.00000000     0.00287093
  2
     0.00000000     0.00000000     0.00000000     0.01177995
     0.00000000     0.00000000     0.00000000     0.01431172
     0.00384666     0.00085827     0.01086638     0.00000000
     0.00568509     0.03594697     0.32684887     0.00000000
     0.00167854     0.02582016     0.00378591     0.00000000
     0.00000000     0.00000000     0.00000000     0.00090583
     0.00402684     0.00105079     0.00139065     0.00000000
     0.00000000     0.00000000     0.00000000     0.00091015
     0.00554515     0.01726242     0.00008429     0.00000000
     0.00000000     0.00000000     0.00000000     0.00083107
     0.01449317     0.00003292     0.00048570     0.00000000
     0.00000000     0.00000000     0.00000000     0.00088501
     0.00001284     0.00880547     0.01188539     0.00000000
     0.00036662     0.01252603     0.00898225     0.00000000
     0.00000000     0.00000000     0.00000000     0.00061956
     0.00000000     0.00000000     0.00000000     0.00007414
  3
     0.00293931     0.11914151     0.00836991     0.00000000
     0.01236141     0.02866426     0.16591535     0.00000000
     0.00000000     0.00000000     0.00000000     0.14932509
     0.00000000     0.00000000     0.00000000     0.00153062
     0.00000000     0.00000000     0.00000000     0.05135870
     0.00000902     0.00535562     0.02757452     0.00000000
     0.00000000     0.00000000     0.00000000     0.02935357
     0.00320646     0.00001894     0.00329480     0.00000000
     0.00000000     0.00000000     0.00000000     0.00459913
     0.00000521     0.00169855     0.02488431     0.00000000
     0.00000000     0.00000000     0.00000000     0.00522913
     0.00114199     0.00133529     0.00609086     0.00000000
     0.00000000     0.00000000     0.00000000     0.00264682
     0.00000000     0.00000000     0.00000000     0.01979616
     0.00419977     0.00340103     0.00382318     0.00000000
     0.00224074     0.00080115     0.01396830     0.00000000
            0.535243 -0.260401  0.000000      4
  1
     0.00000000     0.00000000     0.00000000     0.11675404
     0.00000000     0.00000000     0.00000000     0.18668941
     0.01505431     0.00163578     0.00093260     0.00000000
     0.00064610     0.00000436     0.00010664     0.00000000
     0.00000000     0.00000000     0.00000000     0.02252067
     0.00831470     0.06864549     0.01882012     0.00000000
     0.01425436     0.00007176     0.00014643     0.00000000
     0.00000000     0.00000000     0.00000000     0.00015636
     0.00000000     0.00000000     0.00000000     0.01146700
     0.00008169     0.04482114     0.02453750     0.00000000
     0.03655611     0.00007616     0.00200397     0.00000000
     0.00018543     0.00067663     0.00213315     0.00000000
     0.00000000     0.00000000     0.00000000     0.00042386
     0.00428680     0.02100759     0.01374763     0.00000000
     0.00000000     0.00000000     0.00000000     0.00955321
     0.00000000     0.00000000     0.00000000     0.00178397
  2
     0.00000000     0.00000000     0.00000000     0.01968172
     0.00000000     0.00000000     0.00000000     0.02195989
     0.00425381     0.00062217     0.00459071     0.00000000
     0.00633826     0.04345991     0.29612949     0.00000000
     0.00000000     0.00000000     0.00000000     0.00196837
     0.00162001     0.03715179     0.00279633     0.00000000
     0.00377281     0.00206370     0.00168449     0.00000000
     0.00000000     0.00000000     0.00000000     0.00033856
     0.00000000     0.00000000     0.00000000     0.00189901
     0.00547395     0.01899523     0.00085244     0.00000000
     0.01099017     0.00192452     0.00043369     0.00000000
     0.00065714     0.00004544     0.02358355     0.00000000
     0.00000000     0.00000000     0.00000000     0.00024045
     0.00043729     0.01705049     0.00132012     0.00000000
     0.00000000     0.00000000     0.00000000     0.00156181
     0.00000000     0.00000000     0.00000000     0.00023961
  3
     0.00209049     0.12040002     0.00658404     0.00000000
     0.01475129     0.02047888     0.17328340     0.00000000
     0.00000000     0.00000000     0.00000000     0.15460235
     0.00000000     0.00000000     0.00000000     0.00000073
     0.00013994     0.00432684     0.03288605     0.00000000
     0.00000000     0.00000000     0.00000000     0.04749656
     0.00000000     0.00000000     0.00000000     0.02754824
     0.00262661     0.00061965     0.00001543     0.00000000
     0.00020857     0.00041353     0.02580437     0.00000000
     0.00000000     0.00000000     0.00000000     0.00185282
     0.00000000     0.00000000     0.00000000     0.00820260
     0.00000000     0.00000000     0.00000000     0.00125710
     0.00003961     0.00412112     0.00042742     0.00000000
     0.00000000     0.00000000     0.00000000     0.02461854
     0.00559706     0.00080260     0.00722481     0.00000000
     0.00200347     0.00007948     0.01350528     0.00000000
            0.528470 -0.269631  0.000000      4
  1
     0.00000000     0.00000000     0.00000000     0.08425965
     0.00000000     0.00000000     0.00000000     0.18159269
     0.01520099     0.00112864     0.00106189     0.00000000
     0.00010317     0.00025997     0.00037089     0.00000000
     0.00000000     0.00000000     0.00000000     0.02307423
     0.00687967     0.08029289     0.03272844     0.00000000
     0.01459596     0.00093406     0.00000531     0.00000000
     0.00000000     0.00000000     0.00000000     0.00041414
     0.00010111     0.03626634     0.02975209     0.00000000
     0.00000000     0.00000000     0.00000000     0.00825863
     0.02412085     0.00010702     0.00013057     0.00000000
     0.01483916     0.00118271     0.00022484     0.00000000
     0.00000000     0.00000000     0.00000000     0.00487346
     0.00064992     0.01370834     0.01551370     0.00000000
     0.00000000     0.00000000     0.00000000     0.00530467
     0.00826137     0.00000910     0.00016682     0.00000000
  2
     0.00000000     0.00000000     0.00000000     0.02891782
     0.00000000     0.00000000     0.00000000     0.02981833
     0.00448864     0.00063356     0.00254589     0.00000000
     0.00714696     0.05026790     0.25897628     0.00000000
     0.00000000     0.00000000     0.00000000     0.00316945
     0.00133667     0.05153794     0.00217079     0.00000000
     0.00369384     0.00381014     0.00175808     0.00000000
     0.00000000     0.00000000     0.00000000     0.00000782
     0.00483842     0.01699928     0.00249056     0.00000000
     0.00000000     0.00000000     0.00000000     0.00253267
     0.00565089     0.00066485     0.01220349     0.00000000
     0.00457825     0.00553015     0.01703971     0.00000000
     0.00000000     0.00000000     0.00000000     0.00008528
     0.00067662     0.01201710     0.00000884     0.00000000
     0.00000000     0.00000000     0.00000000     0.00202291
     0.00254937     0.00076551     0.00566036     0.00000000
  3
     0.00121868     0.12242147     0.00440135     0.00000000
     0.01624634     0.01279347     0.18077071     0.00000000
     0.00000000     0.00000000     0.00000000     0.15755562
     0.00000000     0.00000000     0.00000000     0.00049508
     0.00029048     0.00286747     0.03671656     0.00000000
     0.00000000     0.00000000     0.00000000     0.04343075
     0.00000000     0.00000000     0.00000000     0.02596649
     0.00185433     0.00092397     0.00293954     0.00000000
     0.00000000     0.00000000     0.00000000     0.00051593
     0.00056607     0.00004469     0.01992153     0.00000000
     0.00000000     0.00000000     0.00000000     0.00372902
     0.00000000     0.00000000     0.00000000     0.01464525
     0.00070465     0.00486578     0.00187050     0.00000000
     0.00000000     0.00000000     0.00000000     0.01973399
     0.00506358     0.00016621     0.00561936     0.00000000
     0.00000000     0.00000000     0.00000000     0.00430018
            0.522505 -0.278488  0.000000      4
  1
     0.00000000     0.00000000     0.00000000     0.05798660
     0.00000000     0.00000000     0.00000000     0.17562957
     0.01516963     0.00078954     0.00124261     0.00000000
     0.00003146     0.00186052     0.00173235     0.00000000
     0.00000000     0.00000000     0.00000000     0.02281587
     0.00580684     0.08457417     0.05111750     0.00000000
     0.01461180     0.00214422     0.00030885     0.00000000
     0.00000000     0.00000000     0.00000000     0.00137083
     0.00059561     0.02493415     0.03204727     0.00000000
     0.00000000     0.00000000     0.00000000     0.00439105
     0.01328985     0.00002692     0.00016778     0.00000000
     0.02526270     0.00420317     0.00024804     0.00000000
     0.00000000     0.00000000     0.00000000     0.00867432
     0.00002384     0.00681529     0.01431792     0.00000000
     0.00000000     0.00000000     0.00000000     0.00230100
     0.00535335     0.00011376     0.00020010     0.00000000
  2
     0.00000000     0.00000000     0.00000000     0.03934325
     0.00000000     0.00000000     0.00000000     0.03772369
     0.00467055     0.00072384     0.00156893     0.00000000
     0.00802676     0.05238340     0.21946133     0.00000000
     0.00000000     0.00000000     0.00000000     0.00442325
     0.00074139     0.07086782     0.00240452     0.00000000
     0.00382484     0.00597039     0.00153327     0.00000000
     0.00000000     0.00000000     0.00000000     0.00009749
     0.00410520     0.01252282     0.00501601     0.00000000
     0.00000000     0.00000000     0.00000000     0.00242235
     0.00269359     0.00056317     0.02386461     0.00000000
     0.00709536     0.01239398     0.00792712     0.00000000
     0.00000000     0.00000000     0.00000000     0.00081537
     0.00085178     0.00682282     0.00060014     0.00000000
     0.00000000     0.00000000     0.00000000     0.00176371
     0.00156342     0.00001789     0.00777823     0.00000000
  3
     0.00054692     0.12455810     0.00223336     0.00000000
     0.01715649     0.00620606     0.18737724     0.00000000
     0.00000000     0.00000000     0.00000000     0.15936479
     0.00000000     0.00000000     0.00000000     0.00125340
     0.00040342     0.00143281     0.03947120     0.00000000
     0.00000000     0.00000000     0.00000000     0.03979833
     0.00000000     0.00000000     0.00000000     0.02507437
     0.00135223     0.00060561     0.00697001     0.00000000
     0.00000000     0.00000000     0.00000000     0.00007738
     0.00058609     0.00102382     0.01182668     0.00000000
     0.00000000     0.00000000     0.00000000     0.00063237
     0.00000000     0.00000000     0.00000000     0.02506984
     0.00182682     0.00329564     0.00715528     0.00000000
     0.00000000     0.00000000     0.00000000     0.01430579
     0.00403548     0.00138158     0.00230375     0.00000000
     0.00000000     0.00000000     0.00000000     0.00554812
            0.517086 -0.287091  0.000000      4
  1
     0.00000000     0.00000000     0.00000000     0.03722022
     0.00000000     0.00000000     0.00000000     0.16882736
     0.01507072     0.00053634     0.00147602     0.00000000
     0.00064690     0.00879080     0.00911787     0.00000000
     0.00000000     0.00000000     0.00000000     0.02205649
     0.00467798     0.07675858     0.06895921     0.00000000
     0.01432663     0.00289519     0.00094361     0.00000000
     0.00000000     0.00000000     0.00000000     0.00186744
     0.00105962     0.01430150     0.03107514     0.00000000
     0.00000000     0.00000000     0.00000000     0.00111738
     0.00987051     0.00052177     0.00102198     0.00000000
     0.02763707     0.00561792     0.00142877     0.00000000
     0.00000000     0.00000000     0.00000000     0.01129693
     0.00055776     0.00269703     0.01227159     0.00000000
     0.00000000     0.00000000     0.00000000     0.00076026
     0.00396983     0.00031405     0.00044996     0.00000000
  2
     0.00000000     0.00000000     0.00000000     0.05096164
     0.00000000     0.00000000     0.00000000     0.04566642
     0.00483046     0.00085637     0.00098564     0.00000000
     0.00876940     0.04049058     0.17775873     0.00000000
     0.00000000     0.00000000     0.00000000     0.00569670
     0.00005164     0.10169749     0.00593974     0.00000000
     0.00415786     0.00785882     0.00106969     0.00000000
     0.00000000     0.00000000     0.00000000     0.00035545
     0.00342132     0.00667088     0.00934918     0.00000000
     0.00000000     0.00000000     0.00000000     0.00159816
     0.00170019     0.00536462     0.02811532     0.00000000
     0.00830595     0.01595903     0.00343436     0.00000000
     0.00000000     0.00000000     0.00000000     0.00215300
     0.00093517     0.00333363     0.00150149     0.00000000
     0.00000000     0.00000000     0.00000000     0.00130973
     0.00099408     0.00044162     0.00940906     0.00000000
  3
     0.00013689     0.12618837     0.00060752     0.00000000
     0.01764895     0.00164507     0.19199605     0.00000000
     0.00000000     0.00000000     0.00000000     0.16036019
     0.00000000     0.00000000     0.00000000     0.00105586
     0.00047029     0.00038518     0.04119280     0.00000000
     0.00000000     0.00000000     0.00000000     0.03797579
     0.00000000     0.00000000     0.00000000     0.02478325
     0.00111069     0.00017934     0.00956483     0.00000000
     0.00000000     0.00000000     0.00000000     0.00000237
     0.00026771     0.00279560     0.00405000     0.00000000
     0.00000000     0.00000000     0.00000000     0.00006565
     0.00000000     0.00000000     0.00000000     0.02972494
     0.00268317     0.00120511     0.01320886     0.00000000
     0.00000000     0.00000000     0.00000000     0.00995061
     0.00317542     0.00255739     0.00034029     0.00000000
     0.00000000     0.00000000     0.00000000     0.00768652
            0.512022 -0.295616  0.000000      4
  1
     0.00000000     0.00000000     0.00000000     0.02129894
     0.00000000     0.00000000     0.00000000     0.16115109
     0.01493830     0.00033908     0.00177046     0.00000000
     0.00262279     0.03025517     0.04257687     0.00000000
     0.00000000     0.00000000     0.00000000     0.02093451
     0.00263236     0.04843192     0.06518892     0.00000000
     0.01386830     0.00292970     0.00157571     0.00000000
     0.00000000     0.00000000     0.00000000     0.00185545
     0.00029230     0.00253479     0.01214468     0.00000000
     0.00000000     0.00000000     0.00000000     0.00011674
     0.01030165     0.00486632     0.01775081     0.00000000
     0.02753219     0.00575827     0.00300627     0.00000000
     0.00000000     0.00000000     0.00000000     0.01170559
     0.00003880     0.00003852     0.00347531     0.00000000
     0.00449204     0.00114314     0.00747472     0.00000000
     0.00000000     0.00000000     0.00000000     0.00015888
  2
     0.00000000     0.00000000     0.00000000     0.06389681
     0.00000000     0.00000000     0.00000000     0.05371703
     0.00497943     0.00101725     0.00059015     0.00000000
     0.00786838     0.01008506     0.12773061     0.00000000
     0.00000000     0.00000000     0.00000000     0.00697817
     0.00087745     0.14529577     0.02172964     0.00000000
     0.00462276     0.00878911     0.00052524     0.00000000
     0.00000000     0.00000000     0.00000000     0.00061848
     0.00087689     0.00084493     0.03643405     0.00000000
     0.00000000     0.00000000     0.00000000     0.00035023
     0.00343388     0.01459896     0.00591694     0.00000000
     0.00917740     0.01727482     0.00100209     0.00000000
     0.00000000     0.00000000     0.00000000     0.00390186
     0.00011640     0.00001284     0.01042593     0.00000000
     0.00149735     0.00342941     0.00249157     0.00000000
     0.00000000     0.00000000     0.00000000     0.00047666
  3
     0.00000000     0.12680042     0.00000000     0.00000000
     0.01780505     0.00000000     0.19366604     0.00000000
     0.00000000     0.00000000     0.00000000     0.16067858
     0.00000000     0.00000000     0.00000000     0.00000000
     0.00049226     0.00000000     0.04178594     0.00000000
     0.00000000     0.00000000     0.00000000     0.03829235
     0.00000000     0.00000000     0.00000000     0.02474442
     0.00104036     0.00000000     0.01042475     0.00000000
     0.00000000     0.00000000     0.00000000     0.00000000
     0.00000000     0.00391228     0.00000000     0.00000000
     0.00000000     0.00000000     0.00000000     0.00000493
     0.00000000     0.00000000     0.00000000     0.03107801
     0.00310389     0.00000000     0.01669664     0.00000000
     0.00000000     0.00000000     0.00000000     0.00000000
     0.00000000     0.00000000     0.00000000     0.01696714
     0.00000000     0.00516434     0.00000000     0.00000000
            0.507171 -0.304264  0.000000      4
  1
     0.00000000     0.00000000     0.00000000     0.00980877
     0.00000000     0.00000000     0.00000000     0.15249676
     0.01477942     0.00018944     0.00215272     0.00000000
     0.00467608     0.04890529     0.10073612     0.00000000
     0.00000000     0.00000000     0.00000000     0.01949481
     0.00078245     0.01894648     0.03922045     0.00000000
     0.01338383     0.00248704     0.00190841     0.00000000
     0.00000000     0.00000000     0.00000000     0.00143918
     0.00448002     0.00011967     0.00001940     0.00000000
     0.00000000     0.00000000     0.00000000     0.00263530
     0.00729084     0.00270473     0.02598328     0.00000000
     0.02625850     0.00517362     0.00485185     0.00000000
     0.00000000     0.00000000     0.00000000     0.00870987
     0.00146646     0.00057770     0.00047659     0.00000000
     0.00000000     0.00000000     0.00000000     0.00203641
     0.00345861     0.00008718     0.00895098     0.00000000
  2
     0.00000000     0.00000000     0.00000000     0.07837247
     0.00000000     0.00000000     0.00000000     0.06199502
     0.00512149     0.00120323     0.00030884     0.00000000
     0.00474004     0.00037709     0.08614252     0.00000000
     0.00000000     0.00000000     0.00000000     0.00825920
     0.00394708     0.15950962     0.03567888     0.00000000
     0.00510038     0.00826746     0.00010509     0.00000000
     0.00000000     0.00000000     0.00000000     0.00078393
     0.00000111     0.02085251     0.04040436     0.00000000
     0.00000000     0.00000000     0.00000000     0.00008029
     0.00428038     0.00318090     0.00315337     0.00000000
     0.00968270     0.01640366     0.00001179     0.00000000
     0.00000000     0.00000000     0.00000000     0.00473986
     0.00002667     0.00545271     0.01329630     0.00000000
     0.00000000     0.00000000     0.00000000     0.00003345
     0.00150558     0.00066838     0.00090784     0.00000000
  3
     0.00013690     0.12618832     0.00060754     0.00000000
     0.01764909     0.00164510     0.19199442     0.00000000
     0.00000000     0.00000000     0.00000000     0.16035990
     0.00000000     0.00000000     0.00000000     0.00105603
     0.00047034     0.00038520     0.04119380     0.00000000
     0.00000000     0.00000000     0.00000000     0.03797593
     0.00000000     0.00000000     0.00000000     0.02478318
     0.00111062     0.00017935     0.00956534     0.00000000
     0.00000000     0.00000000     0.00000000     0.00000237
     0.00026774     0.00279558     0.00405004     0.00000000
     0.00000000     0.00000000     0.00000000     0.00006571
     0.00000000     0.00000000     0.00000000     0.02972582
     0.00268325     0.00120513     0.01320847     0.00000000
     0.00000000     0.00000000     0.00000000     0.00995037
     0.00317560     0.00255727     0.00034015     0.00000000
     0.00000000     0.00000000     0.00000000     0.00768616
            0.502429 -0.313258  0.000000      4
  1
     0.00000000     0.00000000     0.00000000     0.00263933
     0.00000000     0.00000000     0.00000000     0.14268992
     0.01458461     0.00008557     0.00269643     0.00000000
     0.00559271     0.04830251     0.14814767     0.00000000
     0.00000000     0.00000000     0.00000000     0.01772218
     0.00021078     0.00724750     0.02418232     0.00000000
     0.01299547     0.00191524     0.00182332     0.00000000
     0.00000000     0.00000000     0.00000000     0.00073260
     0.00458218     0.00032258     0.00079376     0.00000000
     0.00000000     0.00000000     0.00000000     0.00573905
     0.01052536     0.00032232     0.01967149     0.00000000
     0.02322940     0.00409555     0.00722295     0.00000000
     0.00000000     0.00000000     0.00000000     0.00508309
     0.00076844     0.00091541     0.00149092     0.00000000
     0.00000000     0.00000000     0.00000000     0.00364245
     0.00501671     0.00008096     0.00696381     0.00000000
  2
     0.00000000     0.00000000     0.00000000     0.09468975
     0.00000000     0.00000000     0.00000000     0.07066057
     0.00525520     0.00142775     0.00011497     0.00000000
     0.00246528     0.00594271     0.07304987     0.00000000
     0.00000000     0.00000000     0.00000000     0.00951806
     0.00633732     0.14819414     0.02933953     0.00000000
     0.00544078     0.00619990     0.00001898     0.00000000
     0.00000000     0.00000000     0.00000000     0.00073599
     0.00011878     0.03713412     0.03626900     0.00000000
     0.00000000     0.00000000     0.00000000     0.00107445
     0.00545981     0.00026735     0.00435914     0.00000000
     0.00912534     0.01250194     0.00095345     0.00000000
     0.00000000     0.00000000     0.00000000     0.00440630
     0.00010735     0.01272210     0.01342696     0.00000000
     0.00000000     0.00000000     0.00000000     0.00042201
     0.00190058     0.00005069     0.00101421     0.00000000
  3
     0.00054693     0.12455799     0.00223343     0.00000000
     0.01715668     0.00620618     0.18737490     0.00000000
     0.00000000     0.00000000     0.00000000     0.15936442
     0.00000000     0.00000000     0.00000000     0.00125365
     0.00040349     0.00143291     0.03947250     0.00000000
     0.00000000     0.00000000     0.00000000     0.03979857
     0.00000000     0.00000000     0.00000000     0.02507424
     0.00135212     0.00060564     0.00697073     0.00000000
     0.00000000     0.00000000     0.00000000     0.00007741
     0.00058617     0.00102380     0.01182669     0.00000000
     0.00000000     0.00000000     0.00000000     0.00063279
     0.00000000     0.00000000     0.00000000     0.02507078
     0.00182687     0.00329569     0.00715479     0.00000000
     0.00000000     0.00000000     0.00000000     0.01430520
     0.00403563     0.00138155     0.00230336     0.00000000
     0.00000000     0.00000000     0.00000000     0.00554775
            0.497741 -0.322853  0.000000      4
  1
     0.00000000     0.00000000     0.00000000     0.00000454
     0.00000000     0.00000000     0.00000000     0.13148757
     0.01432011     0.00002501     0.00359873     0.00000000
     0.00612964     0.04089630     0.18584058     0.00000000
     0.00000000     0.00000000     0.00000000     0.01555218
     0.00009620     0.00301647     0.01710895     0.00000000
     0.01277808     0.00145734     0.00140366     0.00000000
     0.00000000     0.00000000     0.00000000     0.00006015
     0.00425993     0.00031311     0.00185111     0.00000000
     0.00000000     0.00000000     0.00000000     0.00792499
     0.02038111     0.00029452     0.01027655     0.00000000
     0.01427896     0.00222825     0.01114235     0.00000000
     0.00000000     0.00000000     0.00000000     0.00184051
     0.00009573     0.00132450     0.00356434     0.00000000
     0.00000000     0.00000000     0.00000000     0.00568014
     0.00795271     0.00064883     0.00512825     0.00000000
  2
     0.00000000     0.00000000     0.00000000     0.11317252
     0.00000000     0.00000000     0.00000000     0.07992152
     0.00536926     0.00173714     0.00000895     0.00000000
     0.00112037     0.00963197     0.07350981     0.00000000
     0.00000000     0.00000000     0.00000000     0.01069226
     0.00812000     0.12881420     0.01778991     0.00000000
     0.00551146     0.00328706     0.00035978     0.00000000
     0.00000000     0.00000000     0.00000000     0.00036192
     0.00067965     0.05295250     0.03039130     0.00000000
     0.00000000     0.00000000     0.00000000     0.00286645
     0.00939341     0.00047779     0.00205531     0.00000000
     0.00513484     0.00448433     0.00612383     0.00000000
     0.00000000     0.00000000     0.00000000     0.00311801
     0.00123070     0.02440046     0.01195820     0.00000000
     0.00000000     0.00000000     0.00000000     0.00164727
     0.00285933     0.00012597     0.00069862     0.00000000
  3
     0.00121869     0.12242138     0.00440142     0.00000000
     0.01624648     0.01279361     0.18076904     0.00000000
     0.00000000     0.00000000     0.00000000     0.15755537
     0.00000000     0.00000000     0.00000000     0.00049517
     0.00029052     0.00286759     0.03671738     0.00000000
     0.00000000     0.00000000     0.00000000     0.04343100
     0.00000000     0.00000000     0.00000000     0.02596642
     0.00185425     0.00092401     0.00293995     0.00000000
     0.00000000     0.00000000     0.00000000     0.00051597
     0.00056614     0.00004469     0.01992153     0.00000000
     0.00000000     0.00000000     0.00000000     0.00373026
     0.00000000     0.00000000     0.00000000     0.01464495
     0.00070464     0.00486580     0.00187029     0.00000000
     0.00000000     0.00000000     0.00000000     0.01973350
     0.00506369     0.00016620     0.00561902     0.00000000
     0.00000000     0.00000000     0.00000000     0.00430010
            0.493135 -0.333333  0.000000      4
  1
     0.00000000     0.00000000     0.00000000     0.00243548
     0.00000000     0.00000000     0.00000000     0.11859256
     0.01388415     0.00000190     0.00546807     0.00000000
     0.00666775     0.03297277     0.21725794     0.00000000
     0.00000000     0.00000000     0.00000000     0.01287254
     0.00011525     0.00129044     0.01308466     0.00000000
     0.01274406     0.00123244     0.00086988     0.00000000
     0.00000000     0.00000000     0.00000000     0.00049223
     0.00000000     0.00000000     0.00000000     0.00833234
     0.00354679     0.00018234     0.00281295     0.00000000
     0.03474017     0.00179399     0.00163348     0.00000000
     0.00084141     0.00005137     0.01207842     0.00000000
     0.00000000     0.00000000     0.00000000     0.00000983
     0.00021391     0.00164943     0.00811643     0.00000000
     0.00000000     0.00000000     0.00000000     0.00690478
     0.00000000     0.00000000     0.00000000     0.00119196
  2
     0.00000000     0.00000000     0.00000000     0.13400024
     0.00000000     0.00000000     0.00000000     0.09005626
     0.00542391     0.00225604     0.00005521     0.00000000
     0.00031660     0.01049150     0.07897908     0.00000000
     0.00000000     0.00000000     0.00000000     0.01161667
     0.00981942     0.10450678     0.00853168     0.00000000
     0.00528305     0.00090302     0.00096103     0.00000000
     0.00000000     0.00000000     0.00000000     0.00000265
     0.00000000     0.00000000     0.00000000     0.00503375
     0.00200885     0.06363407     0.02257694     0.00000000
     0.01280613     0.00020672     0.00080407     0.00000000
     0.00000105     0.00067074     0.01363821     0.00000000
     0.00000000     0.00000000     0.00000000     0.00065446
     0.00451004     0.03640855     0.00695137     0.00000000
     0.00000000     0.00000000     0.00000000     0.00421016
     0.00000000     0.00000000     0.00000000     0.00083171
  3
     0.00209050     0.12040000     0.00658405     0.00000000
     0.01475132     0.02047891     0.17328297     0.00000000
     0.00000000     0.00000000     0.00000000     0.15460229
     0.00000000     0.00000000     0.00000000     0.00000073
     0.00013994     0.00432688     0.03288623     0.00000000
     0.00000000     0.00000000     0.00000000     0.04749663
     0.00000000     0.00000000     0.00000000     0.02754824
     0.00262660     0.00061966     0.00001543     0.00000000
     0.00020858     0.00041354     0.02580445     0.00000000
     0.00000000     0.00000000     0.00000000     0.00185284
     0.00000000     0.00000000     0.00000000     0.00820285
     0.00000000     0.00000000     0.00000000     0.00125703
     0.00003961     0.00412109     0.00042746     0.00000000
     0.00000000     0.00000000     0.00000000     0.02461846
     0.00559708     0.00080261     0.00722467     0.00000000
     0.00200343     0.00007949     0.01350549     0.00000000
            0.488826 -0.344988  0.000000      4
  1
     0.00000000     0.00000000     0.00000000     0.01065667
     0.00000000     0.00000000     0.00000000     0.10370871
     0.01288879     0.00000007     0.01100405     0.00000000
     0.00758137     0.02671321     0.24102855     0.00000000
     0.00023620     0.00058060     0.01051864     0.00000000
     0.00000000     0.00000000     0.00000000     0.00953853
     0.01286776     0.00131755     0.00042324     0.00000000
     0.00000000     0.00000000     0.00000000     0.00297286
     0.00227387     0.00005169     0.00327552     0.00000000
     0.00000000     0.00000000     0.00000000     0.00624575
     0.03560114     0.00200384     0.00070794     0.00000000
     0.00000000     0.00000000     0.00000000     0.00175939
     0.00167485     0.00111213     0.00339229     0.00000000
     0.00058595     0.00096548     0.01531937     0.00000000
     0.00000000     0.00000000     0.00000000     0.00494643
     0.00000000     0.00000000     0.00000000     0.00117282
  2
     0.00000000     0.00000000     0.00000000     0.15671495
     0.00000000     0.00000000     0.00000000     0.10145730
     0.00527004     0.00337950     0.00071779     0.00000000
     0.00000000     0.00923599     0.08589037     0.00000000
     0.01178518     0.07819726     0.00297911     0.00000000
     0.00000000     0.00000000     0.00000000     0.01187382
     0.00483897     0.00000385     0.00151708     0.00000000
     0.00000000     0.00000000     0.00000000     0.00116289
     0.00440079     0.06266028     0.01380400     0.00000000
     0.00000000     0.00000000     0.00000000     0.00627695
     0.00740169     0.00436383     0.00812931     0.00000000
     0.00000000     0.00000000     0.00000000     0.00017299
     0.00609183     0.01687821     0.01372583     0.00000000
     0.00643555     0.02890624     0.00061638     0.00000000
     0.00000000     0.00000000     0.00000000     0.00518904
     0.00000000     0.00000000     0.00000000     0.00177194
  3
     0.00293932     0.11914150     0.00836991     0.00000000
     0.01236144     0.02866428     0.16591508     0.00000000
     0.00000000     0.00000000     0.00000000     0.14932505
     0.00000000     0.00000000     0.00000000     0.00153061
     0.00000000     0.00000000     0.00000000     0.05135875
     0.00000902     0.00535565     0.02757462     0.00000000
     0.00000000     0.00000000     0.00000000     0.02935358
     0.00320646     0.00001894     0.00329475     0.00000000
     0.00000000     0.00000000     0.00000000     0.00459915
     0.00000520     0.00169856     0.02488440     0.00000000
     0.00000000     0.00000000     0.00000000     0.00522921
     0.00114201     0.00133528     0.00609090     0.00000000
     0.00000000     0.00000000     0.00000000     0.00264697
     0.00000000     0.00000000     0.00000000     0.01979598
     0.00419978     0.00340103     0.00382308     0.00000000
     0.00224074     0.00080089     0.01396835     0.00000000
            0.485470 -0.357953  0.000000      4
  1
     0.00000000     0.00000000     0.00000000     0.02505789
     0.00000000     0.00000000     0.00000000     0.08670376
     0.00888377     0.00031296     0.04647859     0.00000000
     0.01101866     0.02293814     0.23046132     0.00000000
     0.00053908     0.00037395     0.00920739     0.00000000
     0.00000000     0.00000000     0.00000000     0.00549497
     0.01310186     0.00193580     0.00013277     0.00000000
     0.00000000     0.00000000     0.00000000     0.00605700
     0.00079318     0.00000349     0.00299728     0.00000000
     0.00000000     0.00000000     0.00000000     0.00322364
     0.03426077     0.00292529     0.00162205     0.00000000
     0.00000000     0.00000000     0.00000000     0.00354985
     0.00605549     0.00323160     0.00000003     0.00000000
     0.00008560     0.00005270     0.01635343     0.00000000
     0.00000000     0.00000000     0.00000000     0.00323854
     0.03305621     0.00255529     0.00053443     0.00000000
  2
     0.00000000     0.00000000     0.00000000     0.17891922
     0.00000000     0.00000000     0.00000000     0.11467418
     0.00405169     0.00707396     0.00855500     0.00000000
     0.00076422     0.00489705     0.08606306     0.00000000
     0.01474177     0.05320192     0.00047435     0.00000000
     0.00000000     0.00000000     0.00000000     0.01046846
     0.00417458     0.00062285     0.00192150     0.00000000
     0.00000000     0.00000000     0.00000000     0.00505156
     0.00789687     0.04782428     0.00627644     0.00000000
     0.00000000     0.00000000     0.00000000     0.00585254
     0.00184472     0.02177780     0.01409981     0.00000000
     0.00000000     0.00000000     0.00000000     0.00188739
     0.02024951     0.03330044     0.00743227     0.00000000
     0.00333944     0.00878152     0.00071778     0.00000000
     0.00000000     0.00000000     0.00000000     0.00492452
     0.00682126     0.00034143     0.00975504     0.00000000
  3
     0.00313738     0.11941116     0.00953365     0.00000000
     0.00858717     0.03719254     0.15958749     0.00000000
     0.00000000     0.00000000     0.00000000     0.12944197
     0.00000000     0.00000000     0.00000000     0.01881319
     0.00000000     0.00000000     0.00000000     0.05384837
     0.00014359     0.00522243     0.01976913     0.00000000
     0.00000000     0.00000000     0.00000000     0.03070315
     0.00304349     0.00067475     0.01234873     0.00000000
     0.00000000     0.00000000     0.00000000     0.00844391
     0.00047260     0.00238214     0.01809805     0.00000000
     0.00000000     0.00000000     0.00000000     0.00380885
     0.00176004     0.00005822     0.01344205     0.00000000
     0.00000000     0.00000000     0.00000000     0.00770534
     0.00000000     0.00000000     0.00000000     0.00756592
     0.00275859     0.00504941     0.00140090     0.00000000
     0.00000000     0.00000000     0.00000000     0.02212195
            0.484576 -0.371762  0.000000      4
  1
     0.00000000     0.00000000     0.00000000     0.04423641
     0.00000000     0.00000000     0.00000000     0.06800519
     0.00000124     0.01193653     0.26294898     0.00000000
     0.01758674     0.01199047     0.03091327     0.00000000
     0.00148986     0.00078390     0.01002372     0.00000000
     0.00000000     0.00000000     0.00000000     0.00139115
     0.00000000     0.00000000     0.00000000     0.00817342
     0.01308493     0.00392459     0.00000030     0.00000000
     0.00000571     0.00001460     0.00231604     0.00000000
     0.00000000     0.00000000     0.00000000     0.00069310
     0.03087900     0.00647025     0.00322304     0.00000000
     0.00000000     0.00000000     0.00000000     0.00449209
     0.01032604     0.00610479     0.00027743     0.00000000
     0.00004154     0.00002416     0.01357061     0.00000000
     0.00000000     0.00000000     0.00000000     0.00234898
     0.02200413     0.00307958     0.00153332     0.00000000
  2
     0.00000000     0.00000000     0.00000000     0.19377755
     0.00000000     0.00000000     0.00000000     0.13024698
     0.00004189     0.01095503     0.08113994     0.00000000
     0.00324718     0.00167582     0.01999195     0.00000000
     0.02063372     0.03031789     0.00010730     0.00000000
     0.00000000     0.00000000     0.00000000     0.00568379
     0.00000000     0.00000000     0.00000000     0.01255051
     0.00269031     0.00320951     0.00242294     0.00000000
     0.01268858     0.02678142     0.00185950     0.00000000
     0.00000000     0.00000000     0.00000000     0.00345982
     0.00017021     0.03890195     0.01597792     0.00000000
     0.00000000     0.00000000     0.00000000     0.00557916
     0.03491739     0.02373859     0.00194767     0.00000000
     0.00188381     0.00161061     0.00216206     0.00000000
     0.00000000     0.00000000     0.00000000     0.00488192
     0.00070950     0.00540035     0.01169053     0.00000000
  3
     0.00167539     0.12185278     0.01007386     0.00000000
     0.00332793     0.04567559     0.15526669     0.00000000
     0.00000000     0.00000000     0.00000000     0.01656096
     0.00000000     0.00000000     0.00000000     0.13822522
     0.00000000     0.00000000     0.00000000     0.04722485
     0.00122734     0.00280211     0.00838760     0.00000000
     0.00164138     0.00375741     0.02469106     0.00000000
     0.00000000     0.00000000     0.00000000     0.03211848
     0.00000000     0.00000000     0.00000000     0.01105654
     0.00196052     0.00148682     0.00799733     0.00000000
     0.00000000     0.00000000     0.00000000     0.00419573
     0.00117743     0.00049324     0.02292038     0.00000000
     0.00000000     0.00000000     0.00000000     0.00368765
     0.00000000     0.00000000     0.00000000     0.00181680
     0.00116462     0.00664985     0.00053009     0.00000000
     0.00000000     0.00000000     0.00000000     0.03179391
            0.488401 -0.384688  0.000000      4
  1
     0.00000000     0.00000000     0.00000000     0.06323616
     0.00000000     0.00000000     0.00000000     0.04925619
     0.00014448     0.01801376     0.29641584     0.00000000
     0.00627864     0.00569160     0.00056989     0.00000000
     0.00897739     0.00944383     0.01305280     0.00000000
     0.00000000     0.00000000     0.00000000     0.00018288
     0.00000000     0.00000000     0.00000000     0.00690779
     0.00652738     0.00519137     0.00103390     0.00000000
     0.00535185     0.00442748     0.00078109     0.00000000
     0.00000000     0.00000000     0.00000000     0.00020287
     0.00000000     0.00000000     0.00000000     0.00345153
     0.02132482     0.01365406     0.00502532     0.00000000
     0.01419421     0.01498769     0.00000760     0.00000000
     0.00042867     0.00001024     0.01126726     0.00000000
     0.00000000     0.00000000     0.00000000     0.00179219
     0.01037665     0.00359850     0.00367784     0.00000000
  2
     0.00000000     0.00000000     0.00000000     0.18970848
     0.00000000     0.00000000     0.00000000     0.14776857
     0.00043344     0.00600459     0.09880528     0.00000000
     0.00209288     0.01707481     0.00170968     0.00000000
     0.02693216     0.00314794     0.00435093     0.00000000
     0.00000000     0.00000000     0.00000000     0.00006096
     0.00000000     0.00000000     0.00000000     0.02072338
     0.00217579     0.01557411     0.00310169     0.00000000
     0.01605556     0.00147583     0.00026036     0.00000000
     0.00000000     0.00000000     0.00000000     0.00006762
     0.00000000     0.00000000     0.00000000     0.01035459
     0.00710827     0.04096219     0.01507597     0.00000000
     0.04258264     0.00499589     0.00000253     0.00000000
     0.00128601     0.00000341     0.00375575     0.00000000
     0.00000000     0.00000000     0.00000000     0.00537656
     0.00345888     0.01079549     0.01103351     0.00000000
  3
     0.00000000     0.12406845     0.01020115     0.00000000
     0.00000000     0.05018415     0.15374451     0.00000000
     0.00000000     0.00000000     0.00000000     0.00000000
     0.00000000     0.00000000     0.00000000     0.20198762
     0.00000000     0.00000000     0.00000000     0.00000000
     0.00264735     0.00000000     0.00000000     0.00000000
     0.00000000     0.00689045     0.03327462     0.00000000
     0.00000000     0.00000000     0.00000000     0.04466187
     0.00000000     0.00000000     0.00000000     0.00000000
     0.00358088     0.00000000     0.00000000     0.00000000
     0.00000000     0.00169233     0.03060055     0.00000000
     0.00000000     0.00000000     0.00000000     0.00458594
     0.00000000     0.00000000     0.00000000     0.00000000
     0.00000000     0.00000000     0.00000000     0.00000000
     0.00000000     0.00786609     0.00038286     0.00000000
     0.00000000     0.00000000     0.00000000     0.03708204
            0.497684 -0.394463  0.000000      4
  1
     0.00000000     0.00000000     0.00000000     0.07621097
     0.00000000     0.00000000     0.00000000     0.03318152
     0.00003797     0.02110364     0.25308574     0.00000000
     0.00028760     0.00037248     0.04425421     0.00000000
     0.01104615     0.02715662     0.00348475     0.00000000
     0.00000000     0.00000000     0.00000000     0.00217540
     0.00000000     0.00000000     0.00000000     0.00268494
     0.00015070     0.00031469     0.00184049     0.00000000
     0.00975098     0.02063141     0.00017642     0.00000000
     0.00000000     0.00000000     0.00000000     0.00142704
     0.00983288     0.01705430     0.00657449     0.00000000
     0.00000000     0.00000000     0.00000000     0.00097187
     0.01232493     0.02975522     0.00089366     0.00000000
     0.00118116     0.00104346     0.00970521     0.00000000
     0.00000000     0.00000000     0.00000000     0.00131605
     0.00261128     0.00128838     0.00548457     0.00000000
  2
     0.00000000     0.00000000     0.00000000     0.16180233
     0.00000000     0.00000000     0.00000000     0.16507170
     0.00000517     0.00178786     0.09099748     0.00000000
     0.02054629     0.01329423     0.00665409     0.00000000
     0.01107767     0.00394537     0.00664665     0.00000000
     0.00000000     0.00000000     0.00000000     0.00489942
     0.00000000     0.00000000     0.00000000     0.01803892
     0.01562463     0.00681955     0.00058280     0.00000000
     0.00294345     0.00616471     0.00399917     0.00000000
     0.00000000     0.00000000     0.00000000     0.00272580
     0.02121625     0.02831791     0.01262664     0.00000000
     0.00000000     0.00000000     0.00000000     0.00909922
     0.03291849     0.00008779     0.00133140     0.00000000
     0.00074466     0.00059160     0.00602766     0.00000000
     0.00000000     0.00000000     0.00000000     0.00591509
     0.02010219     0.00719150     0.00773923     0.00000000
  3
     0.00167536     0.12185273     0.01007387     0.00000000
     0.00332789     0.04567553     0.15526755     0.00000000
     0.00000000     0.00000000     0.00000000     0.01656211
     0.00000000     0.00000000     0.00000000     0.13822461
     0.00000000     0.00000000     0.00000000     0.04722441
     0.00122736     0.00280204     0.00838747     0.00000000
     0.00164135     0.00375736     0.02469106     0.00000000
     0.00000000     0.00000000     0.00000000     0.03211844
     0.00000000     0.00000000     0.00000000     0.01105636
     0.00196054     0.00148678     0.00799722     0.00000000
     0.00000000     0.00000000     0.00000000     0.00419550
     0.00117741     0.00049321     0.02292017     0.00000000
     0.00000000     0.00000000     0.00000000     0.00368753
     0.00000000     0.00000000     0.00000000     0.00181692
     0.00116458     0.00664993     0.00053021     0.00000000
     0.00000000     0.00000000     0.00000000     0.03179419
            0.510090 -0.400594  0.000000      4
  1
     0.00000000     0.00000000     0.00000000     0.08246674
     0.00000000     0.00000000     0.00000000     0.02132797
     0.00006396     0.00667204     0.03530127     0.00000000
     0.00081486     0.01858621     0.24412835     0.00000000
     0.00874985     0.04385850     0.00084789     0.00000000
     0.00000000     0.00000000     0.00000000     0.00265671
     0.00000163     0.00000015     0.00191179     0.00000000
     0.00000000     0.00000000     0.00000000     0.00051253
     0.00828852     0.03622322     0.00170049     0.00000000
     0.00000000     0.00000000     0.00000000     0.00143365
     0.00306397     0.01015246     0.00683882     0.00000000
     0.00000000     0.00000000     0.00000000     0.00006135
     0.00711048     0.03476401     0.00558919     0.00000000
     0.00206354     0.00719116     0.00759309     0.00000000
     0.00000000     0.00000000     0.00000000     0.00104460
     0.00037560     0.00008601     0.00547234     0.00000000
  2
     0.00000000     0.00000000     0.00000000     0.12150959
     0.00000000     0.00000000     0.00000000     0.18005238
     0.01287215     0.00071474     0.01972749     0.00000000
     0.01096754     0.00924972     0.07239559     0.00000000
     0.00653138     0.00971787     0.00883448     0.00000000
     0.00000000     0.00000000     0.00000000     0.01330611
     0.01727510     0.00255866     0.00014256     0.00000000
     0.00000000     0.00000000     0.00000000     0.01059620
     0.00040172     0.01160467     0.00757343     0.00000000
     0.00000000     0.00000000     0.00000000     0.00764211
     0.03304137     0.01455099     0.00888344     0.00000000
     0.00000000     0.00000000     0.00000000     0.00537562
     0.01919398     0.00176447     0.00184337     0.00000000
     0.00136318     0.00164588     0.00947813     0.00000000
     0.00000000     0.00000000     0.00000000     0.00711908
     0.03950180     0.00281085     0.00481704     0.00000000
  3
     0.00313729     0.11941115     0.00953361     0.00000000
     0.00858701     0.03719243     0.15958951     0.00000000
     0.00000000     0.00000000     0.00000000     0.12944374
     0.00000000     0.00000000     0.00000000     0.01881209
     0.00000000     0.00000000     0.00000000     0.05384787
     0.00014362     0.00522218     0.01976854     0.00000000
     0.00000000     0.00000000     0.00000000     0.03070300
     0.00304343     0.00067475     0.01234904     0.00000000
     0.00000000     0.00000000     0.00000000     0.00844362
     0.00047266     0.00238197     0.01809748     0.00000000
     0.00000000     0.00000000     0.00000000     0.00380834
     0.00175996     0.00005825     0.01344170     0.00000000
     0.00000000     0.00000000     0.00000000     0.00770415
     0.00000000     0.00000000     0.00000000     0.00756717
     0.00275850     0.00504956     0.00140137     0.00000000
     0.00000000     0.00000000     0.00000000     0.02212258
            0.522996 -0.404169  0.000000      4
  1
     0.00000000     0.00000000     0.00000000     0.08480924
     0.00000000     0.00000000     0.00000000     0.01318622
     0.00003727     0.00254801     0.00572313     0.00000000
     0.00189449     0.02720813     0.24927809     0.00000000
     0.00745308     0.06462900     0.00001611     0.00000000
     0.00000000     0.00000000     0.00000000     0.00207345
     0.00001242     0.00039392     0.00193761     0.00000000
     0.00000000     0.00000000     0.00000000     0.00000516
     0.00660868     0.04856665     0.00534860     0.00000000
     0.00000000     0.00000000     0.00000000     0.00084667
     0.00039344     0.00121301     0.00419637     0.00000000
     0.00000000     0.00000000     0.00000000     0.00009183
     0.00222100     0.01668579     0.01705280     0.00000000
     0.00329175     0.02649896     0.00163040     0.00000000
     0.00000000     0.00000000     0.00000000     0.00074087
     0.00000000     0.00000000     0.00000000     0.00037375
  2
     0.00000000     0.00000000     0.00000000     0.08256224
     0.00000000     0.00000000     0.00000000     0.19198163
     0.01812181     0.00083162     0.00599861     0.00000000
     0.00568687     0.00874129     0.07763727     0.00000000
     0.00456852     0.01414918     0.01348210     0.00000000
     0.00000000     0.00000000     0.00000000     0.01933829
     0.01769455     0.00092752     0.00000275     0.00000000
     0.00000000     0.00000000     0.00000000     0.00413085
     0.00006604     0.01414518     0.01173110     0.00000000
     0.00000000     0.00000000     0.00000000     0.01167559
     0.04260951     0.00515498     0.00464118     0.00000000
     0.00000000     0.00000000     0.00000000     0.00184040
     0.00554491     0.00130130     0.00006609     0.00000000
     0.00373121     0.00337564     0.01430481     0.00000000
     0.00000000     0.00000000     0.00000000     0.00939507
     0.00000000     0.00000000     0.00000000     0.00257104
  3
     0.00293926     0.11914155     0.00836986     0.00000000
     0.01236130     0.02866417     0.16591667     0.00000000
     0.00000000     0.00000000     0.00000000     0.14932530
     0.00000000     0.00000000     0.00000000     0.00153068
     0.00000000     0.00000000     0.00000000     0.05135847
     0.00000902     0.00535546     0.02757401     0.00000000
     0.00000000     0.00000000     0.00000000     0.02935350
     0.00320646     0.00001893     0.00329507     0.00000000
     0.00000000     0.00000000     0.00000000     0.00459900
     0.00000521     0.00169847     0.02488385     0.00000000
     0.00000000     0.00000000     0.00000000     0.00522871
     0.00114193     0.00133537     0.00609062     0.00000000
     0.00000000     0.00000000     0.00000000     0.00264607
     0.00000000     0.00000000     0.00000000     0.01979705
     0.00419974     0.00340103     0.00382365     0.00000000
     0.00224086     0.00080101     0.01396791     0.00000000
            0.535243 -0.406266  0.000000      4
  1
     0.00000000     0.00000000     0.00000000     0.08546407
     0.00000000     0.00000000     0.00000000     0.00769173
     0.00002367     0.00174924     0.00188427     0.00000000
     0.00316266     0.03221926     0.22699087     0.00000000
     0.00000000     0.00000000     0.00000000     0.00134045
     0.00647211     0.08875981     0.00051975     0.00000000
     0.00004227     0.00189899     0.00173007     0.00000000
     0.00000000     0.00000000     0.00000000     0.00009376
     0.00000000     0.00000000     0.00000000     0.00024973
     0.00470499     0.05072110     0.01073444     0.00000000
     0.00002313     0.00113092     0.00001891     0.00000000
     0.00023691     0.00035514     0.02436339     0.00000000
     0.00000000     0.00000000     0.00000000     0.00056278
     0.00258539     0.03442997     0.00073762     0.00000000
     0.00000000     0.00000000     0.00000000     0.00021448
     0.00000000     0.00000000     0.00000000     0.00005949
  2
     0.00000000     0.00000000     0.00000000     0.05097165
     0.00000000     0.00000000     0.00000000     0.20095717
     0.01928440     0.00050870     0.00363902     0.00000000
     0.00382169     0.01124501     0.06924601     0.00000000
     0.00000000     0.00000000     0.00000000     0.02314873
     0.00346256     0.01703742     0.02109660     0.00000000
     0.01798484     0.00023647     0.00010084     0.00000000
     0.00000000     0.00000000     0.00000000     0.00040113
     0.00000000     0.00000000     0.00000000     0.01311635
     0.00085065     0.01309531     0.01465546     0.00000000
     0.04752317     0.00086979     0.00241866     0.00000000
     0.00060557     0.00036696     0.00135324     0.00000000
     0.00000000     0.00000000     0.00000000     0.00010152
     0.00213859     0.00362802     0.01433017     0.00000000
     0.00000000     0.00000000     0.00000000     0.01090048
     0.00000000     0.00000000     0.00000000     0.00196417
  3
     0.00209050     0.12040000     0.00658405     0.00000000
     0.01475132     0.02047891     0.17328304     0.00000000
     0.00000000     0.00000000     0.00000000     0.15460230
     0.00000000     0.00000000     0.00000000     0.00000073
     0.00013994     0.00432687     0.03288620     0.00000000
     0.00000000     0.00000000     0.00000000     0.04749662
     0.00000000     0.00000000     0.00000000     0.02754824
     0.00262660     0.00061966     0.00001543     0.00000000
     0.00020858     0.00041354     0.02580444     0.00000000
     0.00000000     0.00000000     0.00000000     0.00185284
     0.00000000     0.00000000     0.00000000     0.00820281
     0.00000000     0.00000000     0.00000000     0.00125704
     0.00003961     0.00412110     0.00042745     0.00000000
     0.00000000     0.00000000     0.00000000     0.02461848
     0.00559708     0.00080261     0.00722469     0.00000000
     0.00200344     0.00007949     0.01350545     0.00000000
            0.546622 -0.407517  0.000000      4
  1
     0.00000000     0.00000000     0.00000000     0.08550140
     0.00000000     0.00000000     0.00000000     0.00403511
     0.00001314     0.00148960     0.00075096     0.00000000
     0.00464213     0.03463656     0.20281472     0.00000000
     0.00000000     0.00000000     0.00000000     0.00073961
     0.00534865     0.11443566     0.00251101     0.00000000
     0.00006042     0.00472516     0.00123617     0.00000000
     0.00000000     0.00000000     0.00000000     0.00015870
     0.00304829     0.04331900     0.01676057     0.00000000
     0.00000000     0.00000000     0.00000000     0.00000344
     0.00015760     0.00075699     0.00809027     0.00000000
     0.00000534     0.00665777     0.01453251     0.00000000
     0.00000000     0.00000000     0.00000000     0.00072401
     0.00124420     0.02355459     0.00420578     0.00000000
     0.00000000     0.00000000     0.00000000     0.00000642
     0.00000296     0.00050425     0.00344526     0.00000000
  2
     0.00000000     0.00000000     0.00000000     0.02767554
     0.00000000     0.00000000     0.00000000     0.20737336
     0.01967615     0.00027253     0.00285669     0.00000000
     0.00260784     0.01589184     0.05653671     0.00000000
     0.00000000     0.00000000     0.00000000     0.02550507
     0.00286750     0.01739495     0.03238773     0.00000000
     0.01822903     0.00001930     0.00052728     0.00000000
     0.00000000     0.00000000     0.00000000     0.00026340
     0.00189131     0.00994662     0.01548176     0.00000000
     0.00000000     0.00000000     0.00000000     0.01078804
     0.02961782     0.00001547     0.00424088     0.00000000
     0.01940729     0.00005471     0.00273421     0.00000000
     0.00000000     0.00000000     0.00000000     0.00423444
     0.00008219     0.00217021     0.01131676     0.00000000
     0.00000000     0.00000000     0.00000000     0.00732094
     0.01080868     0.00027052     0.00238158     0.00000000
  3
     0.00121870     0.12242135     0.00440145     0.00000000
     0.01624652     0.01279365     0.18076849     0.00000000
     0.00000000     0.00000000     0.00000000     0.15755529
     0.00000000     0.00000000     0.00000000     0.00049520
     0.00029054     0.00286763     0.03671765     0.00000000
     0.00000000     0.00000000     0.00000000     0.04343108
     0.00000000     0.00000000     0.00000000     0.02596639
     0.00185422     0.00092402     0.00294009     0.00000000
     0.00000000     0.00000000     0.00000000     0.00051598
     0.00056616     0.00004469     0.01992153     0.00000000
     0.00000000     0.00000000     0.00000000     0.00373067
     0.00000000     0.00000000     0.00000000     0.01464485
     0.00070464     0.00486580     0.00187022     0.00000000
     0.00000000     0.00000000     0.00000000     0.01973334
     0.00506373     0.00016619     0.00561891     0.00000000
     0.00000000     0.00000000     0.00000000     0.00429992
            0.557275 -0.408255  0.000000      4
  1
     0.00000000     0.00000000     0.00000000     0.08536795
     0.00000000     0.00000000     0.00000000     0.00170864
     0.00000575     0.00139490     0.00027815     0.00000000
     0.00646282     0.03120532     0.18191667     0.00000000
     0.00000000     0.00000000     0.00000000     0.00032140
     0.00380477     0.14133928     0.00498245     0.00000000
     0.00004734     0.00811299     0.00063118     0.00000000
     0.00000000     0.00000000     0.00000000     0.00009923
     0.00187354     0.03092857     0.02275349     0.00000000
     0.00000000     0.00000000     0.00000000     0.00009008
     0.00016115     0.00053531     0.01620676     0.00000000
     0.00004254     0.01659727     0.00479351     0.00000000
     0.00000000     0.00000000     0.00000000     0.00047693
     0.00052136     0.01272583     0.00656817     0.00000000
     0.00000000     0.00000000     0.00000000     0.00015340
     0.00000548     0.00000278     0.00480315     0.00000000
  2
     0.00000000     0.00000000     0.00000000     0.01196112
     0.00000000     0.00000000     0.00000000     0.21164179
     0.01983405     0.00011841     0.00253324     0.00000000
     0.00159516     0.02303992     0.03928094     0.00000000
     0.00000000     0.00000000     0.00000000     0.02691886
     0.00274332     0.01410235     0.04853940     0.00000000
     0.01838890     0.00000216     0.00121112     0.00000000
     0.00000000     0.00000000     0.00000000     0.00136937
     0.00282743     0.00652812     0.01430926     0.00000000
     0.00000000     0.00000000     0.00000000     0.00672343
     0.01582406     0.00005435     0.00782384     0.00000000
     0.03231213     0.00000023     0.00338292     0.00000000
     0.00000000     0.00000000     0.00000000     0.00901244
     0.00035444     0.00091167     0.00834971     0.00000000
     0.00000000     0.00000000     0.00000000     0.00391105
     0.00691179     0.00012888     0.00317487     0.00000000
  3
     0.00054693     0.12455799     0.00223343     0.00000000
     0.01715669     0.00620618     0.18737485     0.00000000
     0.00000000     0.00000000     0.00000000     0.15936441
     0.00000000     0.00000000     0.00000000     0.00125366
     0.00040349     0.00143291     0.03947253     0.00000000
     0.00000000     0.00000000     0.00000000     0.03979857
     0.00000000     0.00000000     0.00000000     0.02507424
     0.00135212     0.00060564     0.00697074     0.00000000
     0.00000000     0.00000000     0.00000000     0.00007741
     0.00058617     0.00102380     0.01182669     0.00000000
     0.00000000     0.00000000     0.00000000     0.00063280
     0.00000000     0.00000000     0.00000000     0.02507080
     0.00182688     0.00329569     0.00715478     0.00000000
     0.00000000     0.00000000     0.00000000     0.01430519
     0.00403563     0.00138155     0.00230335     0.00000000
     0.00000000     0.00000000     0.00000000     0.00554774
            0.567435 -0.408645  0.000000      4
  1
     0.00000000     0.00000000     0.00000000     0.08524322
     0.00000000     0.00000000     0.00000000     0.00041517
     0.00000142     0.00136326     0.00006367     0.00000000
     0.00880131     0.01622785     0.17046442     0.00000000
     0.00000000     0.00000000     0.00000000     0.00007908
     0.00163396     0.17197788     0.00416801     0.00000000
     0.00001604     0.01074920     0.00016809     0.00000000
     0.00000000     0.00000000     0.00000000     0.00002787
     0.00118193     0.01703735     0.02954152     0.00000000
     0.00000000     0.00000000     0.00000000     0.00032068
     0.00019505     0.00560224     0.01669989     0.00000000
     0.00001760     0.02157415     0.00101463     0.00000000
     0.00000000     0.00000000     0.00000000     0.00016795
     0.00021535     0.00577107     0.00791135     0.00000000
     0.00000000     0.00000000     0.00000000     0.00030817
     0.00001763     0.00073215     0.00538734     0.00000000
  2
     0.00000000     0.00000000     0.00000000     0.00293817
     0.00000000     0.00000000     0.00000000     0.21407711
     0.01989956     0.00002942     0.00239791     0.00000000
     0.00061486     0.03305428     0.01641371     0.00000000
     0.00000000     0.00000000     0.00000000     0.02767473
     0.00309560     0.00647822     0.07073122     0.00000000
     0.01846824     0.00000517     0.00184535     0.00000000
     0.00000000     0.00000000     0.00000000     0.00219518
     0.00329915     0.00393488     0.01088238     0.00000000
     0.00000000     0.00000000     0.00000000     0.00239491
     0.01137603     0.00028358     0.01243692     0.00000000
     0.03592405     0.00000305     0.00384888     0.00000000
     0.00000000     0.00000000     0.00000000     0.01328183
     0.00127773     0.00025941     0.00586159     0.00000000
     0.00000000     0.00000000     0.00000000     0.00176172
     0.00494650     0.00002343     0.00447153     0.00000000
  3
     0.00013689     0.12618833     0.00060753     0.00000000
     0.01764905     0.00164509     0.19199483     0.00000000
     0.00000000     0.00000000     0.00000000     0.16035997
     0.00000000     0.00000000     0.00000000     0.00105599
     0.00047033     0.00038519     0.04119355     0.00000000
     0.00000000     0.00000000     0.00000000     0.03797589
     0.00000000     0.00000000     0.00000000     0.02478319
     0.00111064     0.00017935     0.00956521     0.00000000
     0.00000000     0.00000000     0.00000000     0.00000237
     0.00026773     0.00279559     0.00405003     0.00000000
     0.00000000     0.00000000     0.00000000     0.00006569
     0.00000000     0.00000000     0.00000000     0.02972560
     0.00268323     0.00120513     0.01320856     0.00000000
     0.00000000     0.00000000     0.00000000     0.00995043
     0.00317558     0.00255728     0.00034018     0.00000000
     0.00000000     0.00000000     0.00000000     0.00768625
            0.577350 -0.408768  0.000000      4
  1
     0.00000000     0.00000000     0.00000000     0.08519575
     0.00000000     0.00000000     0.00000000     0.00000000
     0.00000000     0.00135633     0.00000000     0.00000000
     0.01049117     0.00000000     0.17030749     0.00000000
     0.00000000     0.00000000     0.00000000     0.00000000
     0.00000000     0.19372770     0.00000000     0.00000000
     0.00000000     0.01171881     0.00000000     0.00000000
     0.00000000     0.00000000     0.00000000     0.00000000
     0.00116918     0.00000000     0.04857873     0.00000000
     0.00000000     0.00000000     0.00000000     0.00046697
     0.00000000     0.01946527     0.00000000     0.00000000
     0.00000000     0.02303310     0.00000000     0.00000000
     0.00000000     0.00000000     0.00000000     0.00000000
     0.00015520     0.00000000     0.01390124     0.00000000
     0.00000000     0.00457254     0.00000000     0.00000000
     0.00000000     0.00000000     0.00000000     0.00063556
  2
     0.00000000     0.00000000     0.00000000     0.00000000
     0.00000000     0.00000000     0.00000000     0.21486812
     0.01991774     0.00000000     0.00236061     0.00000000
     0.00000000     0.04034022     0.00000000     0.00000000
     0.00000000     0.00000000     0.00000000     0.02791269
     0.00350981     0.00000000     0.08691857     0.00000000
     0.01849106     0.00000000     0.00210095     0.00000000
     0.00000000     0.00000000     0.00000000     0.00247393
     0.00000000     0.00337972     0.00000000     0.00000000
     0.00000000     0.00000000     0.00000000     0.00000000
     0.01373553     0.00000000     0.02366775     0.00000000
     0.03670959     0.00000000     0.00400836     0.00000000
     0.00000000     0.00000000     0.00000000     0.01560746
     0.00000000     0.00005136     0.00000000     0.00000000
     0.00598939     0.00000000     0.00996629     0.00000000
     0.00000000     0.00000000     0.00000000     0.00000000
  3
     0.00000000     0.12680042     0.00000000     0.00000000
     0.01780505     0.00000000     0.19366604     0.00000000
     0.00000000     0.00000000     0.00000000     0.16067858
     0.00000000     0.00000000     0.00000000     0.00000000
     0.00049226     0.00000000     0.04178595     0.00000000
     0.00000000     0.00000000     0.00000000     0.03829235
     0.00000000     0.00000000     0.00000000     0.02474442
     0.00104036     0.00000000     0.01042476     0.00000000
     0.00000000     0.00000000     0.00000000     0.00000000
     0.00000000     0.00391228     0.00000000     0.00000000
     0.00000000     0.00000000     0.00000000     0.00000493
     0.00000000     0.00000000     0.00000000     0.03107801
     0.00310389     0.00000000     0.01669663     0.00000000
     0.00000000     0.00000000     0.00000000     0.00000000
     0.00000000     0.00000000     0.00000000     0.01696714
     0.00000000     0.00516442     0.00000000     0.00000000
            0.587265 -0.408645  0.000000      4
  1
     0.00000000     0.00000000     0.00000000     0.08524322
     0.00000000     0.00000000     0.00000000     0.00041517
     0.00000142     0.00136326     0.00006367     0.00000000
     0.00880131     0.01622785     0.17046442     0.00000000
     0.00000000     0.00000000     0.00000000     0.00007908
     0.00163396     0.17197788     0.00416801     0.00000000
     0.00001604     0.01074920     0.00016809     0.00000000
     0.00000000     0.00000000     0.00000000     0.00002787
     0.00118193     0.01703735     0.02954152     0.00000000
     0.00000000     0.00000000     0.00000000     0.00032068
     0.00019505     0.00560224     0.01669989     0.00000000
     0.00001760     0.02157415     0.00101463     0.00000000
     0.00000000     0.00000000     0.00000000     0.00016795
     0.00021535     0.00577107     0.00791135     0.00000000
     0.00000000     0.00000000     0.00000000     0.00030817
     0.00001763     0.00073215     0.00538734     0.00000000
  2
     0.00000000     0.00000000     0.00000000     0.00293817
     0.00000000     0.00000000     0.00000000     0.21407711
     0.01989956     0.00002942     0.00239791     0.00000000
     0.00061486     0.03305428     0.01641371     0.00000000
     0.00000000     0.00000000     0.00000000     0.02767473
     0.00309560     0.00647822     0.07073122     0.00000000
     0.01846824     0.00000517     0.00184535     0.00000000
     0.00000000     0.00000000     0.00000000     0.00219518
     0.00329915     0.00393488     0.01088238     0.00000000
     0.00000000     0.00000000     0.00000000     0.00239491
     0.01137603     0.00028358     0.01243692     0.00000000
     0.03592405     0.00000305     0.00384888     0.00000000
     0.00000000     0.00000000     0.00000000     0.01328183
     0.00127773     0.00025941     0.00586159     0.00000000
     0.00000000     0.00000000     0.00000000     0.00176171
     0.00494650     0.00002343     0.00447153     0.00000000
  3
     0.00013689     0.12618833     0.00060753     0.00000000
     0.01764905     0.00164509     0.19199483     0.00000000
     0.00000000     0.00000000     0.00000000     0.16035997
     0.00000000     0.00000000     0.00000000     0.00105599
     0.00047033     0.00038519     0.04119355     0.00000000
     0.00000000     0.00000000     0.00000000     0.03797589
     0.00000000     0.00000000     0.00000000     0.02478319
     0.00111064     0.00017935     0.00956521     0.00000000
     0.00000000     0.00000000     0.00000000     0.00000237
     0.00026773     0.00279559     0.00405003     0.00000000
     0.00000000     0.00000000     0.00000000     0.00006569
     0.00000000     0.00000000     0.00000000     0.02972560
     0.00268323     0.00120513     0.01320856     0.00000000
     0.00000000     0.00000000     0.00000000     0.00995043
     0.00317557     0.00255729     0.00034017     0.00000000
     0.00000000     0.00000000     0.00000000     0.00768625
            0.597425 -0.408255  0.000000      4
  1
     0.00000000     0.00000000     0.00000000     0.08536795
     0.00000000     0.00000000     0.00000000     0.00170864
     0.00000575     0.00139490     0.00027815     0.00000000
     0.00646282     0.03120532     0.18191667     0.00000000
     0.00000000     0.00000000     0.00000000     0.00032140
     0.00380477     0.14133928     0.00498245     0.00000000
     0.00004734     0.00811299     0.00063118     0.00000000
     0.00000000     0.00000000     0.00000000     0.00009923
     0.00187354     0.03092857     0.02275349     0.00000000
     0.00000000     0.00000000     0.00000000     0.00009008
     0.00016115     0.00053531     0.01620676     0.00000000
     0.00004254     0.01659727     0.00479351     0.00000000
     0.00000000     0.00000000     0.00000000     0.00047693
     0.00052136     0.01272583     0.00656817     0.00000000
     0.00000000     0.00000000     0.00000000     0.00015340
     0.00000548     0.00000278     0.00480316     0.00000000
  2
     0.00000000     0.00000000     0.00000000     0.01196112
     0.00000000     0.00000000     0.00000000     0.21164179
     0.01983405     0.00011841     0.00253324     0.00000000
     0.00159516     0.02303992     0.03928094     0.00000000
     0.00000000     0.00000000     0.00000000     0.02691886
     0.00274332     0.01410235     0.04853940     0.00000000
     0.01838890     0.00000216     0.00121112     0.00000000
     0.00000000     0.00000000     0.00000000     0.00136937
     0.00282743     0.00652812     0.01430926     0.00000000
     0.00000000     0.00000000     0.00000000     0.00672343
     0.01582406     0.00005435     0.00782384     0.00000000
     0.03231213     0.00000023     0.00338292     0.00000000
     0.00000000     0.00000000     0.00000000     0.00901244
     0.00035444     0.00091167     0.00834971     0.00000000
     0.00000000     0.00000000     0.00000000     0.00391105
     0.00691172     0.00012887     0.00317487     0.00000000
  3
     0.00054693     0.12455799     0.00223343     0.00000000
     0.01715669     0.00620618     0.18737485     0.00000000
     0.00000000     0.00000000     0.00000000     0.15936441
     0.00000000     0.00000000     0.00000000     0.00125366
     0.00040349     0.00143291     0.03947253     0.00000000
     0.00000000     0.00000000     0.00000000     0.03979857
     0.00000000     0.00000000     0.00000000     0.02507424
     0.00135212     0.00060564     0.00697074     0.00000000
     0.00000000     0.00000000     0.00000000     0.00007741
     0.00058617     0.00102380     0.01182669     0.00000000
     0.00000000     0.00000000     0.00000000     0.00063280
     0.00000000     0.00000000     0.00000000     0.02507080
     0.00182688     0.00329569     0.00715478     0.00000000
     0.00000000     0.00000000     0.00000000     0.01430519
     0.00403563     0.00138155     0.00230335     0.00000000
     0.00000000     0.00000000     0.00000000     0.00554775
            0.608078 -0.407517  0.000000      4
  1
     0.00000000     0.00000000     0.00000000     0.08550140
     0.00000000     0.00000000     0.00000000     0.00403511
     0.00001314     0.00148960     0.00075096     0.00000000
     0.00464213     0.03463656     0.20281472     0.00000000
     0.00000000     0.00000000     0.00000000     0.00073961
     0.00534865     0.11443566     0.00251101     0.00000000
     0.00006042     0.00472516     0.00123617     0.00000000
     0.00000000     0.00000000     0.00000000     0.00015870
     0.00304829     0.04331900     0.01676057     0.00000000
     0.00000000     0.00000000     0.00000000     0.00000344
     0.00015760     0.00075699     0.00809027     0.00000000
     0.00000534     0.00665777     0.01453251     0.00000000
     0.00000000     0.00000000     0.00000000     0.00072402
     0.00124420     0.02355459     0.00420578     0.00000000
     0.00000000     0.00000000     0.00000000     0.00000642
     0.00000296     0.00050424     0.00344539     0.00000000
  2
     0.00000000     0.00000000     0.00000000     0.02767554
     0.00000000     0.00000000     0.00000000     0.20737336
     0.01967615     0.00027253     0.00285669     0.00000000
     0.00260784     0.01589184     0.05653671     0.00000000
     0.00000000     0.00000000     0.00000000     0.02550507
     0.00286750     0.01739495     0.03238773     0.00000000
     0.01822903     0.00001930     0.00052728     0.00000000
     0.00000000     0.00000000     0.00000000     0.00026340
     0.00189131     0.00994662     0.01548176     0.00000000
     0.00000000     0.00000000     0.00000000     0.01078804
     0.02961782     0.00001547     0.00424088     0.00000000
     0.01940729     0.00005471     0.00273421     0.00000000
     0.00000000     0.00000000     0.00000000     0.00423444
     0.00008219     0.00217021     0.01131676     0.00000000
     0.00000000     0.00000000     0.00000000     0.00732094
     0.01080826     0.00027053     0.00238151     0.00000000
  3
     0.00121870     0.12242135     0.00440145     0.00000000
     0.01624652     0.01279365     0.18076849     0.00000000
     0.00000000     0.00000000     0.00000000     0.15755529
     0.00000000     0.00000000     0.00000000     0.00049520
     0.00029054     0.00286763     0.03671765     0.00000000
     0.00000000     0.00000000     0.00000000     0.04343108
     0.00000000     0.00000000     0.00000000     0.02596639
     0.00185422     0.00092402     0.00294009     0.00000000
     0.00000000     0.00000000     0.00000000     0.00051598
     0.00056616     0.00004469     0.01992153     0.00000000
     0.00000000     0.00000000     0.00000000     0.00373067
     0.00000000     0.00000000     0.00000000     0.01464485
     0.00070464     0.00486580     0.00187022     0.00000000
     0.00000000     0.00000000     0.00000000     0.01973334
     0.00506373     0.00016619     0.00561891     0.00000000
     0.00000000     0.00000000     0.00000000     0.00429972
            0.619458 -0.406266  0.000000      4
  1
     0.00000000     0.00000000     0.00000000     0.08546407
     0.00000000     0.00000000     0.00000000     0.00769173
     0.00002367     0.00174924     0.00188427     0.00000000
     0.00316266     0.03221926     0.22699087     0.00000000
     0.00000000     0.00000000     0.00000000     0.00134045
     0.00647211     0.08875981     0.00051975     0.00000000
     0.00004227     0.00189899     0.00173007     0.00000000
     0.00000000     0.00000000     0.00000000     0.00009376
     0.00000000     0.00000000     0.00000000     0.00024973
     0.00470499     0.05072110     0.01073444     0.00000000
     0.00002313     0.00113092     0.00001891     0.00000000
     0.00023691     0.00035514     0.02436339     0.00000000
     0.00000000     0.00000000     0.00000000     0.00056278
     0.00258539     0.03442997     0.00073762     0.00000000
     0.00000000     0.00000000     0.00000000     0.00021448
     0.00000000     0.00000000     0.00000000     0.00005949
  2
     0.00000000     0.00000000     0.00000000     0.05097165
     0.00000000     0.00000000     0.00000000     0.20095717
     0.01928440     0.00050870     0.00363902     0.00000000
     0.00382169     0.01124501     0.06924601     0.00000000
     0.00000000     0.00000000     0.00000000     0.02314873
     0.00346256     0.01703742     0.02109660     0.00000000
     0.01798484     0.00023647     0.00010084     0.00000000
     0.00000000     0.00000000     0.00000000     0.00040113
     0.00000000     0.00000000     0.00000000     0.01311635
     0.00085065     0.01309531     0.01465546     0.00000000
     0.04752316     0.00086979     0.00241866     0.00000000
     0.00060557     0.00036696     0.00135324     0.00000000
     0.00000000     0.00000000     0.00000000     0.00010152
     0.00213859     0.00362802     0.01433017     0.00000000
     0.00000000     0.00000000     0.00000000     0.01090048
     0.00000000     0.00000000     0.00000000     0.00196420
  3
     0.00209050     0.12040000     0.00658405     0.00000000
     0.01475132     0.02047891     0.17328304     0.00000000
     0.00000000     0.00000000     0.00000000     0.15460230
     0.00000000     0.00000000     0.00000000     0.00000073
     0.00013994     0.00432687     0.03288620     0.00000000
     0.00000000     0.00000000     0.00000000     0.04749662
     0.00000000     0.00000000     0.00000000     0.02754824
     0.00262660     0.00061966     0.00001543     0.00000000
     0.00020858     0.00041354     0.02580444     0.00000000
     0.00000000     0.00000000     0.00000000     0.00185284
     0.00000000     0.00000000     0.00000000     0.00820281
     0.00000000     0.00000000     0.00000000     0.00125704
     0.00003961     0.00412110     0.00042745     0.00000000
     0.00000000     0.00000000     0.00000000     0.02461848
     0.00559708     0.00080261     0.00722469     0.00000000
     0.00200343     0.00007949     0.01350558     0.00000000
            0.631705 -0.404169  0.000000      4
  1
     0.00000000     0.00000000     0.00000000     0.08480924
     0.00000000     0.00000000     0.00000000     0.01318622
     0.00003727     0.00254801     0.00572313     0.00000000
     0.00189449     0.02720813     0.24927809     0.00000000
     0.00745308     0.06462900     0.00001611     0.00000000
     0.00000000     0.00000000     0.00000000     0.00207345
     0.00001242     0.00039392     0.00193761     0.00000000
     0.00000000     0.00000000     0.00000000     0.00000516
     0.00660868     0.04856665     0.00534860     0.00000000
     0.00000000     0.00000000     0.00000000     0.00084667
     0.00039344     0.00121301     0.00419637     0.00000000
     0.00000000     0.00000000     0.00000000     0.00009183
     0.00222100     0.01668579     0.01705280     0.00000000
     0.00329175     0.02649896     0.00163040     0.00000000
     0.00000000     0.00000000     0.00000000     0.00074087
     0.00000000     0.00000000     0.00000000     0.00037375
  2
     0.00000000     0.00000000     0.00000000     0.08256224
     0.00000000     0.00000000     0.00000000     0.19198163
     0.01812181     0.00083162     0.00599861     0.00000000
     0.00568687     0.00874129     0.07763727     0.00000000
     0.00456852     0.01414918     0.01348210     0.00000000
     0.00000000     0.00000000     0.00000000     0.01933829
     0.01769455     0.00092752     0.00000275     0.00000000
     0.00000000     0.00000000     0.00000000     0.00413085
     0.00006604     0.01414518     0.01173110     0.00000000
     0.00000000     0.00000000     0.00000000     0.01167559
     0.04260951     0.00515498     0.00464118     0.00000000
     0.00000000     0.00000000     0.00000000     0.00184040
     0.00554491     0.00130130     0.00006609     0.00000000
     0.00373121     0.00337564     0.01430481     0.00000000
     0.00000000     0.00000000     0.00000000     0.00939507
     0.00000000     0.00000000     0.00000000     0.00257108
  3
     0.00293926     0.11914155     0.00836986     0.00000000
     0.01236130     0.02866417     0.16591667     0.00000000
     0.00000000     0.00000000     0.00000000     0.14932530
     0.00000000     0.00000000     0.00000000     0.00153068
     0.00000000     0.00000000     0.00000000     0.05135847
     0.00000902     0.00535546     0.02757401     0.00000000
     0.00000000     0.00000000     0.00000000     0.02935350
     0.00320646     0.00001893     0.00329507     0.00000000
     0.00000000     0.00000000     0.00000000     0.00459900
     0.00000521     0.00169847     0.02488385     0.00000000
     0.00000000     0.00000000     0.00000000     0.00522871
     0.00114193     0.00133537     0.00609062     0.00000000
     0.00000000     0.00000000     0.00000000     0.00264607
     0.00000000     0.00000000     0.00000000     0.01979705
     0.00419974     0.00340103     0.00382365     0.00000000
     0.00224079     0.00080101     0.01396792     0.00000000
            0.644611 -0.400594  0.000000      4
  1
     0.00000000     0.00000000     0.00000000     0.08246674
     0.00000000     0.00000000     0.00000000     0.02132797
     0.00006396     0.00667204     0.03530127     0.00000000
     0.00081486     0.01858621     0.24412835     0.00000000
     0.00874985     0.04385850     0.00084789     0.00000000
     0.00000000     0.00000000     0.00000000     0.00265671
     0.00000163     0.00000015     0.00191179     0.00000000
     0.00000000     0.00000000     0.00000000     0.00051253
     0.00828852     0.03622322     0.00170049     0.00000000
     0.00000000     0.00000000     0.00000000     0.00143365
     0.00306397     0.01015246     0.00683882     0.00000000
     0.00000000     0.00000000     0.00000000     0.00006135
     0.00711048     0.03476401     0.00558919     0.00000000
     0.00206354     0.00719116     0.00759309     0.00000000
     0.00000000     0.00000000     0.00000000     0.00104460
     0.00037560     0.00008601     0.00547234     0.00000000
  2
     0.00000000     0.00000000     0.00000000     0.12150959
     0.00000000     0.00000000     0.00000000     0.18005238
     0.01287215     0.00071474     0.01972749     0.00000000
     0.01096754     0.00924972     0.07239559     0.00000000
     0.00653138     0.00971787     0.00883448     0.00000000
     0.00000000     0.00000000     0.00000000     0.01330611
     0.01727509     0.00255866     0.00014256     0.00000000
     0.00000000     0.00000000     0.00000000     0.01059620
     0.00040172     0.01160467     0.00757343     0.00000000
     0.00000000     0.00000000     0.00000000     0.00764211
     0.03304137     0.01455099     0.00888344     0.00000000
     0.00000000     0.00000000     0.00000000     0.00537562
     0.01919398     0.00176447     0.00184337     0.00000000
     0.00136318     0.00164588     0.00947813     0.00000000
     0.00000000     0.00000000     0.00000000     0.00711908
     0.03950176     0.00281085     0.00481704     0.00000000
  3
     0.00313729     0.11941115     0.00953361     0.00000000
     0.00858701     0.03719243     0.15958951     0.00000000
     0.00000000     0.00000000     0.00000000     0.12944374
     0.00000000     0.00000000     0.00000000     0.01881209
     0.00000000     0.00000000     0.00000000     0.05384787
     0.00014362     0.00522218     0.01976854     0.00000000
     0.00000000     0.00000000     0.00000000     0.03070300
     0.00304343     0.00067475     0.01234904     0.00000000
     0.00000000     0.00000000     0.00000000     0.00844362
     0.00047266     0.00238197     0.01809748     0.00000000
     0.00000000     0.00000000     0.00000000     0.00380834
     0.00175996     0.00005825     0.01344170     0.00000000
     0.00000000     0.00000000     0.00000000     0.00770415
     0.00000000     0.00000000     0.00000000     0.00756716
     0.00275850     0.00504956     0.00140137     0.00000000
     0.00000000     0.00000000     0.00000000     0.02212259
            0.657017 -0.394463  0.000000      4
  1
     0.00000000     0.00000000     0.00000000     0.07621097
     0.00000000     0.00000000     0.00000000     0.03318152
     0.00003797     0.02110364     0.25308574     0.00000000
     0.00028760     0.00037248     0.04425421     0.00000000
     0.01104615     0.02715662     0.00348475     0.00000000
     0.00000000     0.00000000     0.00000000     0.00217540
     0.00000000     0.00000000     0.00000000     0.00268494
     0.00015070     0.00031469     0.00184049     0.00000000
     0.00975098     0.02063141     0.00017642     0.00000000
     0.00000000     0.00000000     0.00000000     0.00142704
     0.00983288     0.01705430     0.00657449     0.00000000
     0.00000000     0.00000000     0.00000000     0.00097187
     0.01232493     0.02975522     0.00089366     0.00000000
     0.00118116     0.00104346     0.00970521     0.00000000
     0.00000000     0.00000000     0.00000000     0.00131605
     0.00261128     0.00128837     0.00548458     0.00000000
  2
     0.00000000     0.00000000     0.00000000     0.16180233
     0.00000000     0.00000000     0.00000000     0.16507170
     0.00000517     0.00178786     0.09099748     0.00000000
     0.02054629     0.01329423     0.00665409     0.00000000
     0.01107767     0.00394537     0.00664665     0.00000000
     0.00000000     0.00000000     0.00000000     0.00489942
     0.00000000     0.00000000     0.00000000     0.01803892
     0.01562463     0.00681955     0.00058280     0.00000000
     0.00294345     0.00616471     0.00399917     0.00000000
     0.00000000     0.00000000     0.00000000     0.00272580
     0.02121625     0.02831791     0.01262664     0.00000000
     0.00000000     0.00000000     0.00000000     0.00909922
     0.03291849     0.00008779     0.00133140     0.00000000
     0.00074466     0.00059160     0.00602766     0.00000000
     0.00000000     0.00000000     0.00000000     0.00591509
     0.02010220     0.00719150     0.00773923     0.00000000
  3
     0.00167536     0.12185273     0.01007387     0.00000000
     0.00332789     0.04567553     0.15526755     0.00000000
     0.00000000     0.00000000     0.00000000     0.01656211
     0.00000000     0.00000000     0.00000000     0.13822461
     0.00000000     0.00000000     0.00000000     0.04722441
     0.00122736     0.00280204     0.00838747     0.00000000
     0.00164135     0.00375736     0.02469106     0.00000000
     0.00000000     0.00000000     0.00000000     0.03211844
     0.00000000     0.00000000     0.00000000     0.01105636
     0.00196054     0.00148678     0.00799722     0.00000000
     0.00000000     0.00000000     0.00000000     0.00419550
     0.00117741     0.00049321     0.02292017     0.00000000
     0.00000000     0.00000000     0.00000000     0.00368753
     0.00000000     0.00000000     0.00000000     0.00181692
     0.00116458     0.00664993     0.00053021     0.00000000
     0.00000000     0.00000000     0.00000000     0.03179418
            0.666299 -0.384688  0.000000      4
  1
     0.00000000     0.00000000     0.00000000     0.06323616
     0.00000000     0.00000000     0.00000000     0.04925619
     0.00014448     0.01801376     0.29641584     0.00000000
     0.00627864     0.00569160     0.00056989     0.00000000
     0.00897739     0.00944383     0.01305280     0.00000000
     0.00000000     0.00000000     0.00000000     0.00018288
     0.00000000     0.00000000     0.00000000     0.00690779
     0.00652738     0.00519137     0.00103390     0.00000000
     0.00535185     0.00442748     0.00078109     0.00000000
     0.00000000     0.00000000     0.00000000     0.00020287
     0.00000000     0.00000000     0.00000000     0.00345153
     0.02132482     0.01365406     0.00502532     0.00000000
     0.01419421     0.01498769     0.00000760     0.00000000
     0.00042867     0.00001024     0.01126726     0.00000000
     0.00000000     0.00000000     0.00000000     0.00179219
     0.01037664     0.00359850     0.00367784     0.00000000
  2
     0.00000000     0.00000000     0.00000000     0.18970848
     0.00000000     0.00000000     0.00000000     0.14776857
     0.00043344     0.00600459     0.09880528     0.00000000
     0.00209288     0.01707481     0.00170968     0.00000000
     0.02693216     0.00314794     0.00435093     0.00000000
     0.00000000     0.00000000     0.00000000     0.00006096
     0.00000000     0.00000000     0.00000000     0.02072338
     0.00217579     0.01557411     0.00310169     0.00000000
     0.01605556     0.00147583     0.00026036     0.00000000
     0.00000000     0.00000000     0.00000000     0.00006762
     0.00000000     0.00000000     0.00000000     0.01035459
     0.00710827     0.04096219     0.01507597     0.00000000
     0.04258264     0.00499590     0.00000253     0.00000000
     0.00128601     0.00000341     0.00375575     0.00000000
     0.00000000     0.00000000     0.00000000     0.00537656
     0.00345888     0.01079550     0.01103350     0.00000000
  3
     0.00000000     0.12406845     0.01020115     0.00000000
     0.00000000     0.05018415     0.15374451     0.00000000
     0.00000000     0.00000000     0.00000000     0.00000000
     0.00000000     0.00000000     0.00000000     0.20198762
     0.00000000     0.00000000     0.00000000     0.00000000
     0.00264735     0.00000000     0.00000000     0.00000000
     0.00000000     0.00689045     0.03327462     0.00000000
     0.00000000     0.00000000     0.00000000     0.04466187
     0.00000000     0.00000000     0.00000000     0.00000000
     0.00358088     0.00000000     0.00000000     0.00000000
     0.00000000     0.00169233     0.03060055     0.00000000
     0.00000000     0.00000000     0.00000000     0.00458594
     0.00000000     0.00000000     0.00000000     0.00000000
     0.00000000     0.00000000     0.00000000     0.00000000
     0.00000000     0.00786609     0.00038286     0.00000000
     0.00000000     0.00000000     0.00000000     0.03708203
            0.670124 -0.371762  0.000000      4
  1
     0.00000000     0.00000000     0.00000000     0.04423641
     0.00000000     0.00000000     0.00000000     0.06800519
     0.00000124     0.01193653     0.26294898     0.00000000
     0.01758674     0.01199047     0.03091327     0.00000000
     0.00148986     0.00078390     0.01002372     0.00000000
     0.00000000     0.00000000     0.00000000     0.00139115
     0.00000000     0.00000000     0.00000000     0.00817342
     0.01308493     0.00392459     0.00000030     0.00000000
     0.00000571     0.00001460     0.00231604     0.00000000
     0.00000000     0.00000000     0.00000000     0.00069310
     0.03087900     0.00647025     0.00322304     0.00000000
     0.00000000     0.00000000     0.00000000     0.00449209
     0.01032604     0.00610478     0.00027743     0.00000000
     0.00004154     0.00002417     0.01357061     0.00000000
     0.00000000     0.00000000     0.00000000     0.00234898
     0.02200411     0.00307958     0.00153332     0.00000000
  2
     0.00000000     0.00000000     0.00000000     0.19377755
     0.00000000     0.00000000     0.00000000     0.13024698
     0.00004189     0.01095503     0.08113994     0.00000000
     0.00324718     0.00167582     0.01999195     0.00000000
     0.02063372     0.03031789     0.00010730     0.00000000
     0.00000000     0.00000000     0.00000000     0.00568379
     0.00000000     0.00000000     0.00000000     0.01255051
     0.00269031     0.00320951     0.00242294     0.00000000
     0.01268858     0.02678142     0.00185950     0.00000000
     0.00000000     0.00000000     0.00000000     0.00345982
     0.00017021     0.03890195     0.01597792     0.00000000
     0.00000000     0.00000000     0.00000000     0.00557916
     0.03491739     0.02373859     0.00194767     0.00000000
     0.00188381     0.00161061     0.00216206     0.00000000
     0.00000000     0.00000000     0.00000000     0.00488192
     0.00070949     0.00540036     0.01169053     0.00000000
  3
     0.00167539     0.12185278     0.01007386     0.00000000
     0.00332793     0.04567559     0.15526669     0.00000000
     0.00000000     0.00000000     0.00000000     0.01656096
     0.00000000     0.00000000     0.00000000     0.13822522
     0.00000000     0.00000000     0.00000000     0.04722485
     0.00122734     0.00280211     0.00838760     0.00000000
     0.00164138     0.00375741     0.02469106     0.00000000
     0.00000000     0.00000000     0.00000000     0.03211848
     0.00000000     0.00000000     0.00000000     0.01105654
     0.00196052     0.00148682     0.00799733     0.00000000
     0.00000000     0.00000000     0.00000000     0.00419573
     0.00117743     0.00049324     0.02292038     0.00000000
     0.00000000     0.00000000     0.00000000     0.00368765
     0.00000000     0.00000000     0.00000000     0.00181681
     0.00116462     0.00664985     0.00053009     0.00000000
     0.00000000     0.00000000     0.00000000     0.03179391
            0.669231 -0.357953  0.000000      4
  1
     0.00000000     0.00000000     0.00000000     0.02505789
     0.00000000     0.00000000     0.00000000     0.08670376
     0.00888377     0.00031296     0.04647859     0.00000000
     0.01101867     0.02293814     0.23046132     0.00000000
     0.00053908     0.00037395     0.00920739     0.00000000
     0.00000000     0.00000000     0.00000000     0.00549497
     0.01310186     0.00193580     0.00013277     0.00000000
     0.00000000     0.00000000     0.00000000     0.00605700
     0.00079318     0.00000349     0.00299728     0.00000000
     0.00000000     0.00000000     0.00000000     0.00322364
     0.03426077     0.00292529     0.00162205     0.00000000
     0.00000000     0.00000000     0.00000000     0.00354985
     0.00605549     0.00323160     0.00000003     0.00000000
     0.00008560     0.00005270     0.01635343     0.00000000
     0.00000000     0.00000000     0.00000000     0.00323854
     0.03305618     0.00255528     0.00053443     0.00000000
  2
     0.00000000     0.00000000     0.00000000     0.17891922
     0.00000000     0.00000000     0.00000000     0.11467418
     0.00405169     0.00707396     0.00855500     0.00000000
     0.00076422     0.00489705     0.08606306     0.00000000
     0.01474177     0.05320192     0.00047435     0.00000000
     0.00000000     0.00000000     0.00000000     0.01046846
     0.00417458     0.00062285     0.00192150     0.00000000
     0.00000000     0.00000000     0.00000000     0.00505156
     0.00789687     0.04782428     0.00627644     0.00000000
     0.00000000     0.00000000     0.00000000     0.00585254
     0.00184472     0.02177780     0.01409981     0.00000000
     0.00000000     0.00000000     0.00000000     0.00188739
     0.02024951     0.03330044     0.00743227     0.00000000
     0.00333944     0.00878152     0.00071778     0.00000000
     0.00000000     0.00000000     0.00000000     0.00492452
     0.00682124     0.00034143     0.00975505     0.00000000
  3
     0.00313738     0.11941116     0.00953365     0.00000000
     0.00858717     0.03719254     0.15958749     0.00000000
     0.00000000     0.00000000     0.00000000     0.12944197
     0.00000000     0.00000000     0.00000000     0.01881319
     0.00000000     0.00000000     0.00000000     0.05384837
     0.00014359     0.00522243     0.01976913     0.00000000
     0.00000000     0.00000000     0.00000000     0.03070315
     0.00304349     0.00067475     0.01234873     0.00000000
     0.00000000     0.00000000     0.00000000     0.00844391
     0.00047260     0.00238214     0.01809805     0.00000000
     0.00000000     0.00000000     0.00000000     0.00380885
     0.00176004     0.00005822     0.01344205     0.00000000
     0.00000000     0.00000000     0.00000000     0.00770534
     0.00000000     0.00000000     0.00000000     0.00756591
     0.00275859     0.00504941     0.00140090     0.00000000
     0.00000000     0.00000000     0.00000000     0.02212197
            0.665874 -0.344988  0.000000      4
  1
     0.00000000     0.00000000     0.00000000     0.01065667
     0.00000000     0.00000000     0.00000000     0.10370871
     0.01288879     0.00000007     0.01100405     0.00000000
     0.00758137     0.02671321     0.24102855     0.00000000
     0.00023620     0.00058060     0.01051864     0.00000000
     0.00000000     0.00000000     0.00000000     0.00953853
     0.01286776     0.00131755     0.00042324     0.00000000
     0.00000000     0.00000000     0.00000000     0.00297286
     0.00227387     0.00005169     0.00327552     0.00000000
     0.00000000     0.00000000     0.00000000     0.00624575
     0.03560114     0.00200384     0.00070794     0.00000000
     0.00000000     0.00000000     0.00000000     0.00175939
     0.00167485     0.00111213     0.00339229     0.00000000
     0.00058595     0.00096549     0.01531938     0.00000000
     0.00000000     0.00000000     0.00000000     0.00494643
     0.00000000     0.00000000     0.00000000     0.00117292
  2
     0.00000000     0.00000000     0.00000000     0.15671495
     0.00000000     0.00000000     0.00000000     0.10145730
     0.00527004     0.00337950     0.00071779     0.00000000
     0.00000000     0.00923599     0.08589037     0.00000000
     0.01178518     0.07819726     0.00297911     0.00000000
     0.00000000     0.00000000     0.00000000     0.01187382
     0.00483897     0.00000385     0.00151708     0.00000000
     0.00000000     0.00000000     0.00000000     0.00116289
     0.00440079     0.06266028     0.01380400     0.00000000
     0.00000000     0.00000000     0.00000000     0.00627695
     0.00740169     0.00436383     0.00812931     0.00000000
     0.00000000     0.00000000     0.00000000     0.00017299
     0.00609183     0.01687821     0.01372583     0.00000000
     0.00643556     0.02890624     0.00061638     0.00000000
     0.00000000     0.00000000     0.00000000     0.00518904
     0.00000000     0.00000000     0.00000000     0.00177220
  3
     0.00293932     0.11914150     0.00836991     0.00000000
     0.01236144     0.02866428     0.16591508     0.00000000
     0.00000000     0.00000000     0.00000000     0.14932505
     0.00000000     0.00000000     0.00000000     0.00153061
     0.00000000     0.00000000     0.00000000     0.05135875
     0.00000902     0.00535565     0.02757462     0.00000000
     0.00000000     0.00000000     0.00000000     0.02935358
     0.00320646     0.00001894     0.00329475     0.00000000
     0.00000000     0.00000000     0.00000000     0.00459915
     0.00000520     0.00169856     0.02488440     0.00000000
     0.00000000     0.00000000     0.00000000     0.00522921
     0.00114201     0.00133528     0.00609090     0.00000000
     0.00000000     0.00000000     0.00000000     0.00264697
     0.00000000     0.00000000     0.00000000     0.01979598
     0.00419978     0.00340103     0.00382308     0.00000000
     0.00224071     0.00080116     0.01396839     0.00000000
            0.648041 -0.333333  0.000000      4
  1
     0.00000000     0.00000000     0.00000000     0.00177400
     0.00000000     0.00000000     0.00000000     0.12887708
     0.01664983     0.00000003     0.00688808     0.00000000
     0.00659901     0.03749523     0.17055218     0.00000000
     0.00086291     0.00474929     0.02617964     0.00000000
     0.00000000     0.00000000     0.00000000     0.00839592
     0.01623063     0.00183953     0.00025952     0.00000000
     0.00000000     0.00000000     0.00000000     0.00270875
     0.00232987     0.00020771     0.00266483     0.00000000
     0.00000000     0.00000000     0.00000000     0.00461314
     0.01159165     0.00003938     0.02082153     0.00000000
     0.02693387     0.00238423     0.00135964     0.00000000
     0.00000000     0.00000000     0.00000000     0.00066033
     0.00553038     0.00364036     0.00533133     0.00000000
     0.00000000     0.00000000     0.00000000     0.00826456
     0.00531174     0.00052141     0.00656596     0.00000000
  2
     0.00000000     0.00000000     0.00000000     0.13693390
     0.00000000     0.00000000     0.00000000     0.10219009
     0.00597648     0.00322766     0.00000277     0.00000000
     0.00150221     0.00378747     0.07612214     0.00000000
     0.01139796     0.10505842     0.00470030     0.00000000
     0.00000000     0.00000000     0.00000000     0.00845377
     0.00556381     0.00017545     0.00186533     0.00000000
     0.00000000     0.00000000     0.00000000     0.00063812
     0.00337031     0.06038058     0.02514976     0.00000000
     0.00000000     0.00000000     0.00000000     0.00317749
     0.00506131     0.00031783     0.00237651     0.00000000
     0.00576886     0.00053953     0.01497311     0.00000000
     0.00000000     0.00000000     0.00000000     0.00235863
     0.01099541     0.03729133     0.00623373     0.00000000
     0.00000000     0.00000000     0.00000000     0.00426270
     0.00178493     0.00000438     0.00054122     0.00000000
  3
     0.00165165     0.12167049     0.00546344     0.00000000
     0.01264172     0.01783550     0.19316452     0.00000000
     0.00000000     0.00000000     0.00000000     0.15814256
     0.00000000     0.00000000     0.00000000     0.00084972
     0.00000000     0.00000000     0.00000000     0.04323553
     0.00000623     0.00249978     0.02472371     0.00000000
     0.00000000     0.00000000     0.00000000     0.02662334
     0.00290887     0.00028108     0.00226599     0.00000000
     0.00000000     0.00000000     0.00000000     0.00090203
     0.00010598     0.00010699     0.01924671     0.00000000
     0.00000000     0.00000000     0.00000000     0.00002255
     0.00000000     0.00000000     0.00000000     0.00244928
     0.00004742     0.00497989     0.00056277     0.00000000
     0.00000000     0.00000000     0.00000000     0.02562082
     0.00417926     0.00013500     0.01276890     0.00000000
     0.00000000     0.00000000     0.00000000     0.00596094
            0.633007 -0.301200  0.000000      4
  1
     0.00000000     0.00000000     0.00000000     0.02310065
     0.00000000     0.00000000     0.00000000     0.17631178
     0.01737811     0.00047126     0.00287493     0.00000000
     0.00300010     0.02952205     0.03850276     0.00000000
     0.00397285     0.04501521     0.05752572     0.00000000
     0.00000000     0.00000000     0.00000000     0.01496816
     0.01663582     0.00179549     0.00024527     0.00000000
     0.00000000     0.00000000     0.00000000     0.00041619
     0.00044539     0.00372514     0.01311581     0.00000000
     0.00000000     0.00000000     0.00000000     0.00012027
     0.00646601     0.00724439     0.02303563     0.00000000
     0.00000000     0.00000000     0.00000000     0.01277185
     0.04077510     0.00496731     0.00051611     0.00000000
     0.00006264     0.00019651     0.00389307     0.00000000
     0.00085414     0.00245891     0.00957956     0.00000000
     0.00000000     0.00000000     0.00000000     0.00015961
  2
     0.00000000     0.00000000     0.00000000     0.06930195
     0.00000000     0.00000000     0.00000000     0.05877059
     0.00579270     0.00141378     0.00095831     0.00000000
     0.00900030     0.00984068     0.11550827     0.00000000
     0.00132428     0.13504563     0.01917524     0.00000000
     0.00000000     0.00000000     0.00000000     0.00498939
     0.00554527     0.00538646     0.00008176     0.00000000
     0.00000000     0.00000000     0.00000000     0.00013873
     0.00133618     0.00124171     0.03934742     0.00000000
     0.00000000     0.00000000     0.00000000     0.00036080
     0.00215534     0.02173316     0.00767854     0.00000000
     0.00000000     0.00000000     0.00000000     0.00425728
     0.01359170     0.01490194     0.00017204     0.00000000
     0.00018791     0.00006550     0.01167921     0.00000000
     0.00028471     0.00737673     0.00319319     0.00000000
     0.00000000     0.00000000     0.00000000     0.00047882
  3
     0.00000000     0.12716796     0.00000000     0.00000000
     0.01587375     0.00000000     0.20922296     0.00000000
     0.00000000     0.00000000     0.00000000     0.16425200
     0.00000000     0.00000000     0.00000000     0.00000000
     0.00000000     0.00000000     0.00000000     0.03508000
     0.00006275     0.00000000     0.03184476     0.00000000
     0.00000000     0.00000000     0.00000000     0.02456624
     0.00186943     0.00000000     0.00525867     0.00000000
     0.00000000     0.00000000     0.00000000     0.00000000
     0.00000000     0.00375781     0.00000000     0.00000000
     0.00000000     0.00000000     0.00000000     0.00038149
     0.00203111     0.00000000     0.02027712     0.00000000
     0.00000000     0.00000000     0.00000000     0.01926597
     0.00000000     0.00000000     0.00000000     0.00000000
     0.00000000     0.00000000     0.00000000     0.02404805
     0.00000000     0.00497329     0.00000000     0.00000000
            0.612694 -0.272116  0.000000      4
  1
     0.00000000     0.00000000     0.00000000     0.11664166
     0.00000000     0.00000000     0.00000000     0.20825066
     0.01728410     0.00241223     0.00184395     0.00000000
     0.00004966     0.00189481     0.00105323     0.00000000
     0.01148074     0.06063469     0.01967683     0.00000000
     0.00000000     0.00000000     0.00000000     0.01573442
     0.01646064     0.00009954     0.00086153     0.00000000
     0.00000000     0.00000000     0.00000000     0.00229482
     0.00068359     0.04226986     0.02661860     0.00000000
     0.00000000     0.00000000     0.00000000     0.00685119
     0.01332426     0.00034513     0.00089567     0.00000000
     0.02185758     0.00198333     0.00766332     0.00000000
     0.00000000     0.00000000     0.00000000     0.00301541
     0.01638501     0.01878766     0.01100006     0.00000000
     0.00000000     0.00000000     0.00000000     0.01040331
     0.00533202     0.00009228     0.00041487     0.00000000
  2
     0.00000000     0.00000000     0.00000000     0.02206658
     0.00000000     0.00000000     0.00000000     0.02281996
     0.00534280     0.00081567     0.00504721     0.00000000
     0.00805182     0.03938719     0.24561187     0.00000000
     0.00078053     0.04917392     0.01120541     0.00000000
     0.00000000     0.00000000     0.00000000     0.00111418
     0.00533452     0.00191548     0.00126343     0.00000000
     0.00000000     0.00000000     0.00000000     0.00105262
     0.00501666     0.01831771     0.00119639     0.00000000
     0.00000000     0.00000000     0.00000000     0.00093840
     0.00332474     0.00001216     0.02230557     0.00000000
     0.01084876     0.00094085     0.00866835     0.00000000
     0.00000000     0.00000000     0.00000000     0.00000411
     0.00014350     0.02214434     0.00056429     0.00000000
     0.00000000     0.00000000     0.00000000     0.00212391
     0.00176306     0.00043330     0.00669297     0.00000000
  3
     0.00165157     0.12167073     0.00546322     0.00000000
     0.01264131     0.01783494     0.19316762     0.00000000
     0.00000000     0.00000000     0.00000000     0.15814326
     0.00000000     0.00000000     0.00000000     0.00085008
     0.00000000     0.00000000     0.00000000     0.04323456
     0.00000624     0.00249953     0.02472251     0.00000000
     0.00000000     0.00000000     0.00000000     0.02662304
     0.00290883     0.00028106     0.00226669     0.00000000
     0.00000000     0.00000000     0.00000000     0.00090189
     0.00010606     0.00010695     0.01924522     0.00000000
     0.00000000     0.00000000     0.00000000     0.00002248
     0.00000000     0.00000000     0.00000000     0.00244859
     0.00004743     0.00497995     0.00056313     0.00000000
     0.00000000     0.00000000     0.00000000     0.02562039
     0.00417899     0.00013493     0.01276950     0.00000000
     0.00000000     0.00000000     0.00000000     0.00596127
            0.577350 -0.250829  0.000000      4
  1
     0.00000000     0.00000000     0.00000000     0.23109498
     0.00000000     0.00000000     0.00000000     0.22385827
     0.00086506     0.00000000     0.00000000     0.00000000
     0.00000000     0.02664399     0.00441787     0.00000000
     0.03934785     0.00000000     0.00000000     0.00000000
     0.00000000     0.00000000     0.00000000     0.00000000
     0.00000000     0.00000000     0.00000000     0.02307487
     0.00000000     0.02560223     0.00764351     0.00000000
     0.02569406     0.00000000     0.00000000     0.00000000
     0.00000000     0.00000000     0.00000000     0.00000000
     0.00000000     0.00000000     0.00000000     0.00732599
     0.00000000     0.04991233     0.02430579     0.00000000
     0.01488315     0.00000000     0.00000000     0.00000000
     0.05465053     0.00000000     0.00000000     0.00000000
     0.00000000     0.00000000     0.00000000     0.01291760
     0.00000000     0.01028889     0.01316447     0.00000000
  2
     0.00000000     0.00000000     0.00000000     0.00000000
     0.00000000     0.00000000     0.00000000     0.00000000
     0.00000000     0.02412633     0.29896908     0.00000000
     0.01077042     0.00000000     0.00000000     0.00000000
     0.00000000     0.02648448     0.04848603     0.00000000
     0.00000000     0.00000000     0.00000000     0.00030416
     0.00000000     0.00000000     0.00000000     0.00000000
     0.01140155     0.00000000     0.00000000     0.00000000
     0.00000000     0.00874364     0.00085499     0.00000000
     0.00000000     0.00000000     0.00000000     0.00033740
     0.00000000     0.00000000     0.00000000     0.00000000
     0.02595706     0.00000000     0.00000000     0.00000000
     0.00000000     0.00573572     0.01456533     0.00000000
     0.00000000     0.02100335     0.00723863     0.00000000
     0.00000000     0.00000000     0.00000000     0.00000000
     0.00930701     0.00000000     0.00000000     0.00000000
  3
     0.00000000     0.12213838     0.00988389     0.00000000
     0.00000000     0.04518132     0.17621471     0.00000000
     0.00000000     0.00000000     0.00000000     0.00000000
     0.00000000     0.00000000     0.00000000     0.20451217
     0.00000000     0.00000000     0.00000000     0.00000000
     0.00271074     0.00000000     0.00000000     0.00000000
     0.00000000     0.00394438     0.03009319     0.00000000
     0.00000000     0.00000000     0.00000000     0.03764126
     0.00000000     0.00000000     0.00000000     0.00000000
     0.00366164     0.00000000     0.00000000     0.00000000
     0.00000000     0.00008415     0.02169805     0.00000000
     0.00000000     0.00000000     0.00000000     0.00039184
     0.00000000     0.00000000     0.00000000     0.00000000
     0.00000000     0.00000000     0.00000000     0.00000000
     0.00000000     0.00786846     0.00626158     0.00000000
     0.00000000     0.00000000     0.00000000     0.04324357
            0.542006 -0.272116  0.000000      4
  1
     0.00000000     0.00000000     0.00000000     0.11664166
     0.00000000     0.00000000     0.00000000     0.20825066
     0.01728410     0.00241223     0.00184395     0.00000000
     0.00004966     0.00189481     0.00105323     0.00000000
     0.01148074     0.06063469     0.01967683     0.00000000
     0.00000000     0.00000000     0.00000000     0.01573442
     0.01646064     0.00009954     0.00086153     0.00000000
     0.00000000     0.00000000     0.00000000     0.00229482
     0.00068359     0.04226986     0.02661860     0.00000000
     0.00000000     0.00000000     0.00000000     0.00685119
     0.01332426     0.00034513     0.00089567     0.00000000
     0.02185758     0.00198333     0.00766332     0.00000000
     0.00000000     0.00000000     0.00000000     0.00301541
     0.01638501     0.01878767     0.01100006     0.00000000
     0.00000000     0.00000000     0.00000000     0.01040331
     0.00533203     0.00009228     0.00041487     0.00000000
  2
     0.00000000     0.00000000     0.00000000     0.02206658
     0.00000000     0.00000000     0.00000000     0.02281996
     0.00534280     0.00081567     0.00504721     0.00000000
     0.00805182     0.03938719     0.24561187     0.00000000
     0.00078053     0.04917392     0.01120541     0.00000000
     0.00000000     0.00000000     0.00000000     0.00111418
     0.00533452     0.00191548     0.00126343     0.00000000
     0.00000000     0.00000000     0.00000000     0.00105262
     0.00501666     0.01831771     0.00119639     0.00000000
     0.00000000     0.00000000     0.00000000     0.00093840
     0.00332474     0.00001216     0.02230556     0.00000000
     0.01084876     0.00094085     0.00866835     0.00000000
     0.00000000     0.00000000     0.00000000     0.00000411
     0.00014350     0.02214433     0.00056429     0.00000000
     0.00000000     0.00000000     0.00000000     0.00212391
     0.00176307     0.00043330     0.00669297     0.00000000
  3
     0.00165157     0.12167073     0.00546322     0.00000000
     0.01264131     0.01783494     0.19316762     0.00000000
     0.00000000     0.00000000     0.00000000     0.15814326
     0.00000000     0.00000000     0.00000000     0.00085008
     0.00000000     0.00000000     0.00000000     0.04323456
     0.00000624     0.00249953     0.02472251     0.00000000
     0.00000000     0.00000000     0.00000000     0.02662304
     0.00290883     0.00028106     0.00226669     0.00000000
     0.00000000     0.00000000     0.00000000     0.00090189
     0.00010606     0.00010695     0.01924522     0.00000000
     0.00000000     0.00000000     0.00000000     0.00002248
     0.00000000     0.00000000     0.00000000     0.00244859
     0.00004743     0.00497995     0.00056313     0.00000000
     0.00000000     0.00000000     0.00000000     0.02562039
     0.00417899     0.00013493     0.01276949     0.00000000
     0.00000000     0.00000000     0.00000000     0.00596127
            0.521694 -0.301200  0.000000      4
  1
     0.00000000     0.00000000     0.00000000     0.02310065
     0.00000000     0.00000000     0.00000000     0.17631178
     0.01737811     0.00047126     0.00287493     0.00000000
     0.00300010     0.02952205     0.03850275     0.00000000
     0.00397285     0.04501521     0.05752572     0.00000000
     0.00000000     0.00000000     0.00000000     0.01496816
     0.01663582     0.00179549     0.00024527     0.00000000
     0.00000000     0.00000000     0.00000000     0.00041619
     0.00044539     0.00372514     0.01311581     0.00000000
     0.00000000     0.00000000     0.00000000     0.00012027
     0.00646601     0.00724439     0.02303563     0.00000000
     0.00000000     0.00000000     0.00000000     0.01277185
     0.04077510     0.00496731     0.00051611     0.00000000
     0.00006264     0.00019651     0.00389307     0.00000000
     0.00085413     0.00245891     0.00957956     0.00000000
     0.00000000     0.00000000     0.00000000     0.00015961
  2
     0.00000000     0.00000000     0.00000000     0.06930195
     0.00000000     0.00000000     0.00000000     0.05877059
     0.00579270     0.00141378     0.00095831     0.00000000
     0.00900030     0.00984068     0.11550827     0.00000000
     0.00132428     0.13504563     0.01917524     0.00000000
     0.00000000     0.00000000     0.00000000     0.00498939
     0.00554527     0.00538646     0.00008176     0.00000000
     0.00000000     0.00000000     0.00000000     0.00013873
     0.00133618     0.00124171     0.03934742     0.00000000
     0.00000000     0.00000000     0.00000000     0.00036080
     0.00215534     0.02173316     0.00767854     0.00000000
     0.00000000     0.00000000     0.00000000     0.00425728
     0.01359170     0.01490194     0.00017204     0.00000000
     0.00018791     0.00006550     0.01167921     0.00000000
     0.00028471     0.00737673     0.00319319     0.00000000
     0.00000000     0.00000000     0.00000000     0.00047882
  3
     0.00000000     0.12716796     0.00000000     0.00000000
     0.01587375     0.00000000     0.20922296     0.00000000
     0.00000000     0.00000000     0.00000000     0.16425200
     0.00000000     0.00000000     0.00000000     0.00000000
     0.00000000     0.00000000     0.00000000     0.03508000
     0.00006275     0.00000000     0.03184476     0.00000000
     0.00000000     0.00000000     0.00000000     0.02456624
     0.00186943     0.00000000     0.00525867     0.00000000
     0.00000000     0.00000000     0.00000000     0.00000000
     0.00000000     0.00375781     0.00000000     0.00000000
     0.00000000     0.00000000     0.00000000     0.00038149
     0.00203111     0.00000000     0.02027712     0.00000000
     0.00000000     0.00000000     0.00000000     0.01926597
     0.00000000     0.00000000     0.00000000     0.00000000
     0.00000000     0.00000000     0.00000000     0.02404805
     0.00000000     0.00497329     0.00000000     0.00000000
            0.506660 -0.333333  0.000000      4
  1
     0.00000000     0.00000000     0.00000000     0.00177400
     0.00000000     0.00000000     0.00000000     0.12887708
     0.01664983     0.00000003     0.00688808     0.00000000
     0.00659901     0.03749523     0.17055218     0.00000000
     0.00086291     0.00474929     0.02617964     0.00000000
     0.00000000     0.00000000     0.00000000     0.00839592
     0.01623063     0.00183953     0.00025952     0.00000000
     0.00000000     0.00000000     0.00000000     0.00270875
     0.00232987     0.00020771     0.00266483     0.00000000
     0.00000000     0.00000000     0.00000000     0.00461314
     0.01159165     0.00003938     0.02082153     0.00000000
     0.02693387     0.00238423     0.00135964     0.00000000
     0.00000000     0.00000000     0.00000000     0.00066033
     0.00553038     0.00364036     0.00533133     0.00000000
     0.00000000     0.00000000     0.00000000     0.00826456
     0.00531172     0.00052140     0.00656597     0.00000000
  2
     0.00000000     0.00000000     0.00000000     0.13693390
     0.00000000     0.00000000     0.00000000     0.10219009
     0.00597648     0.00322766     0.00000277     0.00000000
     0.00150221     0.00378747     0.07612214     0.00000000
     0.01139796     0.10505842     0.00470030     0.00000000
     0.00000000     0.00000000     0.00000000     0.00845377
     0.00556381     0.00017545     0.00186533     0.00000000
     0.00000000     0.00000000     0.00000000     0.00063812
     0.00337031     0.06038058     0.02514976     0.00000000
     0.00000000     0.00000000     0.00000000     0.00317749
     0.00506131     0.00031783     0.00237651     0.00000000
     0.00576886     0.00053953     0.01497311     0.00000000
     0.00000000     0.00000000     0.00000000     0.00235863
     0.01099541     0.03729132     0.00623373     0.00000000
     0.00000000     0.00000000     0.00000000     0.00426270
     0.00178492     0.00000438     0.00054123     0.00000000
  3
     0.00165165     0.12167049     0.00546344     0.00000000
     0.01264172     0.01783550     0.19316452     0.00000000
     0.00000000     0.00000000     0.00000000     0.15814256
     0.00000000     0.00000000     0.00000000     0.00084972
     0.00000000     0.00000000     0.00000000     0.04323553
     0.00000623     0.00249978     0.02472371     0.00000000
     0.00000000     0.00000000     0.00000000     0.02662334
     0.00290887     0.00028108     0.00226599     0.00000000
     0.00000000     0.00000000     0.00000000     0.00090203
     0.00010598     0.00010699     0.01924671     0.00000000
     0.00000000     0.00000000     0.00000000     0.00002255
     0.00000000     0.00000000     0.00000000     0.00244928
     0.00004742     0.00497989     0.00056277     0.00000000
     0.00000000     0.00000000     0.00000000     0.02562082
     0.00417926     0.00013500     0.01276890     0.00000000
     0.00000000     0.00000000     0.00000000     0.00596094
            0.505899 -0.374586  0.000000      4
  1
     0.00000000     0.00000000     0.00000000     0.05777411
     0.00000000     0.00000000     0.00000000     0.05596414
     0.00021620     0.01809499     0.22423256     0.00000000
     0.00807768     0.00666093     0.00110442     0.00000000
     0.00983696     0.01986231     0.03636209     0.00000000
     0.00000000     0.00000000     0.00000000     0.00022812
     0.00000000     0.00000000     0.00000000     0.00576879
     0.00855102     0.00640048     0.00191080     0.00000000
     0.00642343     0.00655756     0.00064126     0.00000000
     0.00000000     0.00000000     0.00000000     0.00025304
     0.00000000     0.00000000     0.00000000     0.00183161
     0.01946797     0.01247820     0.00607638     0.00000000
     0.00372120     0.00430239     0.01092315     0.00000000
     0.01366203     0.01575149     0.00542942     0.00000000
     0.00000000     0.00000000     0.00000000     0.00322930
     0.00698045     0.00257229     0.00329114     0.00000000
  2
     0.00000000     0.00000000     0.00000000     0.17332232
     0.00000000     0.00000000     0.00000000     0.16789242
     0.00064859     0.00603166     0.07474419     0.00000000
     0.00269256     0.01998279     0.00331326     0.00000000
     0.02951087     0.00662077     0.01212070     0.00000000
     0.00000000     0.00000000     0.00000000     0.00007604
     0.00000000     0.00000000     0.00000000     0.01730637
     0.00285034     0.01920144     0.00573240     0.00000000
     0.01927030     0.00218585     0.00021375     0.00000000
     0.00000000     0.00000000     0.00000000     0.00008435
     0.00000000     0.00000000     0.00000000     0.00549484
     0.00648932     0.03743461     0.01822913     0.00000000
     0.01116361     0.00143413     0.00364105     0.00000000
     0.04098607     0.00525050     0.00180981     0.00000000
     0.00000000     0.00000000     0.00000000     0.00968790
     0.00232681     0.00771685     0.00987341     0.00000000
  3
     0.00000000     0.12213844     0.00988395     0.00000000
     0.00000000     0.04518182     0.17621320     0.00000000
     0.00000000     0.00000000     0.00000000     0.00000000
     0.00000000     0.00000000     0.00000000     0.20451203
     0.00000000     0.00000000     0.00000000     0.00000000
     0.00271074     0.00000000     0.00000000     0.00000000
     0.00000000     0.00394456     0.03009340     0.00000000
     0.00000000     0.00000000     0.00000000     0.03764181
     0.00000000     0.00000000     0.00000000     0.00000000
     0.00366164     0.00000000     0.00000000     0.00000000
     0.00000000     0.00008420     0.02169877     0.00000000
     0.00000000     0.00000000     0.00000000     0.00039196
     0.00000000     0.00000000     0.00000000     0.00000000
     0.00000000     0.00000000     0.00000000     0.00000000
     0.00000000     0.00786854     0.00626097     0.00000000
     0.00000000     0.00000000     0.00000000     0.04324321
            0.542005 -0.394553  0.000000      4
  1
     0.00000000     0.00000000     0.00000000     0.08964625
     0.00000000     0.00000000     0.00000000     0.00947643
     0.00000592     0.00242947     0.00160445     0.00000000
     0.00550320     0.02253434     0.19840542     0.00000000
     0.00604818     0.09932616     0.00046349     0.00000000
     0.00000000     0.00000000     0.00000000     0.00114321
     0.00000081     0.00108344     0.00206644     0.00000000
     0.00000000     0.00000000     0.00000000     0.00001719
     0.00553701     0.04840421     0.01243882     0.00000000
     0.00000000     0.00000000     0.00000000     0.00022073
     0.00006052     0.00015136     0.01308018     0.00000000
     0.00026506     0.00001847     0.01547692     0.00000000
     0.00000000     0.00000000     0.00000000     0.00085327
     0.00287589     0.03896905     0.00101558     0.00000000
     0.00000000     0.00000000     0.00000000     0.00012293
     0.00000002     0.00017501     0.00368003     0.00000000
  2
     0.00000000     0.00000000     0.00000000     0.04906171
     0.00000000     0.00000000     0.00000000     0.22159136
     0.02262050     0.00079827     0.00528646     0.00000000
     0.00259807     0.01874823     0.04826722     0.00000000
     0.00621276     0.01048171     0.03041687     0.00000000
     0.00000000     0.00000000     0.00000000     0.01570628
     0.02179376     0.00093155     0.00005843     0.00000000
     0.00000000     0.00000000     0.00000000     0.00332978
     0.00016318     0.01218395     0.01537583     0.00000000
     0.00000000     0.00000000     0.00000000     0.00756971
     0.01659172     0.00020586     0.01011845     0.00000000
     0.03243832     0.00290536     0.00085563     0.00000000
     0.00000000     0.00000000     0.00000000     0.00216579
     0.01365039     0.00196269     0.01054935     0.00000000
     0.00000000     0.00000000     0.00000000     0.01240432
     0.00709636     0.00035074     0.00342727     0.00000000
  3
     0.00165163     0.12167054     0.00546340     0.00000000
     0.01264164     0.01783540     0.19316509     0.00000000
     0.00000000     0.00000000     0.00000000     0.15814269
     0.00000000     0.00000000     0.00000000     0.00084978
     0.00000000     0.00000000     0.00000000     0.04323535
     0.00000623     0.00249973     0.02472349     0.00000000
     0.00000000     0.00000000     0.00000000     0.02662328
     0.00290886     0.00028107     0.00226612     0.00000000
     0.00000000     0.00000000     0.00000000     0.00090200
     0.00010599     0.00010698     0.01924644     0.00000000
     0.00000000     0.00000000     0.00000000     0.00002254
     0.00000000     0.00000000     0.00000000     0.00244915
     0.00004742     0.00497990     0.00056284     0.00000000
     0.00000000     0.00000000     0.00000000     0.02562075
     0.00417921     0.00013498     0.01276901     0.00000000
     0.00000000     0.00000000     0.00000000     0.00596101
            0.577350 -0.397600  0.000000      4
  1
     0.00000000     0.00000000     0.00000000     0.09240260
     0.00000000     0.00000000     0.00000000     0.00000000
     0.00000000     0.00188504     0.00000000     0.00000000
     0.01200040     0.00000000     0.15401103     0.00000000
     0.00000000     0.18006084     0.00000000     0.00000000
     0.00000000     0.00000000     0.00000000     0.00000000
     0.00000000     0.00718195     0.00000000     0.00000000
     0.00000000     0.00000000     0.00000000     0.00000000
     0.00178157     0.00000000     0.05246323     0.00000000
     0.00000000     0.00000000     0.00000000     0.00048107
     0.00000000     0.02897754     0.00000000     0.00000000
     0.00000000     0.00000000     0.00000000     0.00000000
     0.00000000     0.01986925     0.00000000     0.00000000
     0.00025055     0.00000000     0.01557227     0.00000000
     0.00000000     0.00983563     0.00000000     0.00000000
     0.00000000     0.00000000     0.00000000     0.00063843
  2
     0.00000000     0.00000000     0.00000000     0.00000000
     0.00000000     0.00000000     0.00000000     0.23508237
     0.02317081     0.00000000     0.00383323     0.00000000
     0.00000000     0.03936274     0.00000000     0.00000000
     0.00529714     0.00000000     0.07670097     0.00000000
     0.00000000     0.00000000     0.00000000     0.01995755
     0.02218109     0.00000000     0.00032702     0.00000000
     0.00000000     0.00000000     0.00000000     0.00055492
     0.00000000     0.00496685     0.00000000     0.00000000
     0.00000000     0.00000000     0.00000000     0.00000000
     0.00862135     0.00000000     0.03071417     0.00000000
     0.00000000     0.00000000     0.00000000     0.01702914
     0.05436679     0.00000000     0.00068815     0.00000000
     0.00000000     0.00026202     0.00000000     0.00000000
     0.00113885     0.00000000     0.01277275     0.00000000
     0.00000000     0.00000000     0.00000000     0.00000000
  3
     0.00000000     0.12716796     0.00000000     0.00000000
     0.01587375     0.00000000     0.20922295     0.00000000
     0.00000000     0.00000000     0.00000000     0.16425200
     0.00000000     0.00000000     0.00000000     0.00000000
     0.00000000     0.00000000     0.00000000     0.03508001
     0.00006275     0.00000000     0.03184476     0.00000000
     0.00000000     0.00000000     0.00000000     0.02456624
     0.00186943     0.00000000     0.00525867     0.00000000
     0.00000000     0.00000000     0.00000000     0.00000000
     0.00000000     0.00375781     0.00000000     0.00000000
     0.00000000     0.00000000     0.00000000     0.00038149
     0.00203111     0.00000000     0.02027712     0.00000000
     0.00000000     0.00000000     0.00000000     0.01926598
     0.00000000     0.00000000     0.00000000     0.00000000
     0.00000000     0.00000000     0.00000000     0.02404805
     0.00000000     0.00497329     0.00000000     0.00000000
            0.612695 -0.394553  0.000000      4
  1
     0.00000000     0.00000000     0.00000000     0.08964625
     0.00000000     0.00000000     0.00000000     0.00947643
     0.00000592     0.00242947     0.00160445     0.00000000
     0.00550320     0.02253434     0.19840542     0.00000000
     0.00604818     0.09932616     0.00046349     0.00000000
     0.00000000     0.00000000     0.00000000     0.00114321
     0.00000081     0.00108344     0.00206644     0.00000000
     0.00000000     0.00000000     0.00000000     0.00001719
     0.00553701     0.04840421     0.01243882     0.00000000
     0.00000000     0.00000000     0.00000000     0.00022073
     0.00006052     0.00015136     0.01308018     0.00000000
     0.00026506     0.00001847     0.01547692     0.00000000
     0.00000000     0.00000000     0.00000000     0.00085327
     0.00287589     0.03896905     0.00101558     0.00000000
     0.00000000     0.00000000     0.00000000     0.00012293
     0.00000002     0.00017501     0.00368003     0.00000000
  2
     0.00000000     0.00000000     0.00000000     0.04906171
     0.00000000     0.00000000     0.00000000     0.22159136
     0.02262050     0.00079827     0.00528646     0.00000000
     0.00259807     0.01874823     0.04826722     0.00000000
     0.00621276     0.01048171     0.03041687     0.00000000
     0.00000000     0.00000000     0.00000000     0.01570628
     0.02179376     0.00093155     0.00005843     0.00000000
     0.00000000     0.00000000     0.00000000     0.00332978
     0.00016318     0.01218395     0.01537583     0.00000000
     0.00000000     0.00000000     0.00000000     0.00756971
     0.01659172     0.00020586     0.01011845     0.00000000
     0.03243832     0.00290536     0.00085563     0.00000000
     0.00000000     0.00000000     0.00000000     0.00216579
     0.01365039     0.00196269     0.01054935     0.00000000
     0.00000000     0.00000000     0.00000000     0.01240432
     0.00709636     0.00035074     0.00342728     0.00000000
  3
     0.00165163     0.12167054     0.00546340     0.00000000
     0.01264164     0.01783540     0.19316509     0.00000000
     0.00000000     0.00000000     0.00000000     0.15814269
     0.00000000     0.00000000     0.00000000     0.00084978
     0.00000000     0.00000000     0.00000000     0.04323535
     0.00000623     0.00249973     0.02472349     0.00000000
     0.00000000     0.00000000     0.00000000     0.02662328
     0.00290886     0.00028107     0.00226612     0.00000000
     0.00000000     0.00000000     0.00000000     0.00090200
     0.00010599     0.00010698     0.01924644     0.00000000
     0.00000000     0.00000000     0.00000000     0.00002254
     0.00000000     0.00000000     0.00000000     0.00244915
     0.00004742     0.00497990     0.00056284     0.00000000
     0.00000000     0.00000000     0.00000000     0.02562074
     0.00417921     0.00013498     0.01276901     0.00000000
     0.00000000     0.00000000     0.00000000     0.00596103
            0.648802 -0.374586  0.000000      4
  1
     0.00000000     0.00000000     0.00000000     0.05777411
     0.00000000     0.00000000     0.00000000     0.05596414
     0.00021620     0.01809499     0.22423256     0.00000000
     0.00807768     0.00666093     0.00110442     0.00000000
     0.00983696     0.01986231     0.03636209     0.00000000
     0.00000000     0.00000000     0.00000000     0.00022812
     0.00000000     0.00000000     0.00000000     0.00576879
     0.00855102     0.00640048     0.00191080     0.00000000
     0.00642343     0.00655756     0.00064126     0.00000000
     0.00000000     0.00000000     0.00000000     0.00025304
     0.00000000     0.00000000     0.00000000     0.00183161
     0.01946797     0.01247820     0.00607638     0.00000000
     0.00372120     0.00430239     0.01092315     0.00000000
     0.01366203     0.01575149     0.00542942     0.00000000
     0.00000000     0.00000000     0.00000000     0.00322930
     0.00698045     0.00257228     0.00329114     0.00000000
  2
     0.00000000     0.00000000     0.00000000     0.17332232
     0.00000000     0.00000000     0.00000000     0.16789242
     0.00064859     0.00603166     0.07474419     0.00000000
     0.00269256     0.01998279     0.00331326     0.00000000
     0.02951087     0.00662077     0.01212070     0.00000000
     0.00000000     0.00000000     0.00000000     0.00007604
     0.00000000     0.00000000     0.00000000     0.01730637
     0.00285034     0.01920144     0.00573240     0.00000000
     0.01927030     0.00218585     0.00021375     0.00000000
     0.00000000     0.00000000     0.00000000     0.00008435
     0.00000000     0.00000000     0.00000000     0.00549484
     0.00648932     0.03743460     0.01822913     0.00000000
     0.01116360     0.00143413     0.00364105     0.00000000
     0.04098607     0.00525050     0.00180981     0.00000000
     0.00000000     0.00000000     0.00000000     0.00968790
     0.00232682     0.00771685     0.00987342     0.00000000
  3
     0.00000000     0.12213844     0.00988395     0.00000000
     0.00000000     0.04518182     0.17621320     0.00000000
     0.00000000     0.00000000     0.00000000     0.00000000
     0.00000000     0.00000000     0.00000000     0.20451203
     0.00000000     0.00000000     0.00000000     0.00000000
     0.00271074     0.00000000     0.00000000     0.00000000
     0.00000000     0.00394456     0.03009340     0.00000000
     0.00000000     0.00000000     0.00000000     0.03764181
     0.00000000     0.00000000     0.00000000     0.00000000
     0.00366164     0.00000000     0.00000000     0.00000000
     0.00000000     0.00008420     0.02169877     0.00000000
     0.00000000     0.00000000     0.00000000     0.00039196
     0.00000000     0.00000000     0.00000000     0.00000000
     0.00000000     0.00000000     0.00000000     0.00000000
     0.00000000     0.00786853     0.00626097     0.00000000
     0.00000000     0.00000000     0.00000000     0.04324321
            0.669280 -0.333333  0.000000      4
  1
     0.00000000     0.00000000     0.00000000     0.00284108
     0.00000000     0.00000000     0.00000000     0.11164494
     0.01253048     0.00000488     0.00496439     0.00000000
     0.00650319     0.02956763     0.23909029     0.00000000
     0.00000000     0.00000000     0.00000000     0.01614171
     0.00000706     0.00058531     0.00911047     0.00000000
     0.01115395     0.00096346     0.00123676     0.00000000
     0.00000000     0.00000000     0.00000000     0.00001196
     0.00000000     0.00000000     0.00000000     0.00970193
     0.00420329     0.00017790     0.00272019     0.00000000
     0.03158154     0.00170681     0.00003870     0.00000000
     0.00000058     0.00018360     0.00786899     0.00000000
     0.00027499     0.00087305     0.01123980     0.00000000
     0.00000000     0.00000000     0.00000000     0.00038309
     0.00000000     0.00000000     0.00000000     0.00496751
     0.00000000     0.00000000     0.00000000     0.00279871
  2
     0.00000000     0.00000000     0.00000000     0.13214252
     0.00000000     0.00000000     0.00000000     0.08274798
     0.00511447     0.00187683     0.00013532     0.00000000
     0.00009706     0.01360157     0.08155413     0.00000000
     0.00000000     0.00000000     0.00000000     0.01383019
     0.00871048     0.10393689     0.00988966     0.00000000
     0.00522636     0.00167680     0.00059937     0.00000000
     0.00000000     0.00000000     0.00000000     0.00015888
     0.00000000     0.00000000     0.00000000     0.00554137
     0.00147037     0.06461973     0.02137660     0.00000000
     0.01281464     0.00123931     0.00090158     0.00000000
     0.00063858     0.00423820     0.01463504     0.00000000
     0.00192879     0.03186816     0.00474528     0.00000000
     0.00000000     0.00000000     0.00000000     0.00014707
     0.00000000     0.00000000     0.00000000     0.00346868
     0.00000000     0.00000000     0.00000000     0.00209446
  3
     0.00233479     0.11986105     0.00707073     0.00000000
     0.01559147     0.02120376     0.16077546     0.00000000
     0.00000000     0.00000000     0.00000000     0.15309885
     0.00000000     0.00000000     0.00000000     0.00007777
     0.00043036     0.00568684     0.03849122     0.00000000
     0.00000000     0.00000000     0.00000000     0.04953633
     0.00000000     0.00000000     0.00000000     0.02709174
     0.00211210     0.00101631     0.00110259     0.00000000
     0.00068451     0.00056125     0.02699803     0.00000000
     0.00000000     0.00000000     0.00000000     0.00254325
     0.00000000     0.00000000     0.00000000     0.01484598
     0.00000000     0.00000000     0.00000000     0.00000005
     0.00000000     0.00000000     0.00000000     0.02160974
     0.00032338     0.00329836     0.00174370     0.00000000
     0.00596552     0.00119158     0.00304438     0.00000000
     0.00091174     0.00074713     0.01854216     0.00000000
            0.648087 -0.292494  0.000000      4
  1
     0.00000000     0.00000000     0.00000000     0.02034693
     0.00000000     0.00000000     0.00000000     0.15169321
     0.01374837     0.00028855     0.00136220     0.00000000
     0.00000000     0.00000000     0.00000000     0.02497802
     0.00244009     0.03053016     0.04480338     0.00000000
     0.00203762     0.04990753     0.06874015     0.00000000
     0.01267464     0.00381995     0.00284473     0.00000000
     0.00000000     0.00000000     0.00000000     0.00295762
     0.00023138     0.00196358     0.01159668     0.00000000
     0.01364343     0.00330003     0.01392474     0.00000000
     0.00000000     0.00000000     0.00000000     0.00011546
     0.01964670     0.00635868     0.00538665     0.00000000
     0.00000000     0.00000000     0.00000000     0.01090292
     0.00003073     0.00000353     0.00327143     0.00000000
     0.00643113     0.00074902     0.00632995     0.00000000
     0.00000000     0.00000000     0.00000000     0.00010211
  2
     0.00000000     0.00000000     0.00000000     0.06104080
     0.00000000     0.00000000     0.00000000     0.05056440
     0.00458279     0.00086566     0.00045407     0.00000000
     0.00000000     0.00000000     0.00000000     0.00832601
     0.00732028     0.01017672     0.13441015     0.00000000
     0.00067921     0.14972260     0.02291338     0.00000000
     0.00422488     0.01145985     0.00094824     0.00000000
     0.00000000     0.00000000     0.00000000     0.00098587
     0.00069414     0.00065453     0.03479005     0.00000000
     0.00454781     0.00990008     0.00464158     0.00000000
     0.00000000     0.00000000     0.00000000     0.00034638
     0.00654890     0.01907605     0.00179555     0.00000000
     0.00000000     0.00000000     0.00000000     0.00363431
     0.00009219     0.00000118     0.00981429     0.00000000
     0.00214371     0.00224705     0.00210998     0.00000000
     0.00000000     0.00000000     0.00000000     0.00003404
  3
     0.00000000     0.12657609     0.00000000     0.00000000
     0.01851241     0.00000000     0.18341548     0.00000000
     0.00000000     0.00000000     0.00000000     0.15907954
     0.00094240     0.00000000     0.04837076     0.00000000
     0.00000000     0.00000000     0.00000000     0.00000000
     0.00000000     0.00000000     0.00000000     0.04010457
     0.00000000     0.00000000     0.00000000     0.02416857
     0.00068509     0.00000000     0.01363984     0.00000000
     0.00000000     0.00000000     0.00000000     0.00000000
     0.00000000     0.00000000     0.00000000     0.00062731
     0.00000000     0.00400640     0.00000000     0.00000000
     0.00000000     0.00000000     0.00000000     0.03551117
     0.00367880     0.00000000     0.01449689     0.00000000
     0.00000000     0.00000000     0.00000000     0.00000000
     0.00000000     0.00000000     0.00000000     0.01375484
     0.00507283     0.00000000     0.00249090     0.00000000
            0.623316 -0.253719  0.000000      4
  1
     0.00000000     0.00000000     0.00000000     0.11659719
     0.00000000     0.00000000     0.00000000     0.17320961
     0.01390121     0.00132595     0.00063273     0.00000000
     0.00101060     0.00022581     0.00000802     0.00000000
     0.00000000     0.00000000     0.00000000     0.02734838
     0.00674924     0.07134456     0.01791510     0.00000000
     0.01332033     0.00039779     0.00001308     0.00000000
     0.00000000     0.00000000     0.00000000     0.00008444
     0.00000000     0.00000000     0.00000000     0.01293158
     0.00000063     0.04557307     0.02331621     0.00000000
     0.03492804     0.00009670     0.00084748     0.00000000
     0.00046258     0.00246122     0.00365043     0.00000000
     0.00088432     0.01955075     0.01269312     0.00000000
     0.00000000     0.00000000     0.00000000     0.00000051
     0.00000000     0.00000000     0.00000000     0.00743787
     0.00000000     0.00000000     0.00000000     0.00436768
  2
     0.00000000     0.00000000     0.00000000     0.01838619
     0.00000000     0.00000000     0.00000000     0.02118119
     0.00374351     0.00055571     0.00446693     0.00000000
     0.00558960     0.04294330     0.32063975     0.00000000
     0.00000000     0.00000000     0.00000000     0.00262437
     0.00196813     0.03317748     0.00108473     0.00000000
     0.00305978     0.00224258     0.00182305     0.00000000
     0.00000000     0.00000000     0.00000000     0.00008643
     0.00000000     0.00000000     0.00000000     0.00231192
     0.00567306     0.01922465     0.00078040     0.00000000
     0.00946742     0.00284959     0.00009270     0.00000000
     0.00017671     0.00196177     0.01885313     0.00000000
     0.00131928     0.01318906     0.00329203     0.00000000
     0.00000000     0.00000000     0.00000000     0.00052970
     0.00000000     0.00000000     0.00000000     0.00099785
     0.00000000     0.00000000     0.00000000     0.00052595
  3
     0.00233483     0.11986098     0.00707079     0.00000000
     0.01559157     0.02120382     0.16077361     0.00000000
     0.00000000     0.00000000     0.00000000     0.15309866
     0.00000000     0.00000000     0.00000000     0.00007779
     0.00043041     0.00568705     0.03849207     0.00000000
     0.00000000     0.00000000     0.00000000     0.04953665
     0.00000000     0.00000000     0.00000000     0.02709161
     0.00211202     0.00101637     0.00110285     0.00000000
     0.00068459     0.00056126     0.02699810     0.00000000
     0.00000000     0.00000000     0.00000000     0.00254336
     0.00000000     0.00000000     0.00000000     0.01484686
     0.00000000     0.00000000     0.00000000     0.00000005
     0.00000000     0.00000000     0.00000000     0.02160914
     0.00032344     0.00329824     0.00174391     0.00000000
     0.00596553     0.00119162     0.00304382     0.00000000
     0.00091160     0.00074727     0.01854279     0.00000000
            0.577350 -0.217951  0.000000      4
  1
     0.00000000     0.00000000     0.00000000     0.26622131
     0.00000000     0.00000000     0.00000000     0.17960045
     0.00191992     0.00000000     0.00000000     0.00000000
     0.00000000     0.02058228     0.00152524     0.00000000
     0.03292604     0.00000000     0.00000000     0.00000000
     0.00000000     0.00000000     0.00000000     0.00000000
     0.00000000     0.00000000     0.00000000     0.03062583
     0.00000000     0.01801820     0.00284073     0.00000000
     0.01933580     0.00000000     0.00000000     0.00000000
     0.00000000     0.00000000     0.00000000     0.00000000
     0.00000000     0.00000000     0.00000000     0.01742451
     0.00000000     0.05501643     0.01758466     0.00000000
     0.05256801     0.00000000     0.00000000     0.00000000
     0.00013291     0.00000000     0.00000000     0.00000000
     0.00000000     0.01736208     0.01602388     0.00000000
     0.00000000     0.00000000     0.00000000     0.00383656
  2
     0.00000000     0.00000000     0.00000000     0.00000000
     0.00000000     0.00000000     0.00000000     0.00000000
     0.00000000     0.02130376     0.44179009     0.00000000
     0.00712079     0.00000000     0.00000000     0.00000000
     0.00000000     0.00867539     0.01008164     0.00000000
     0.00000000     0.00000000     0.00000000     0.00021120
     0.00000000     0.00000000     0.00000000     0.00000000
     0.00725277     0.00000000     0.00000000     0.00000000
     0.00000000     0.00463942     0.00102567     0.00000000
     0.00000000     0.00000000     0.00000000     0.00023429
     0.00000000     0.00000000     0.00000000     0.00000000
     0.02875634     0.00000000     0.00000000     0.00000000
     0.00000000     0.01589156     0.00084842     0.00000000
     0.00000000     0.00129483     0.01109888     0.00000000
     0.01739838     0.00000000     0.00000000     0.00000000
     0.00000000     0.00000000     0.00000000     0.00000000
  3
     0.00000000     0.12607302     0.00982049     0.00000000
     0.00000000     0.05080481     0.13992995     0.00000000
     0.00000000     0.00000000     0.00000000     0.00000000
     0.00000000     0.00000000     0.00000000     0.20024148
     0.00000000     0.00000000     0.00000000     0.00000000
     0.00261305     0.00000000     0.00000000     0.00000000
     0.00000000     0.00888768     0.03536386     0.00000000
     0.00000000     0.00000000     0.00000000     0.04789564
     0.00000000     0.00000000     0.00000000     0.00000000
     0.00353707     0.00000000     0.00000000     0.00000000
     0.00000000     0.00325356     0.03492409     0.00000000
     0.00000000     0.00000000     0.00000000     0.00925168
     0.00000000     0.00000000     0.00000000     0.00000000
     0.00000000     0.00000000     0.00000000     0.00000000
     0.00000000     0.00000000     0.00000000     0.03259253
     0.00000000     0.00670965     0.00057173     0.00000000
            0.531385 -0.253719  0.000000      4
  1
     0.00000000     0.00000000     0.00000000     0.11659719
     0.00000000     0.00000000     0.00000000     0.17320961
     0.01390121     0.00132595     0.00063273     0.00000000
     0.00101060     0.00022581     0.00000802     0.00000000
     0.00000000     0.00000000     0.00000000     0.02734838
     0.00674924     0.07134456     0.01791510     0.00000000
     0.01332033     0.00039779     0.00001308     0.00000000
     0.00000000     0.00000000     0.00000000     0.00008444
     0.00000000     0.00000000     0.00000000     0.01293158
     0.00000063     0.04557307     0.02331621     0.00000000
     0.03492804     0.00009670     0.00084748     0.00000000
     0.00046258     0.00246122     0.00365042     0.00000000
     0.00088432     0.01955075     0.01269312     0.00000000
     0.00000000     0.00000000     0.00000000     0.00000051
     0.00000000     0.00000000     0.00000000     0.00743787
     0.00000000     0.00000000     0.00000000     0.00436768
  2
     0.00000000     0.00000000     0.00000000     0.01838619
     0.00000000     0.00000000     0.00000000     0.02118119
     0.00374351     0.00055571     0.00446693     0.00000000
     0.00558960     0.04294330     0.32063975     0.00000000
     0.00000000     0.00000000     0.00000000     0.00262437
     0.00196813     0.03317748     0.00108473     0.00000000
     0.00305978     0.00224258     0.00182305     0.00000000
     0.00000000     0.00000000     0.00000000     0.00008643
     0.00000000     0.00000000     0.00000000     0.00231192
     0.00567306     0.01922465     0.00078040     0.00000000
     0.00946742     0.00284959     0.00009270     0.00000000
     0.00017671     0.00196177     0.01885313     0.00000000
     0.00131927     0.01318906     0.00329203     0.00000000
     0.00000000     0.00000000     0.00000000     0.00052970
     0.00000000     0.00000000     0.00000000     0.00099785
     0.00000000     0.00000000     0.00000000     0.00052595
  3
     0.00233483     0.11986098     0.00707079     0.00000000
     0.01559157     0.02120382     0.16077361     0.00000000
     0.00000000     0.00000000     0.00000000     0.15309866
     0.00000000     0.00000000     0.00000000     0.00007779
     0.00043041     0.00568705     0.03849207     0.00000000
     0.00000000     0.00000000     0.00000000     0.04953665
     0.00000000     0.00000000     0.00000000     0.02709161
     0.00211202     0.00101637     0.00110285     0.00000000
     0.00068459     0.00056126     0.02699810     0.00000000
     0.00000000     0.00000000     0.00000000     0.00254336
     0.00000000     0.00000000     0.00000000     0.01484686
     0.00000000     0.00000000     0.00000000     0.00000005
     0.00000000     0.00000000     0.00000000     0.02160914
     0.00032344     0.00329824     0.00174391     0.00000000
     0.00596553     0.00119162     0.00304382     0.00000000
     0.00091160     0.00074727     0.01854279     0.00000000
            0.506614 -0.292494  0.000000      4
  1
     0.00000000     0.00000000     0.00000000     0.02034693
     0.00000000     0.00000000     0.00000000     0.15169321
     0.01374837     0.00028855     0.00136220     0.00000000
     0.00000000     0.00000000     0.00000000     0.02497802
     0.00244009     0.03053016     0.04480338     0.00000000
     0.00203762     0.04990753     0.06874015     0.00000000
     0.01267464     0.00381995     0.00284473     0.00000000
     0.00000000     0.00000000     0.00000000     0.00295762
     0.00023138     0.00196358     0.01159668     0.00000000
     0.01364343     0.00330003     0.01392474     0.00000000
     0.00000000     0.00000000     0.00000000     0.00011546
     0.01964670     0.00635868     0.00538665     0.00000000
     0.00000000     0.00000000     0.00000000     0.01090292
     0.00003073     0.00000353     0.00327143     0.00000000
     0.00643113     0.00074902     0.00632995     0.00000000
     0.00000000     0.00000000     0.00000000     0.00010211
  2
     0.00000000     0.00000000     0.00000000     0.06104080
     0.00000000     0.00000000     0.00000000     0.05056440
     0.00458279     0.00086566     0.00045407     0.00000000
     0.00000000     0.00000000     0.00000000     0.00832601
     0.00732028     0.01017672     0.13441015     0.00000000
     0.00067921     0.14972260     0.02291338     0.00000000
     0.00422488     0.01145985     0.00094824     0.00000000
     0.00000000     0.00000000     0.00000000     0.00098587
     0.00069414     0.00065453     0.03479005     0.00000000
     0.00454781     0.00990008     0.00464158     0.00000000
     0.00000000     0.00000000     0.00000000     0.00034638
     0.00654890     0.01907605     0.00179555     0.00000000
     0.00000000     0.00000000     0.00000000     0.00363431
     0.00009220     0.00000118     0.00981429     0.00000000
     0.00214371     0.00224705     0.00210998     0.00000000
     0.00000000     0.00000000     0.00000000     0.00003404
  3
     0.00000000     0.12657609     0.00000000     0.00000000
     0.01851241     0.00000000     0.18341548     0.00000000
     0.00000000     0.00000000     0.00000000     0.15907954
     0.00094240     0.00000000     0.04837076     0.00000000
     0.00000000     0.00000000     0.00000000     0.00000000
     0.00000000     0.00000000     0.00000000     0.04010457
     0.00000000     0.00000000     0.00000000     0.02416857
     0.00068509     0.00000000     0.01363984     0.00000000
     0.00000000     0.00000000     0.00000000     0.00000000
     0.00000000     0.00000000     0.00000000     0.00062731
     0.00000000     0.00400640     0.00000000     0.00000000
     0.00000000     0.00000000     0.00000000     0.03551117
     0.00367880     0.00000000     0.01449689     0.00000000
     0.00000000     0.00000000     0.00000000     0.00000000
     0.00000000     0.00000000     0.00000000     0.01375484
     0.00507283     0.00000000     0.00249090     0.00000000
            0.485420 -0.333333  0.000000      4
  1
     0.00000000     0.00000000     0.00000000     0.00284108
     0.00000000     0.00000000     0.00000000     0.11164494
     0.01253048     0.00000488     0.00496439     0.00000000
     0.00650319     0.02956763     0.23909029     0.00000000
     0.00000000     0.00000000     0.00000000     0.01614171
     0.00000706     0.00058531     0.00911047     0.00000000
     0.01115395     0.00096346     0.00123676     0.00000000
     0.00000000     0.00000000     0.00000000     0.00001196
     0.00000000     0.00000000     0.00000000     0.00970193
     0.00420329     0.00017790     0.00272019     0.00000000
     0.03158153     0.00170681     0.00003870     0.00000000
     0.00000058     0.00018360     0.00786899     0.00000000
     0.00027499     0.00087305     0.01123980     0.00000000
     0.00000000     0.00000000     0.00000000     0.00038309
     0.00000000     0.00000000     0.00000000     0.00496751
     0.00000000     0.00000000     0.00000000     0.00279871
  2
     0.00000000     0.00000000     0.00000000     0.13214252
     0.00000000     0.00000000     0.00000000     0.08274798
     0.00511447     0.00187683     0.00013532     0.00000000
     0.00009706     0.01360157     0.08155413     0.00000000
     0.00000000     0.00000000     0.00000000     0.01383019
     0.00871048     0.10393689     0.00988966     0.00000000
     0.00522636     0.00167680     0.00059937     0.00000000
     0.00000000     0.00000000     0.00000000     0.00015888
     0.00000000     0.00000000     0.00000000     0.00554137
     0.00147037     0.06461973     0.02137660     0.00000000
     0.01281464     0.00123931     0.00090158     0.00000000
     0.00063858     0.00423820     0.01463504     0.00000000
     0.00192879     0.03186816     0.00474528     0.00000000
     0.00000000     0.00000000     0.00000000     0.00014707
     0.00000000     0.00000000     0.00000000     0.00346868
     0.00000000     0.00000000     0.00000000     0.00209446
  3
     0.00233479     0.11986105     0.00707073     0.00000000
     0.01559147     0.02120376     0.16077546     0.00000000
     0.00000000     0.00000000     0.00000000     0.15309885
     0.00000000     0.00000000     0.00000000     0.00007777
     0.00043036     0.00568684     0.03849122     0.00000000
     0.00000000     0.00000000     0.00000000     0.04953633
     0.00000000     0.00000000     0.00000000     0.02709174
     0.00211210     0.00101631     0.00110259     0.00000000
     0.00068451     0.00056125     0.02699803     0.00000000
     0.00000000     0.00000000     0.00000000     0.00254325
     0.00000000     0.00000000     0.00000000     0.01484598
     0.00000000     0.00000000     0.00000000     0.00000005
     0.00000000     0.00000000     0.00000000     0.02160974
     0.00032338     0.00329836     0.00174370     0.00000000
     0.00596552     0.00119158     0.00304438     0.00000000
     0.00091173     0.00074714     0.01854216     0.00000000
            0.477428 -0.391023  0.000000      4
  1
     0.00000000     0.00000000     0.00000000     0.06655473
     0.00000000     0.00000000     0.00000000     0.04490092
     0.00047991     0.01597823     0.33133655     0.00000000
     0.00534075     0.00514566     0.00038134     0.00000000
     0.00823164     0.00650694     0.00756191     0.00000000
     0.00000000     0.00000000     0.00000000     0.00015840
     0.00000000     0.00000000     0.00000000     0.00765632
     0.00543976     0.00450467     0.00071023     0.00000000
     0.00483404     0.00347972     0.00076925     0.00000000
     0.00000000     0.00000000     0.00000000     0.00017572
     0.00000000     0.00000000     0.00000000     0.00435597
     0.02156727     0.01375413     0.00439628     0.00000000
     0.01314228     0.01191923     0.00063621     0.00000000
     0.00003319     0.00097088     0.00832463     0.00000000
     0.01304826     0.00434038     0.00400590     0.00000000
     0.00000000     0.00000000     0.00000000     0.00095929
  2
     0.00000000     0.00000000     0.00000000     0.19966420
     0.00000000     0.00000000     0.00000000     0.13470274
     0.00143974     0.00532608     0.11044552     0.00000000
     0.00178025     0.01543699     0.00114401     0.00000000
     0.02469493     0.00216898     0.00252064     0.00000000
     0.00000000     0.00000000     0.00000000     0.00005280
     0.00000000     0.00000000     0.00000000     0.02296896
     0.00181325     0.01351400     0.00213069     0.00000000
     0.01450211     0.00115991     0.00025642     0.00000000
     0.00000000     0.00000000     0.00000000     0.00005857
     0.00000000     0.00000000     0.00000000     0.01306790
     0.00718909     0.04126239     0.01318883     0.00000000
     0.03942683     0.00397308     0.00021207     0.00000000
     0.00009958     0.00032363     0.00277488     0.00000000
     0.00434942     0.01302113     0.01201771     0.00000000
     0.00000000     0.00000000     0.00000000     0.00287785
  3
     0.00000000     0.12607262     0.00982059     0.00000000
     0.00000000     0.05080485     0.13993248     0.00000000
     0.00000000     0.00000000     0.00000000     0.00000000
     0.00000000     0.00000000     0.00000000     0.20024181
     0.00000000     0.00000000     0.00000000     0.00000000
     0.00261306     0.00000000     0.00000000     0.00000000
     0.00000000     0.00888731     0.03536348     0.00000000
     0.00000000     0.00000000     0.00000000     0.04789512
     0.00000000     0.00000000     0.00000000     0.00000000
     0.00353708     0.00000000     0.00000000     0.00000000
     0.00000000     0.00325325     0.03492334     0.00000000
     0.00000000     0.00000000     0.00000000     0.00925071
     0.00000000     0.00000000     0.00000000     0.00000000
     0.00000000     0.00000000     0.00000000     0.00000000
     0.00000000     0.00000000     0.00000000     0.03259339
     0.00000000     0.00670995     0.00057132     0.00000000
            0.531385 -0.412947  0.000000      4
  1
     0.00000000     0.00000000     0.00000000     0.08303702
     0.00000000     0.00000000     0.00000000     0.00673281
     0.00003557     0.00149169     0.00205241     0.00000000
     0.00238662     0.03496049     0.24186877     0.00000000
     0.00000000     0.00000000     0.00000000     0.00146852
     0.00631979     0.08485364     0.00147452     0.00000000
     0.00009608     0.00259924     0.00150434     0.00000000
     0.00000000     0.00000000     0.00000000     0.00015991
     0.00000000     0.00000000     0.00000000     0.00023159
     0.00430657     0.05144555     0.01010859     0.00000000
     0.00008427     0.00261578     0.00052410     0.00000000
     0.00049571     0.00398872     0.02223713     0.00000000
     0.00214603     0.02868711     0.00004418     0.00000000
     0.00000000     0.00000000     0.00000000     0.00041164
     0.00000000     0.00000000     0.00000000     0.00024853
     0.00000000     0.00000000     0.00000000     0.00017378
  2
     0.00000000     0.00000000     0.00000000     0.05194653
     0.00000000     0.00000000     0.00000000     0.18765966
     0.01760933     0.00039001     0.00304728     0.00000000
     0.00421362     0.00820869     0.07877637     0.00000000
     0.00000000     0.00000000     0.00000000     0.02850357
     0.00239772     0.01966853     0.01752555     0.00000000
     0.01628419     0.00004104     0.00033179     0.00000000
     0.00000000     0.00000000     0.00000000     0.00001094
     0.00000000     0.00000000     0.00000000     0.01501175
     0.00136710     0.01335209     0.01398816     0.00000000
     0.04431175     0.00033038     0.00041616     0.00000000
     0.00014347     0.00043333     0.00026679     0.00000000
     0.00005771     0.00405380     0.01594091     0.00000000
     0.00000000     0.00000000     0.00000000     0.00011854
     0.00000000     0.00000000     0.00000000     0.00818756
     0.00000000     0.00000000     0.00000000     0.00471949
  3
     0.00233480     0.11986103     0.00707074     0.00000000
     0.01559150     0.02120377     0.16077506     0.00000000
     0.00000000     0.00000000     0.00000000     0.15309881
     0.00000000     0.00000000     0.00000000     0.00007777
     0.00043037     0.00568689     0.03849140     0.00000000
     0.00000000     0.00000000     0.00000000     0.04953640
     0.00000000     0.00000000     0.00000000     0.02709171
     0.00211208     0.00101632     0.00110265     0.00000000
     0.00068453     0.00056125     0.02699804     0.00000000
     0.00000000     0.00000000     0.00000000     0.00254327
     0.00000000     0.00000000     0.00000000     0.01484617
     0.00000000     0.00000000     0.00000000     0.00000005
     0.00000000     0.00000000     0.00000000     0.02160961
     0.00032339     0.00329833     0.00174375     0.00000000
     0.00596553     0.00119159     0.00304426     0.00000000
     0.00091171     0.00074717     0.01854230     0.00000000
            0.577350 -0.415012  0.000000      4
  1
     0.00000000     0.00000000     0.00000000     0.08138781
     0.00000000     0.00000000     0.00000000     0.00000000
     0.00000000     0.00115422     0.00000000     0.00000000
     0.00000000     0.00000000     0.00000000     0.00000000
     0.00976039     0.00000000     0.17921336     0.00000000
     0.00000000     0.19963003     0.00000000     0.00000000
     0.00000000     0.01527972     0.00000000     0.00000000
     0.00000000     0.00000000     0.00000000     0.00000000
     0.00092552     0.00000000     0.04638678     0.00000000
     0.00000000     0.01320024     0.00000000     0.00000000
     0.00000000     0.00000000     0.00000000     0.00046184
     0.00000000     0.02543468     0.00000000     0.00000000
     0.00000000     0.00000000     0.00000000     0.00000000
     0.00012293     0.00000000     0.01308574     0.00000000
     0.00000000     0.00299609     0.00000000     0.00000000
     0.00000000     0.00000000     0.00000000     0.00000000
  2
     0.00000000     0.00000000     0.00000000     0.00000000
     0.00000000     0.00000000     0.00000000     0.20225788
     0.01833119     0.00000000     0.00181627     0.00000000
     0.00000000     0.00000000     0.00000000     0.03330391
     0.00000000     0.04070688     0.00000000     0.00000000
     0.00271684     0.00000000     0.09165345     0.00000000
     0.01689955     0.00000000     0.00379293     0.00000000
     0.00000000     0.00000000     0.00000000     0.00394347
     0.00000000     0.00261812     0.00000000     0.00000000
     0.01819114     0.00000000     0.01856643     0.00000000
     0.00000000     0.00000000     0.00000000     0.00000000
     0.02619581     0.00000000     0.00718212     0.00000000
     0.00000000     0.00000000     0.00000000     0.01453726
     0.00000000     0.00000470     0.00000000     0.00000000
     0.00857480     0.00000000     0.00843996     0.00000000
     0.00000000     0.00000000     0.00000000     0.00013615
  3
     0.00000000     0.12657609     0.00000000     0.00000000
     0.01851240     0.00000000     0.18341570     0.00000000
     0.00000000     0.00000000     0.00000000     0.15907957
     0.00094239     0.00000000     0.04837063     0.00000000
     0.00000000     0.00000000     0.00000000     0.00000000
     0.00000000     0.00000000     0.00000000     0.04010453
     0.00000000     0.00000000     0.00000000     0.02416859
     0.00068510     0.00000000     0.01363978     0.00000000
     0.00000000     0.00000000     0.00000000     0.00000000
     0.00000000     0.00000000     0.00000000     0.00062728
     0.00000000     0.00400640     0.00000000     0.00000000
     0.00000000     0.00000000     0.00000000     0.03551111
     0.00367879     0.00000000     0.01449694     0.00000000
     0.00000000     0.00000000     0.00000000     0.00000000
     0.00000000     0.00000000     0.00000000     0.01375490
     0.00507285     0.00000000     0.00249085     0.00000000
            0.623315 -0.412947  0.000000      4
  1
     0.00000000     0.00000000     0.00000000     0.08303702
     0.00000000     0.00000000     0.00000000     0.00673281
     0.00003557     0.00149169     0.00205241     0.00000000
     0.00238662     0.03496049     0.24186877     0.00000000
     0.00000000     0.00000000     0.00000000     0.00146852
     0.00631979     0.08485364     0.00147452     0.00000000
     0.00009608     0.00259924     0.00150434     0.00000000
     0.00000000     0.00000000     0.00000000     0.00015991
     0.00000000     0.00000000     0.00000000     0.00023159
     0.00430657     0.05144555     0.01010859     0.00000000
     0.00008427     0.00261578     0.00052410     0.00000000
     0.00049571     0.00398872     0.02223713     0.00000000
     0.00214603     0.02868711     0.00004418     0.00000000
     0.00000000     0.00000000     0.00000000     0.00041164
     0.00000000     0.00000000     0.00000000     0.00024853
     0.00000000     0.00000000     0.00000000     0.00017378
  2
     0.00000000     0.00000000     0.00000000     0.05194653
     0.00000000     0.00000000     0.00000000     0.18765966
     0.01760933     0.00039001     0.00304728     0.00000000
     0.00421362     0.00820869     0.07877637     0.00000000
     0.00000000     0.00000000     0.00000000     0.02850357
     0.00239772     0.01966853     0.01752555     0.00000000
     0.01628419     0.00004104     0.00033179     0.00000000
     0.00000000     0.00000000     0.00000000     0.00001094
     0.00000000     0.00000000     0.00000000     0.01501175
     0.00136710     0.01335209     0.01398816     0.00000000
     0.04431175     0.00033038     0.00041616     0.00000000
     0.00014347     0.00043333     0.00026679     0.00000000
     0.00005771     0.00405380     0.01594091     0.00000000
     0.00000000     0.00000000     0.00000000     0.00011854
     0.00000000     0.00000000     0.00000000     0.00818756
     0.00000000     0.00000000     0.00000000     0.00471949
  3
     0.00233480     0.11986103     0.00707074     0.00000000
     0.01559150     0.02120377     0.16077507     0.00000000
     0.00000000     0.00000000     0.00000000     0.15309881
     0.00000000     0.00000000     0.00000000     0.00007777
     0.00043037     0.00568689     0.03849140     0.00000000
     0.00000000     0.00000000     0.00000000     0.04953640
     0.00000000     0.00000000     0.00000000     0.02709171
     0.00211208     0.00101632     0.00110265     0.00000000
     0.00068453     0.00056125     0.02699804     0.00000000
     0.00000000     0.00000000     0.00000000     0.00254327
     0.00000000     0.00000000     0.00000000     0.01484617
     0.00000000     0.00000000     0.00000000     0.00000005
     0.00000000     0.00000000     0.00000000     0.02160961
     0.00032339     0.00329834     0.00174375     0.00000000
     0.00596553     0.00119159     0.00304426     0.00000000
     0.00091171     0.00074717     0.01854230     0.00000000
            0.677272 -0.391023  0.000000      4
  1
     0.00000000     0.00000000     0.00000000     0.06655473
     0.00000000     0.00000000     0.00000000     0.04490092
     0.00047991     0.01597823     0.33133655     0.00000000
     0.00534075     0.00514566     0.00038134     0.00000000
     0.00823164     0.00650694     0.00756191     0.00000000
     0.00000000     0.00000000     0.00000000     0.00015840
     0.00000000     0.00000000     0.00000000     0.00765632
     0.00543976     0.00450467     0.00071023     0.00000000
     0.00483404     0.00347972     0.00076925     0.00000000
     0.00000000     0.00000000     0.00000000     0.00017572
     0.00000000     0.00000000     0.00000000     0.00435597
     0.02156727     0.01375413     0.00439628     0.00000000
     0.01314228     0.01191923     0.00063621     0.00000000
     0.00003319     0.00097088     0.00832463     0.00000000
     0.01304826     0.00434038     0.00400590     0.00000000
     0.00000000     0.00000000     0.00000000     0.00095929
  2
     0.00000000     0.00000000     0.00000000     0.19966420
     0.00000000     0.00000000     0.00000000     0.13470274
     0.00143974     0.00532608     0.11044552     0.00000000
     0.00178025     0.01543699     0.00114401     0.00000000
     0.02469493     0.00216898     0.00252064     0.00000000
     0.00000000     0.00000000     0.00000000     0.00005280
     0.00000000     0.00000000     0.00000000     0.02296896
     0.00181325     0.01351400     0.00213069     0.00000000
     0.01450211     0.00115991     0.00025642     0.00000000
     0.00000000     0.00000000     0.00000000     0.00005857
     0.00000000     0.00000000     0.00000000     0.01306790
     0.00718909     0.04126239     0.01318883     0.00000000
     0.03942683     0.00397308     0.00021207     0.00000000
     0.00009958     0.00032363     0.00277488     0.00000000
     0.00434942     0.01302113     0.01201771     0.00000000
     0.00000000     0.00000000     0.00000000     0.00287786
  3
     0.00000000     0.12607262     0.00982059     0.00000000
     0.00000000     0.05080485     0.13993248     0.00000000
     0.00000000     0.00000000     0.00000000     0.00000000
     0.00000000     0.00000000     0.00000000     0.20024181
     0.00000000     0.00000000     0.00000000     0.00000000
     0.00261306     0.00000000     0.00000000     0.00000000
     0.00000000     0.00888731     0.03536348     0.00000000
     0.00000000     0.00000000     0.00000000     0.04789512
     0.00000000     0.00000000     0.00000000     0.00000000
     0.00353708     0.00000000     0.00000000     0.00000000
     0.00000000     0.00325325     0.03492334     0.00000000
     0.00000000     0.00000000     0.00000000     0.00925071
     0.00000000     0.00000000     0.00000000     0.00000000
     0.00000000     0.00000000     0.00000000     0.00000000
     0.00000000     0.00000000     0.00000000     0.03259339
     0.00000000     0.00670995     0.00057132     0.00000000
            0.579313 -0.333333  0.000000      4
  1
     0.00000000     0.00000000     0.00000000     0.00000148
     0.00000000     0.00000000     0.00000000     0.15455281
     0.02744320     0.00000232     0.02934229     0.00000000
     0.00000306     0.02635993     0.02922293     0.00000000
     0.03004103     0.03312346     0.00027879     0.00000000
     0.00000000     0.00000000     0.00000000     0.00047857
     0.00000000     0.00000000     0.00000000     0.00002437
     0.01734374     0.00001326     0.02654886     0.00000000
     0.00001291     0.01460496     0.02737308     0.00000000
     0.00000000     0.00000000     0.00000000     0.01003422
     0.01958511     0.02134697     0.00023127     0.00000000
     0.00738196     0.00005095     0.01454909     0.00000000
     0.00005432     0.00470892     0.01510310     0.00000000
     0.00000000     0.00000000     0.00000000     0.00056147
     0.00000000     0.00000000     0.00000000     0.00001874
     0.03795348     0.03701838     0.00003714     0.00000000
  2
     0.00000000     0.00000000     0.00000000     0.14428526
     0.00000000     0.00000000     0.00000000     0.15356428
     0.00006072     0.02636102     0.02667249     0.00000000
     0.02730316     0.00006211     0.03199656     0.00000000
     0.02937914     0.03388803     0.00000003     0.00000000
     0.00000000     0.00000000     0.00000000     0.00001626
     0.00000000     0.00000000     0.00000000     0.00047713
     0.00002782     0.01563811     0.02648006     0.00000000
     0.01627719     0.00003075     0.02761738     0.00000000
     0.00000000     0.00000000     0.00000000     0.00998181
     0.01920947     0.02190111     0.00000001     0.00000000
     0.00003083     0.00553965     0.01556925     0.00000000
     0.00645858     0.00003276     0.01420840     0.00000000
     0.00000000     0.00000000     0.00000000     0.00001406
     0.00000000     0.00000000     0.00000000     0.00056630
     0.03713067     0.03788699     0.00000000     0.00000000
  3
     0.00000208     0.12854940     0.00000456     0.00000000
     0.00001995     0.00002029     0.25205521     0.00000000
     0.00000000     0.00000000     0.00000000     0.19737085
     0.00000000     0.00000000     0.00000000     0.00009392
     0.00000000     0.00000000     0.00000000     0.00005080
     0.00310270     0.00000011     0.00005257     0.00000000
     0.00000030     0.00313014     0.00005464     0.00000000
     0.00000000     0.00000000     0.00000000     0.00073520
     0.00000000     0.00000000     0.00000000     0.00000000
     0.00001437     0.00001509     0.02235040     0.00000000
     0.00000000     0.00000000     0.00000000     0.00003990
     0.00000000     0.00000000     0.00000000     0.02154238
     0.00000000     0.00000000     0.00000000     0.00000597
     0.00415783     0.00000000     0.00004939     0.00000000
     0.00000006     0.00419269     0.00005044     0.00000000
     0.00000000     0.00000000     0.00000000     0.00004299
            0.579050 -0.332352  0.000000      4
  1
     0.00000000     0.00000000     0.00000000     0.03561208
     0.00000000     0.00000000     0.00000000     0.23108519
     0.02133756     0.00634674     0.04197299     0.00000000
     0.00659152     0.02054398     0.01531834     0.00000000
     0.04452860     0.01676616     0.00020460     0.00000000
     0.00000000     0.00000000     0.00000000     0.00023155
     0.00000000     0.00000000     0.00000000     0.00017385
     0.01388188     0.00363154     0.03970737     0.00000000
     0.00379144     0.01180593     0.01376991     0.00000000
     0.00000000     0.00000000     0.00000000     0.01500683
     0.02903066     0.01083440     0.00017539     0.00000000
     0.00640491     0.00115064     0.02253903     0.00000000
     0.00136623     0.00423632     0.00734359     0.00000000
     0.00000000     0.00000000     0.00000000     0.00029249
     0.00000000     0.00000000     0.00000000     0.00019393
     0.05629615     0.01873201     0.00002768     0.00000000
  2
     0.00000000     0.00000000     0.00000000     0.10683622
     0.00000000     0.00000000     0.00000000     0.07702838
     0.00711252     0.01904022     0.01399099     0.00000000
     0.01977454     0.00684800     0.04595504     0.00000000
     0.01484286     0.05029850     0.00006820     0.00000000
     0.00000000     0.00000000     0.00000000     0.00007718
     0.00000000     0.00000000     0.00000000     0.00052156
     0.00462730     0.01089460     0.01323579     0.00000000
     0.01137433     0.00393531     0.04130975     0.00000000
     0.00000000     0.00000000     0.00000000     0.00500228
     0.00967689     0.03250319     0.00005846     0.00000000
     0.00213497     0.00345190     0.00751301     0.00000000
     0.00409867     0.00141211     0.02203076     0.00000000
     0.00000000     0.00000000     0.00000000     0.00009750
     0.00000000     0.00000000     0.00000000     0.00058180
     0.01876538     0.05619603     0.00000923     0.00000000
  3
     0.00000000     0.12855471     0.00000000     0.00000000
     0.00003945     0.00000000     0.25205592     0.00000000
     0.00000000     0.00000000     0.00000000     0.19740250
     0.00000000     0.00000000     0.00000000     0.00000000
     0.00000000     0.00000000     0.00000000     0.00010127
     0.00309191     0.00000000     0.00010227     0.00000000
     0.00000000     0.00314246     0.00000000     0.00000000
     0.00000000     0.00000000     0.00000000     0.00073917
     0.00000000     0.00000000     0.00000000     0.00000000
     0.00002841     0.00000000     0.02235494     0.00000000
     0.00000000     0.00000000     0.00000000     0.00007954
     0.00000000     0.00000000     0.00000000     0.02149975
     0.00000000     0.00000000     0.00000000     0.00000000
     0.00414483     0.00000000     0.00009721     0.00000000
     0.00000000     0.00420651     0.00000000     0.00000000
     0.00000000     0.00000000     0.00000000     0.00008571
            0.578331 -0.331634  0.000000      4
  1
     0.00000000     0.00000000     0.00000000     0.10861490
     0.00000000     0.00000000     0.00000000     0.28722935
     0.00802423     0.01955723     0.05156749     0.00000000
     0.02022762     0.00774465     0.00482155     0.00000000
     0.05527271     0.00468195     0.00006712     0.00000000
     0.00000000     0.00000000     0.00000000     0.00005544
     0.00000000     0.00000000     0.00000000     0.00027056
     0.00495835     0.01212633     0.04945944     0.00000000
     0.01260817     0.00425467     0.00374497     0.00000000
     0.00000000     0.00000000     0.00000000     0.01866207
     0.03610114     0.00303714     0.00005894     0.00000000
     0.00228178     0.00462758     0.02834835     0.00000000
     0.00537045     0.00154194     0.00174574     0.00000000
     0.00000000     0.00000000     0.00000000     0.00007397
     0.00000000     0.00000000     0.00000000     0.00034020
     0.06984683     0.00523703     0.00000919     0.00000000
  2
     0.00000000     0.00000000     0.00000000     0.03567184
     0.00000000     0.00000000     0.00000000     0.02088774
     0.01947969     0.00680610     0.00444729     0.00000000
     0.00707861     0.01867739     0.05639794     0.00000000
     0.00414746     0.06232954     0.00021171     0.00000000
     0.00000000     0.00000000     0.00000000     0.00043939
     0.00000000     0.00000000     0.00000000     0.00023094
     0.01241321     0.00352504     0.00356948     0.00000000
     0.00368194     0.01038104     0.05124549     0.00000000
     0.00000000     0.00000000     0.00000000     0.00135395
     0.00269344     0.04021093     0.00017234     0.00000000
     0.00513102     0.00096302     0.00176999     0.00000000
     0.00114244     0.00319974     0.02756577     0.00000000
     0.00000000     0.00000000     0.00000000     0.00050155
     0.00000000     0.00000000     0.00000000     0.00024483
     0.00523733     0.06966835     0.00002796     0.00000000
  3
     0.00000208     0.12854940     0.00000456     0.00000000
     0.00001995     0.00002029     0.25205521     0.00000000
     0.00000000     0.00000000     0.00000000     0.19737085
     0.00000000     0.00000000     0.00000000     0.00009392
     0.00000000     0.00000000     0.00000000     0.00005080
     0.00310270     0.00000011     0.00005257     0.00000000
     0.00000030     0.00313014     0.00005464     0.00000000
     0.00000000     0.00000000     0.00000000     0.00073520
     0.00000000     0.00000000     0.00000000     0.00000000
     0.00001437     0.00001509     0.02235040     0.00000000
     0.00000000     0.00000000     0.00000000     0.00003990
     0.00000000     0.00000000     0.00000000     0.02154238
     0.00000000     0.00000000     0.00000000     0.00000597
     0.00415783     0.00000000     0.00004939     0.00000000
     0.00000006     0.00419269     0.00005044     0.00000000
     0.00000000     0.00000000     0.00000000     0.00004299
            0.577350 -0.331371  0.000000      4
  1
     0.00000000     0.00000000     0.00000000     0.14614891
     0.00000000     0.00000000     0.00000000     0.30812062
     0.00000000     0.02745877     0.05606480     0.00000000
     0.02836236     0.00000000     0.00000000     0.00000000
     0.05946956     0.00000000     0.00000000     0.00000000
     0.00000000     0.00000000     0.00000000     0.00000000
     0.00000000     0.00000000     0.00000000     0.00029547
     0.00000000     0.01680897     0.05311518     0.00000000
     0.01744674     0.00000000     0.00000000     0.00000000
     0.00000000     0.00000000     0.00000000     0.02002301
     0.03888335     0.00000000     0.00000000     0.00000000
     0.00000000     0.00654274     0.03018103     0.00000000
     0.00751374     0.00000000     0.00000000     0.00000000
     0.00000000     0.00000000     0.00000000     0.00000000
     0.00000000     0.00000000     0.00000000     0.00038688
     0.07510730     0.00000000     0.00000000     0.00000000
  2
     0.00000000     0.00000000     0.00000000     0.00000000
     0.00000000     0.00000000     0.00000000     0.00000000
     0.02644177     0.00000000     0.00000000     0.00000000
     0.00000000     0.02533305     0.06116639     0.00000000
     0.00000000     0.06695765     0.00028485     0.00000000
     0.00000000     0.00000000     0.00000000     0.00069295
     0.00000000     0.00000000     0.00000000     0.00000000
     0.01620150     0.00000000     0.00000000     0.00000000
     0.00000000     0.01349796     0.05490077     0.00000000
     0.00000000     0.00000000     0.00000000     0.00000000
     0.00000000     0.04315682     0.00022870     0.00000000
     0.00633124     0.00000000     0.00000000     0.00000000
     0.00000000     0.00387246     0.02925228     0.00000000
     0.00000000     0.00000000     0.00000000     0.00076848
     0.00000000     0.00000000     0.00000000     0.00000000
     0.00000000     0.07488219     0.00003737     0.00000000
  3
     0.00000000     0.12854822     0.00000915     0.00000000
     0.00000000     0.00004104     0.25205451     0.00000000
     0.00000000     0.00000000     0.00000000     0.19752745
     0.00000000     0.00000000     0.00000000     0.00000000
     0.00000000     0.00000000     0.00000000     0.00000000
     0.00311435     0.00000000     0.00000000     0.00000000
     0.00000000     0.00311780     0.00011214     0.00000000
     0.00000000     0.00000000     0.00000000     0.00073123
     0.00000000     0.00000000     0.00000000     0.00000000
     0.00000000     0.00003050     0.02234587     0.00000000
     0.00000000     0.00000000     0.00000000     0.00000000
     0.00000000     0.00000000     0.00000000     0.02159726
     0.00000000     0.00000000     0.00000000     0.00000000
     0.00417124     0.00000000     0.00000000     0.00000000
     0.00000000     0.00417857     0.00010244     0.00000000
     0.00000000     0.00000000     0.00000000     0.00000000
            0.576369 -0.331634  0.000000      4
  1
     0.00000000     0.00000000     0.00000000     0.10861491
     0.00000000     0.00000000     0.00000000     0.28722935
     0.00802422     0.01955723     0.05156749     0.00000000
     0.02022762     0.00774465     0.00482155     0.00000000
     0.05527271     0.00468194     0.00006712     0.00000000
     0.00000000     0.00000000     0.00000000     0.00005544
     0.00000000     0.00000000     0.00000000     0.00027056
     0.00495835     0.01212633     0.04945944     0.00000000
     0.01260817     0.00425467     0.00374497     0.00000000
     0.00000000     0.00000000     0.00000000     0.01866207
     0.03610114     0.00303714     0.00005894     0.00000000
     0.00228178     0.00462758     0.02834835     0.00000000
     0.00537045     0.00154194     0.00174574     0.00000000
     0.00000000     0.00000000     0.00000000     0.00007397
     0.00000000     0.00000000     0.00000000     0.00034020
     0.06984682     0.00523703     0.00000919     0.00000000
  2
     0.00000000     0.00000000     0.00000000     0.03567183
     0.00000000     0.00000000     0.00000000     0.02088774
     0.01947969     0.00680610     0.00444729     0.00000000
     0.00707860     0.01867739     0.05639794     0.00000000
     0.00414746     0.06232955     0.00021171     0.00000000
     0.00000000     0.00000000     0.00000000     0.00043939
     0.00000000     0.00000000     0.00000000     0.00023094
     0.01241321     0.00352504     0.00356948     0.00000000
     0.00368193     0.01038104     0.05124549     0.00000000
     0.00000000     0.00000000     0.00000000     0.00135395
     0.00269344     0.04021093     0.00017234     0.00000000
     0.00513102     0.00096302     0.00176999     0.00000000
     0.00114244     0.00319974     0.02756577     0.00000000
     0.00000000     0.00000000     0.00000000     0.00050155
     0.00000000     0.00000000     0.00000000     0.00024483
     0.00523732     0.06966833     0.00002796     0.00000000
  3
     0.00000208     0.12854940     0.00000456     0.00000000
     0.00001995     0.00002029     0.25205521     0.00000000
     0.00000000     0.00000000     0.00000000     0.19737085
     0.00000000     0.00000000     0.00000000     0.00009392
     0.00000000     0.00000000     0.00000000     0.00005080
     0.00310270     0.00000011     0.00005257     0.00000000
     0.00000030     0.00313014     0.00005464     0.00000000
     0.00000000     0.00000000     0.00000000     0.00073520
     0.00000000     0.00000000     0.00000000     0.00000000
     0.00001437     0.00001509     0.02235040     0.00000000
     0.00000000     0.00000000     0.00000000     0.00003990
     0.00000000     0.00000000     0.00000000     0.02154238
     0.00000000     0.00000000     0.00000000     0.00000596
     0.00415783     0.00000000     0.00004939     0.00000000
     0.00000006     0.00419269     0.00005044     0.00000000
     0.00000000     0.00000000     0.00000000     0.00004299
            0.575651 -0.332352  0.000000      4
  1
     0.00000000     0.00000000     0.00000000     0.03561209
     0.00000000     0.00000000     0.00000000     0.23108519
     0.02133755     0.00634675     0.04197299     0.00000000
     0.00659152     0.02054398     0.01531834     0.00000000
     0.04452860     0.01676616     0.00020460     0.00000000
     0.00000000     0.00000000     0.00000000     0.00023155
     0.00000000     0.00000000     0.00000000     0.00017385
     0.01388188     0.00363154     0.03970737     0.00000000
     0.00379144     0.01180593     0.01376991     0.00000000
     0.00000000     0.00000000     0.00000000     0.01500683
     0.02903066     0.01083439     0.00017539     0.00000000
     0.00640491     0.00115064     0.02253903     0.00000000
     0.00136623     0.00423632     0.00734359     0.00000000
     0.00000000     0.00000000     0.00000000     0.00029249
     0.00000000     0.00000000     0.00000000     0.00019393
     0.05629617     0.01873201     0.00002768     0.00000000
  2
     0.00000000     0.00000000     0.00000000     0.10683622
     0.00000000     0.00000000     0.00000000     0.07702838
     0.00711252     0.01904022     0.01399099     0.00000000
     0.01977454     0.00684800     0.04595504     0.00000000
     0.01484286     0.05029850     0.00006820     0.00000000
     0.00000000     0.00000000     0.00000000     0.00007718
     0.00000000     0.00000000     0.00000000     0.00052156
     0.00462730     0.01089460     0.01323579     0.00000000
     0.01137433     0.00393531     0.04130974     0.00000000
     0.00000000     0.00000000     0.00000000     0.00500228
     0.00967688     0.03250319     0.00005846     0.00000000
     0.00213497     0.00345190     0.00751301     0.00000000
     0.00409867     0.00141211     0.02203076     0.00000000
     0.00000000     0.00000000     0.00000000     0.00009750
     0.00000000     0.00000000     0.00000000     0.00058180
     0.01876539     0.05619603     0.00000923     0.00000000
  3
     0.00000000     0.12855471     0.00000000     0.00000000
     0.00003945     0.00000000     0.25205592     0.00000000
     0.00000000     0.00000000     0.00000000     0.19740250
     0.00000000     0.00000000     0.00000000     0.00000000
     0.00000000     0.00000000     0.00000000     0.00010127
     0.00309191     0.00000000     0.00010227     0.00000000
     0.00000000     0.00314246     0.00000000     0.00000000
     0.00000000     0.00000000     0.00000000     0.00073917
     0.00000000     0.00000000     0.00000000     0.00000000
     0.00002841     0.00000000     0.02235494     0.00000000
     0.00000000     0.00000000     0.00000000     0.00007954
     0.00000000     0.00000000     0.00000000     0.02149975
     0.00000000     0.00000000     0.00000000     0.00000000
     0.00414483     0.00000000     0.00009721     0.00000000
     0.00000000     0.00420651     0.00000000     0.00000000
     0.00000000     0.00000000     0.00000000     0.00008571
            0.575388 -0.333333  0.000000      4
  1
     0.00000000     0.00000000     0.00000000     0.00000148
     0.00000000     0.00000000     0.00000000     0.15455281
     0.02744320     0.00000232     0.02934229     0.00000000
     0.00000306     0.02635993     0.02922293     0.00000000
     0.03004103     0.03312346     0.00027879     0.00000000
     0.00000000     0.00000000     0.00000000     0.00047857
     0.00000000     0.00000000     0.00000000     0.00002437
     0.01734374     0.00001326     0.02654886     0.00000000
     0.00001291     0.01460496     0.02737308     0.00000000
     0.00000000     0.00000000     0.00000000     0.01003422
     0.01958511     0.02134697     0.00023127     0.00000000
     0.00738196     0.00005095     0.01454909     0.00000000
     0.00005432     0.00470892     0.01510310     0.00000000
     0.00000000     0.00000000     0.00000000     0.00056147
     0.00000000     0.00000000     0.00000000     0.00001874
     0.03795347     0.03701840     0.00003714     0.00000000
  2
     0.00000000     0.00000000     0.00000000     0.14428526
     0.00000000     0.00000000     0.00000000     0.15356428
     0.00006072     0.02636102     0.02667249     0.00000000
     0.02730316     0.00006211     0.03199656     0.00000000
     0.02937914     0.03388803     0.00000003     0.00000000
     0.00000000     0.00000000     0.00000000     0.00001626
     0.00000000     0.00000000     0.00000000     0.00047713
     0.00002782     0.01563811     0.02648006     0.00000000
     0.01627719     0.00003075     0.02761738     0.00000000
     0.00000000     0.00000000     0.00000000     0.00998181
     0.01920947     0.02190111     0.00000001     0.00000000
     0.00003083     0.00553965     0.01556925     0.00000000
     0.00645858     0.00003276     0.01420840     0.00000000
     0.00000000     0.00000000     0.00000000     0.00001406
     0.00000000     0.00000000     0.00000000     0.00056630
     0.03713069     0.03788697     0.00000000     0.00000000
  3
     0.00000208     0.12854940     0.00000456     0.00000000
     0.00001995     0.00002029     0.25205521     0.00000000
     0.00000000     0.00000000     0.00000000     0.19737085
     0.00000000     0.00000000     0.00000000     0.00009392
     0.00000000     0.00000000     0.00000000     0.00005080
     0.00310270     0.00000011     0.00005257     0.00000000
     0.00000030     0.00313014     0.00005464     0.00000000
     0.00000000     0.00000000     0.00000000     0.00073520
     0.00000000     0.00000000     0.00000000     0.00000000
     0.00001437     0.00001509     0.02235040     0.00000000
     0.00000000     0.00000000     0.00000000     0.00003990
     0.00000000     0.00000000     0.00000000     0.02154238
     0.00000000     0.00000000     0.00000000     0.00000597
     0.00415783     0.00000000     0.00004939     0.00000000
     0.00000006     0.00419269     0.00005044     0.00000000
     0.00000000     0.00000000     0.00000000     0.00004299
            0.575651 -0.334314  0.000000      4
  1
     0.00000000     0.00000000     0.00000000     0.03653722
     0.00000000     0.00000000     0.00000000     0.07703016
     0.01983133     0.00686469     0.01401620     0.00000000
     0.00709059     0.01899979     0.04587479     0.00000000
     0.01486739     0.05021824     0.00021363     0.00000000
     0.00000000     0.00000000     0.00000000     0.00051971
     0.00000000     0.00000000     0.00000000     0.00007387
     0.01215113     0.00420224     0.01327880     0.00000000
     0.00436168     0.01012347     0.04117558     0.00000000
     0.00000000     0.00000000     0.00000000     0.00500575
     0.00972084     0.03236761     0.00017153     0.00000000
     0.00474843     0.00163568     0.00754526     0.00000000
     0.00187843     0.00290435     0.02193921     0.00000000
     0.00000000     0.00000000     0.00000000     0.00057636
     0.00000000     0.00000000     0.00000000     0.00009672
     0.01877682     0.05616163     0.00002803     0.00000000
  2
     0.00000000     0.00000000     0.00000000     0.10961169
     0.00000000     0.00000000     0.00000000     0.23109046
     0.00661044     0.02059408     0.04204859     0.00000000
     0.02127177     0.00633326     0.01529160     0.00000000
     0.04460216     0.01673941     0.00007121     0.00000000
     0.00000000     0.00000000     0.00000000     0.00017324
     0.00000000     0.00000000     0.00000000     0.00022161
     0.00405038     0.01260673     0.03983638     0.00000000
     0.01308505     0.00337449     0.01372520     0.00000000
     0.00000000     0.00000000     0.00000000     0.01501726
     0.02916251     0.01078920     0.00005718     0.00000000
     0.00158281     0.00490706     0.02263577     0.00000000
     0.00563530     0.00096812     0.00731307     0.00000000
     0.00000000     0.00000000     0.00000000     0.00019212
     0.00000000     0.00000000     0.00000000     0.00029016
     0.05633046     0.01872055     0.00000934     0.00000000
  3
     0.00000000     0.12854822     0.00000915     0.00000000
     0.00000000     0.00004104     0.25205451     0.00000000
     0.00000000     0.00000000     0.00000000     0.19752745
     0.00000000     0.00000000     0.00000000     0.00000000
     0.00000000     0.00000000     0.00000000     0.00000000
     0.00311435     0.00000000     0.00000000     0.00000000
     0.00000000     0.00311780     0.00011214     0.00000000
     0.00000000     0.00000000     0.00000000     0.00073123
     0.00000000     0.00000000     0.00000000     0.00000000
     0.00000000     0.00003050     0.02234587     0.00000000
     0.00000000     0.00000000     0.00000000     0.00000000
     0.00000000     0.00000000     0.00000000     0.02159726
     0.00000000     0.00000000     0.00000000     0.00000000
     0.00417124     0.00000000     0.00000000     0.00000000
     0.00000000     0.00417857     0.00010244     0.00000000
     0.00000000     0.00000000     0.00000000     0.00000000
            0.576369 -0.335033  0.000000      4
  1
     0.00000000     0.00000000     0.00000000     0.10781372
     0.00000000     0.00000000     0.00000000     0.02039349
     0.00578845     0.01998545     0.00311240     0.00000000
     0.02072865     0.00552847     0.05778475     0.00000000
     0.00381652     0.06271182     0.00007233     0.00000000
     0.00000000     0.00000000     0.00000000     0.00020823
     0.00000000     0.00000000     0.00000000     0.00045732
     0.00375525     0.01133746     0.00353508     0.00000000
     0.01181408     0.00309393     0.05136764     0.00000000
     0.00000000     0.00000000     0.00000000     0.00132775
     0.00250562     0.04048800     0.00005670     0.00000000
     0.00145545     0.00370737     0.00228007     0.00000000
     0.00434458     0.00086166     0.02711842     0.00000000
     0.00000000     0.00000000     0.00000000     0.00022785
     0.00000000     0.00000000     0.00000000     0.00051861
     0.00482594     0.07010262     0.00000939     0.00000000
  2
     0.00000000     0.00000000     0.00000000     0.03647302
     0.00000000     0.00000000     0.00000000     0.28772360
     0.02171547     0.00637788     0.05290239     0.00000000
     0.00657757     0.02089357     0.00343474     0.00000000
     0.05560365     0.00429967     0.00020650     0.00000000
     0.00000000     0.00000000     0.00000000     0.00028660
     0.00000000     0.00000000     0.00000000     0.00004418
     0.01361631     0.00431391     0.04949384     0.00000000
     0.00447603     0.01154178     0.00362282     0.00000000
     0.00000000     0.00000000     0.00000000     0.01868828
     0.03628896     0.00276007     0.00017457     0.00000000
     0.00595734     0.00188324     0.02783827     0.00000000
     0.00216832     0.00388002     0.00219309     0.00000000
     0.00000000     0.00000000     0.00000000     0.00034768
     0.00000000     0.00000000     0.00000000     0.00006642
     0.07025820     0.00480275     0.00002776     0.00000000
  3
     0.00000208     0.12854940     0.00000456     0.00000000
     0.00001995     0.00002029     0.25205521     0.00000000
     0.00000000     0.00000000     0.00000000     0.19737085
     0.00000000     0.00000000     0.00000000     0.00009392
     0.00000000     0.00000000     0.00000000     0.00005080
     0.00310270     0.00000011     0.00005257     0.00000000
     0.00000030     0.00313014     0.00005464     0.00000000
     0.00000000     0.00000000     0.00000000     0.00073520
     0.00000000     0.00000000     0.00000000     0.00000000
     0.00001437     0.00001509     0.02235040     0.00000000
     0.00000000     0.00000000     0.00000000     0.00003990
     0.00000000     0.00000000     0.00000000     0.02154238
     0.00000000     0.00000000     0.00000000     0.00000597
     0.00415783     0.00000000     0.00004939     0.00000000
     0.00000006     0.00419269     0.00005044     0.00000000
     0.00000000     0.00000000     0.00000000     0.00004299
            0.577350 -0.335296  0.000000      4
  1
     0.00000000     0.00000000     0.00000000     0.14244830
     0.00000000     0.00000000     0.00000000     0.00000000
     0.00000000     0.02538697     0.00000000     0.00000000
     0.02636606     0.00000000     0.06127339     0.00000000
     0.00000000     0.06706466     0.00000000     0.00000000
     0.00000000     0.00000000     0.00000000     0.00000000
     0.00000000     0.00000000     0.00000000     0.00069542
     0.00000000     0.01452614     0.00000000     0.00000000
     0.01516577     0.00000000     0.05507966     0.00000000
     0.00000000     0.00000000     0.00000000     0.00000000
     0.00000000     0.04333759     0.00000000     0.00000000
     0.00000000     0.00460254     0.00000000     0.00000000
     0.00546490     0.00000000     0.02937434     0.00000000
     0.00000000     0.00000000     0.00000000     0.00000000
     0.00000000     0.00000000     0.00000000     0.00077573
     0.00000000     0.07492804     0.00000000     0.00000000
  2
     0.00000000     0.00000000     0.00000000     0.00000000
     0.00000000     0.00000000     0.00000000     0.30811357
     0.02845008     0.00000000     0.05596399     0.00000000
     0.00000000     0.02739198     0.00000000     0.00000000
     0.05937146     0.00000000     0.00027280     0.00000000
     0.00000000     0.00000000     0.00000000     0.00030874
     0.00000000     0.00000000     0.00000000     0.00000000
     0.01850918     0.00000000     0.05294315     0.00000000
     0.00000000     0.01574125     0.00000000     0.00000000
     0.00000000     0.00000000     0.00000000     0.02000911
     0.03870755     0.00000000     0.00023385     0.00000000
     0.00853988     0.00000000     0.03005204     0.00000000
     0.00000000     0.00564843     0.00000000     0.00000000
     0.00000000     0.00000000     0.00000000     0.00038999
     0.00000000     0.00000000     0.00000000     0.00000000
     0.07506155     0.00000000     0.00003691     0.00000000
  3
     0.00000000     0.12855471     0.00000000     0.00000000
     0.00003945     0.00000000     0.25205592     0.00000000
     0.00000000     0.00000000     0.00000000     0.19740250
     0.00000000     0.00000000     0.00000000     0.00000000
     0.00000000     0.00000000     0.00000000     0.00010127
     0.00309191     0.00000000     0.00010227     0.00000000
     0.00000000     0.00314246     0.00000000     0.00000000
     0.00000000     0.00000000     0.00000000     0.00073917
     0.00000000     0.00000000     0.00000000     0.00000000
     0.00002841     0.00000000     0.02235494     0.00000000
     0.00000000     0.00000000     0.00000000     0.00007954
     0.00000000     0.00000000     0.00000000     0.02149975
     0.00000000     0.00000000     0.00000000     0.00000000
     0.00414483     0.00000000     0.00009721     0.00000000
     0.00000000     0.00420651     0.00000000     0.00000000
     0.00000000     0.00000000     0.00000000     0.00008571
            0.578331 -0.335033  0.000000      4
  1
     0.00000000     0.00000000     0.00000000     0.10781372
     0.00000000     0.00000000     0.00000000     0.02039350
     0.00578845     0.01998545     0.00311240     0.00000000
     0.02072865     0.00552848     0.05778475     0.00000000
     0.00381653     0.06271182     0.00007233     0.00000000
     0.00000000     0.00000000     0.00000000     0.00020823
     0.00000000     0.00000000     0.00000000     0.00045732
     0.00375525     0.01133746     0.00353508     0.00000000
     0.01181408     0.00309394     0.05136764     0.00000000
     0.00000000     0.00000000     0.00000000     0.00132775
     0.00250562     0.04048800     0.00005670     0.00000000
     0.00145545     0.00370737     0.00228007     0.00000000
     0.00434458     0.00086166     0.02711842     0.00000000
     0.00000000     0.00000000     0.00000000     0.00022785
     0.00000000     0.00000000     0.00000000     0.00051861
     0.00482595     0.07010261     0.00000939     0.00000000
  2
     0.00000000     0.00000000     0.00000000     0.03647302
     0.00000000     0.00000000     0.00000000     0.28772360
     0.02171546     0.00637788     0.05290239     0.00000000
     0.00657757     0.02089357     0.00343474     0.00000000
     0.05560364     0.00429967     0.00020650     0.00000000
     0.00000000     0.00000000     0.00000000     0.00028660
     0.00000000     0.00000000     0.00000000     0.00004418
     0.01361631     0.00431391     0.04949384     0.00000000
     0.00447603     0.01154178     0.00362282     0.00000000
     0.00000000     0.00000000     0.00000000     0.01868828
     0.03628896     0.00276008     0.00017457     0.00000000
     0.00595734     0.00188324     0.02783827     0.00000000
     0.00216832     0.00388002     0.00219309     0.00000000
     0.00000000     0.00000000     0.00000000     0.00034768
     0.00000000     0.00000000     0.00000000     0.00006642
     0.07025819     0.00480275     0.00002776     0.00000000
  3
     0.00000208     0.12854940     0.00000456     0.00000000
     0.00001995     0.00002029     0.25205521     0.00000000
     0.00000000     0.00000000     0.00000000     0.19737085
     0.00000000     0.00000000     0.00000000     0.00009392
     0.00000000     0.00000000     0.00000000     0.00005080
     0.00310270     0.00000011     0.00005257     0.00000000
     0.00000030     0.00313014     0.00005464     0.00000000
     0.00000000     0.00000000     0.00000000     0.00073520
     0.00000000     0.00000000     0.00000000     0.00000000
     0.00001437     0.00001509     0.02235040     0.00000000
     0.00000000     0.00000000     0.00000000     0.00003990
     0.00000000     0.00000000     0.00000000     0.02154238
     0.00000000     0.00000000     0.00000000     0.00000596
     0.00415783     0.00000000     0.00004939     0.00000000
     0.00000006     0.00419269     0.00005044     0.00000000
     0.00000000     0.00000000     0.00000000     0.00004299
            0.579050 -0.334314  0.000000      4
  1
     0.00000000     0.00000000     0.00000000     0.03653722
     0.00000000     0.00000000     0.00000000     0.07703017
     0.01983133     0.00686469     0.01401620     0.00000000
     0.00709059     0.01899979     0.04587479     0.00000000
     0.01486739     0.05021823     0.00021363     0.00000000
     0.00000000     0.00000000     0.00000000     0.00051971
     0.00000000     0.00000000     0.00000000     0.00007387
     0.01215113     0.00420224     0.01327880     0.00000000
     0.00436168     0.01012347     0.04117558     0.00000000
     0.00000000     0.00000000     0.00000000     0.00500575
     0.00972084     0.03236761     0.00017153     0.00000000
     0.00474843     0.00163568     0.00754526     0.00000000
     0.00187843     0.00290435     0.02193921     0.00000000
     0.00000000     0.00000000     0.00000000     0.00057636
     0.00000000     0.00000000     0.00000000     0.00009672
     0.01877683     0.05616163     0.00002803     0.00000000
  2
     0.00000000     0.00000000     0.00000000     0.10961169
     0.00000000     0.00000000     0.00000000     0.23109046
     0.00661044     0.02059408     0.04204859     0.00000000
     0.02127177     0.00633326     0.01529160     0.00000000
     0.04460216     0.01673942     0.00007121     0.00000000
     0.00000000     0.00000000     0.00000000     0.00017324
     0.00000000     0.00000000     0.00000000     0.00022161
     0.00405037     0.01260673     0.03983638     0.00000000
     0.01308505     0.00337449     0.01372519     0.00000000
     0.00000000     0.00000000     0.00000000     0.01501726
     0.02916251     0.01078921     0.00005718     0.00000000
     0.00158281     0.00490706     0.02263577     0.00000000
     0.00563530     0.00096811     0.00731307     0.00000000
     0.00000000     0.00000000     0.00000000     0.00019212
     0.00000000     0.00000000     0.00000000     0.00029016
     0.05633047     0.01872055     0.00000934     0.00000000
  3
     0.00000000     0.12854822     0.00000915     0.00000000
     0.00000000     0.00004104     0.25205451     0.00000000
     0.00000000     0.00000000     0.00000000     0.19752745
     0.00000000     0.00000000     0.00000000     0.00000000
     0.00000000     0.00000000     0.00000000     0.00000000
     0.00311435     0.00000000     0.00000000     0.00000000
     0.00000000     0.00311780     0.00011214     0.00000000
     0.00000000     0.00000000     0.00000000     0.00073123
     0.00000000     0.00000000     0.00000000     0.00000000
     0.00000000     0.00003050     0.02234587     0.00000000
     0.00000000     0.00000000     0.00000000     0.00000000
     0.00000000     0.00000000     0.00000000     0.02159726
     0.00000000     0.00000000     0.00000000     0.00000000
     0.00417124     0.00000000     0.00000000     0.00000000
     0.00000000     0.00417857     0.00010244     0.00000000
     0.00000000     0.00000000     0.00000000     0.00000000
